text,true_labels,predicted_labels,max_confidence,source_name,technique_id,technique_name
"[Embargo](https://attack.mitre.org/software/S1247) has modified and deleted Registry keys to add services, and to disable Security Solutions such as Windows Defender.(Citation: ESET Embargo Ransomware October 2024)",defense-impairment|persistence,defense-impairment|impact|persistence,0.9999724370554209,Embargo,T1112,Modify Registry
"[Pupy](https://attack.mitre.org/software/S0192) can send screenshots files, keylogger data, files, and recorded audio back to the C2 server.(Citation: GitHub Pupy)",exfiltration,collection|exfiltration,0.9999611511222531,Pupy,T1041,Exfiltration Over C2 Channel
[Qilin](https://attack.mitre.org/software/S1242) has been delivered to victims through spearphishing emails with malicious attachments.(Citation: SentinelOne Qilin NOV 2022),execution,initial-access,0.9999392920968985,Qilin,T1204.002,Malicious File
[APT19](https://attack.mitre.org/groups/G0073) configured its payload to inject into the rundll32.exe.(Citation: FireEye APT19),stealth,privilege-escalation|stealth,0.9998525825612555,APT19,T1218.011,Rundll32
[Akira](https://attack.mitre.org/groups/G1024) uses compromised VPN accounts for initial access to victim networks.(Citation: Secureworks GOLD SAHARA),initial-access|persistence,initial-access|persistence|privilege-escalation|resource-development|stealth,0.9997376138039061,Akira,T1133,External Remote Services
[DarkTortilla](https://attack.mitre.org/software/S1066) has modified registry keys for persistence.(Citation: Secureworks DarkTortilla Aug 2022),defense-impairment|persistence,defense-impairment|persistence|privilege-escalation,0.9997260817439693,DarkTortilla,T1112,Modify Registry
[Crutch](https://attack.mitre.org/software/S0538) can exfiltrate data over the primary C2 channel (Dropbox HTTP API).(Citation: ESET Crutch December 2020),exfiltration,command-and-control|exfiltration,0.9996667720378928,Crutch,T1041,Exfiltration Over C2 Channel
[FIN13](https://attack.mitre.org/groups/G1016) has leveraged SMB to move laterally within a compromised network via application servers and SQL servers.(Citation: Sygnia Elephant Beetle Jan 2022),lateral-movement,initial-access|lateral-movement,0.9995235753873613,FIN13,T1021.002,SMB/Windows Admin Shares
[Kazuar](https://attack.mitre.org/software/S0265) stages command output and collected data in files before exfiltration.(Citation: Unit 42 Kazuar May 2017),collection,collection|exfiltration,0.99952011310694,Kazuar,T1074.001,Local Data Staging
[Lizar](https://attack.mitre.org/software/S0681) has used the Reflective DLL injection module from Github to inject itself into a process’s memory.(Citation: SekoiaBourhis_DiceLoader_Feb2024),stealth,privilege-escalation|stealth,0.9995057480176934,Lizar,T1620,Reflective Code Loading
Lateral movement can be done with [Net](https://attack.mitre.org/software/S0039) through net use commands to connect to the on remote systems.(Citation: Savill 1999),lateral-movement,command-and-control|lateral-movement,0.9994726795178138,Net,T1021.002,SMB/Windows Admin Shares
[LockBit 2.0](https://attack.mitre.org/software/S1199) can create Registry keys to bypass UAC and for persistence.(Citation: FBI Lockbit 2.0 FEB 2022),defense-impairment|persistence,defense-impairment|persistence|privilege-escalation,0.9993704750283354,LockBit 2.0,T1112,Modify Registry
[Lokibot](https://attack.mitre.org/software/S0447) has used PowerShell commands embedded inside batch scripts.(Citation: Talos Lokibot Jan 2021),execution,execution|stealth,0.9992353538203551,Lokibot,T1059.001,PowerShell
[KGH_SPY](https://attack.mitre.org/software/S0526) can exfiltrate collected information from the host to the C2 server.(Citation: Cybereason Kimsuky November 2020),exfiltration,collection|exfiltration,0.9992306515739154,KGH_SPY,T1041,Exfiltration Over C2 Channel
[LAPSUS$](https://attack.mitre.org/groups/G1004) has accessed local password managers and databases to obtain further credentials from a compromised network.(Citation: NCC Group LAPSUS Apr 2022),credential-access,collection|credential-access,0.9992095329728639,LAPSUS$,T1555.005,Password Managers
[FIN6](https://attack.mitre.org/groups/G0037) has extracted password hashes from ntds.dit to crack offline.(Citation: FireEye FIN6 April 2016),credential-access,collection|credential-access,0.9991234435806509,FIN6,T1110.002,Password Cracking
[APT38](https://attack.mitre.org/groups/G0082) has used web shells for persistence or to ensure redundant access.(Citation: CISA AA20-239A BeagleBoyz August 2020),persistence,persistence|privilege-escalation,0.9990962052702113,APT38,T1505.003,Web Shell
[RogueRobin](https://attack.mitre.org/software/S0270) created a shortcut in the Windows startup folder to launch a PowerShell script each time the user logs in to establish persistence.(Citation: Unit 42 DarkHydrus July 2018),persistence|privilege-escalation,execution|persistence|privilege-escalation,0.999024552220821,RogueRobin,T1547.001,Registry Run Keys / Startup Folder
[FIN13](https://attack.mitre.org/groups/G1016) has remotely accessed compromised environments via Remote Desktop Services (RDS) for lateral movement.(Citation: Mandiant FIN13 Aug 2022),lateral-movement,initial-access|lateral-movement|persistence,0.9989439954671975,FIN13,T1021.001,Remote Desktop Protocol
"[SMOKEDHAM](https://attack.mitre.org/software/S0649) has modified registry keys for persistence, to enable credential caching for credential access, and to facilitate lateral movement via RDP.(Citation: FireEye SMOKEDHAM June 2021)",defense-impairment|persistence,credential-access|defense-impairment|persistence|privilege-escalation,0.9989394785303166,SMOKEDHAM,T1112,Modify Registry
"During [C0015](https://attack.mitre.org/campaigns/C0015), the threat actors exfiltrated files and sensitive data to the MEGA cloud storage site using the [Rclone](https://attack.mitre.org/software/S1040) command `rclone.exe copy --max-age 2y ""\\SERVER\Shares"" Mega:DATA -q --ignore-existing --auto-confirm --multi-thread-streams 7 --transfers 7 --bwlimit 10M`.(Citation: DFIR Conti Bazar Nov 2021)",exfiltration,collection|exfiltration,0.9988891719948396,C0015,T1567.002,Exfiltration to Cloud Storage
[Indrik Spider](https://attack.mitre.org/groups/G0119) has used valid accounts for initial access and lateral movement.(Citation: Mandiant_UNC2165) [Indrik Spider](https://attack.mitre.org/groups/G0119) has also maintained access to the victim environment through the VPN infrastructure.(Citation: Mandiant_UNC2165),initial-access|persistence|privilege-escalation|stealth,initial-access|lateral-movement|persistence|privilege-escalation|stealth,0.998869206358594,Indrik Spider,T1078,Valid Accounts
"[StrelaStealer](https://attack.mitre.org/software/S1183) has sideloaded a DLL payload using a renamed, legitimate `msinfo32.exe` executable.(Citation: DCSO StrelaStealer 2022)",execution|stealth,stealth,0.9988645173976407,StrelaStealer,T1574.001,DLL
[KOPILUWAK](https://attack.mitre.org/software/S1075) has used HTTP POST requests to send data to C2.(Citation: Mandiant Suspected Turla Campaign February 2023),command-and-control,command-and-control|exfiltration,0.9987677798945529,KOPILUWAK,T1071.001,Web Protocols
[ShimRat](https://attack.mitre.org/software/S0444) has installed a Windows service to maintain persistence on victim machines.(Citation: FOX-IT May 2016 Mofang),persistence|privilege-escalation,execution|persistence|privilege-escalation,0.9986693945047895,ShimRat,T1543.003,Windows Service
[Hi-Zor](https://attack.mitre.org/software/S0087) has the ability to upload and download files from its C2 server.(Citation: Fidelis INOCNATION),command-and-control,command-and-control|exfiltration,0.9986600812520043,Hi-Zor,T1105,Ingress Tool Transfer
[TrickBot](https://attack.mitre.org/software/S0266) used COM to setup scheduled task for persistence.(Citation: ESET Trickbot Oct 2020),execution,execution|persistence|privilege-escalation,0.9986260926947924,TrickBot,T1559.001,Component Object Model
[NPPSPY](https://attack.mitre.org/software/S1131) records data entered from the local system logon at Winlogon to capture credentials in cleartext.(Citation: Huntress NPPSPY 2022),collection,collection|credential-access,0.9985515080044117,NPPSPY,T1005,Data from Local System
[Daggerfly](https://attack.mitre.org/groups/G1034) has used strategic website compromise for initial access against victims.(Citation: ESET EvasivePanda 2024),initial-access,initial-access|resource-development,0.9985139258520374,Daggerfly,T1189,Drive-by Compromise
[Crutch](https://attack.mitre.org/software/S0538) has established persistence with a scheduled task impersonating the Outlook item finder.(Citation: ESET Crutch December 2020),stealth,execution|persistence|privilege-escalation,0.9985137962778249,Crutch,T1036.004,Masquerade Task or Service
[MgBot](https://attack.mitre.org/software/S1146) includes modules for dumping and capturing credentials from process memory.(Citation: Symantec Daggerfly 2023),credential-access,collection|credential-access,0.998439060038158,MgBot,T1003,OS Credential Dumping
[AshTag](https://attack.mitre.org/software/S9031) can use HTTP to send and receive data from C2.(Citation: Palo Alto Ashen Lepus DEC 2025),command-and-control,command-and-control|exfiltration,0.9983459626782519,AshTag,T1071.001,Web Protocols
"[Qilin](https://attack.mitre.org/software/S1242) can inject pwndll.dll, a patched DLL from the legitimate DLL WICloader.dll, into svchost.exe for continuous execution.(Citation: Trend Micro Agenda Ransomware AUG 2022)",privilege-escalation|stealth,execution|privilege-escalation|stealth,0.9982358430556858,Qilin,T1055.001,Dynamic-link Library Injection
[FIN13](https://attack.mitre.org/groups/G1016) has used the PowerShell utility `Invoke-SMBExec` to execute the pass the hash method for lateral movement within an compromised environment.(Citation: Mandiant FIN13 Aug 2022),lateral-movement,execution|lateral-movement,0.998132376640664,FIN13,T1550.002,Pass the Hash
[APT38](https://attack.mitre.org/groups/G0082) has unhooked DLLs to disable endpoint detection and response (EDR) or anti-virus (AV) tools.(Citation: 1 - appv),defense-impairment,defense-impairment|stealth,0.9980727843624907,APT38,T1685,Disable or Modify Tools
[Pupy](https://attack.mitre.org/software/S0192) has a module for loading and executing PowerShell scripts.(Citation: GitHub Pupy),execution,execution|stealth,0.9979109009209245,Pupy,T1059.001,PowerShell
[LazyWiper](https://attack.mitre.org/software/S9039) can enumerate the hostname of the system to determine if it is a domain controller and exclude it from being wiped if so.(Citation: CERT Polska),stealth,discovery,0.9978034142416589,LazyWiper,T1679,Selective Exclusion
[LAPSUS$](https://attack.mitre.org/groups/G1004) has created global admin accounts in the targeted organization's cloud instances to gain persistence.(Citation: MSTIC DEV-0537 Mar 2022),persistence,initial-access|persistence|privilege-escalation|stealth,0.9977158174344389,LAPSUS$,T1136.003,Cloud Account
[Lokibot](https://attack.mitre.org/software/S0447) has modified the Registry as part of its UAC bypass process.(Citation: Talos Lokibot Jan 2021),defense-impairment|persistence,defense-impairment|persistence|privilege-escalation,0.9975176513028408,Lokibot,T1112,Modify Registry
[Empire](https://attack.mitre.org/software/S0363) can modify the registry run keys HKEY_CURRENT_USER\Software\Microsoft\Windows\CurrentVersion\Run and HKEY_LOCAL_MACHINE\Software\Microsoft\Windows\CurrentVersion\Run for persistence.(Citation: Github PowerShell Empire),persistence|privilege-escalation,defense-impairment|persistence|privilege-escalation,0.99743284250853,Empire,T1547.001,Registry Run Keys / Startup Folder
"[Dridex](https://attack.mitre.org/software/S0384) can perform browser attacks via web injects to steal information such as credentials, certificates, and cookies.(Citation: Dell Dridex Oct 2015)",collection,credential-access,0.9971853006674216,Dridex,T1185,Browser Session Hijacking
[MirrorFace](https://attack.mitre.org/groups/G1054) has used a tool named MRSAStealer as a password filter to collect credentials on password changes.(Citation: ESET MirrorFace DEC 2022),credential-access|defense-impairment|persistence,collection|credential-access,0.9969492680543637,MirrorFace,T1556.002,Password Filter DLL
[TEARDROP](https://attack.mitre.org/software/S0560) modified the Registry to create a Windows service for itself on a compromised host.(Citation: Check Point Sunburst Teardrop December 2020),defense-impairment|persistence,defense-impairment|persistence|privilege-escalation,0.9969462779850099,TEARDROP,T1112,Modify Registry
[FIN6](https://attack.mitre.org/groups/G0037) has targeted victims with e-mails containing malicious attachments.(Citation: Visa FIN6 Feb 2019),initial-access,initial-access|reconnaissance,0.9968333662573892,FIN6,T1566.001,Spearphishing Attachment
[Dtrack](https://attack.mitre.org/software/S0567) can remove its persistence and delete itself.(Citation: Securelist Dtrack),stealth,persistence|stealth,0.996696903265602,Dtrack,T1070.004,File Deletion
[WastedLocker](https://attack.mitre.org/software/S0612) can modify registry values within the Software\Microsoft\Windows\CurrentVersion\Internet Settings\ZoneMap registry key.(Citation: NCC Group WastedLocker June 2020),defense-impairment|persistence,defense-impairment|discovery|persistence|privilege-escalation,0.9966609505302987,WastedLocker,T1112,Modify Registry
[FIN13](https://attack.mitre.org/groups/G1016) has leveraged default credentials for authenticating myWebMethods (WMS) and QLogic web management interface to gain initial access.(Citation: Sygnia Elephant Beetle Jan 2022),initial-access|persistence|privilege-escalation|stealth,credential-access|initial-access|persistence|privilege-escalation|stealth,0.9966291718744028,FIN13,T1078.001,Default Accounts
Variants of [Emissary](https://attack.mitre.org/software/S0082) have used rundll32.exe in Registry values added to establish persistence.(Citation: Emissary Trojan Feb 2016),stealth,persistence|privilege-escalation|stealth,0.9965607428209825,Emissary,T1218.011,Rundll32
[KGH_SPY](https://attack.mitre.org/software/S0526) can collect credentials from the Windows Credential Manager.(Citation: Cybereason Kimsuky November 2020),credential-access,collection|credential-access,0.9963877251272385,KGH_SPY,T1555.004,Windows Credential Manager
[Spica](https://attack.mitre.org/software/S1140) has created a scheduled task named `CalendarChecker` for persistence on compromised hosts.(Citation: Google TAG COLDRIVER January 2024),stealth,execution|persistence|privilege-escalation,0.9963800919734965,Spica,T1036.004,Masquerade Task or Service
[APT38](https://attack.mitre.org/groups/G0082) has used a custom secure delete function to make deleted files unrecoverable.(Citation: FireEye APT38 Oct 2018),impact,stealth,0.9962916410788707,APT38,T1485,Data Destruction
[njRAT](https://attack.mitre.org/software/S0385) has executed PowerShell commands via auto-run registry key persistence.(Citation: Trend Micro njRAT 2018),execution,execution|persistence|privilege-escalation,0.99625267998268,njRAT,T1059.001,PowerShell
"[HyperBro](https://attack.mitre.org/software/S0398) has used a legitimate application to sideload a DLL to decrypt, decompress, and run a payload.(Citation: Unit42 Emissary Panda May 2019)(Citation: Trend Micro Iron Tiger April 2021)",execution|stealth,stealth,0.9962000643641782,HyperBro,T1574.001,DLL
[ShimRat](https://attack.mitre.org/software/S0444) can hijack the cryptbase.dll within migwiz.exe to escalate privileges and bypass UAC controls.(Citation: FOX-IT May 2016 Mofang),execution|stealth,privilege-escalation|stealth,0.9959319411705412,ShimRat,T1574,Hijack Execution Flow
[Empire](https://attack.mitre.org/software/S0363) can use New-GPOImmediateTask to modify a GPO that will install and execute a malicious [Scheduled Task/Job](https://attack.mitre.org/techniques/T1053).(Citation: Github PowerShell Empire),defense-impairment|privilege-escalation,execution|persistence|privilege-escalation,0.9959225266139753,Empire,T1484.001,Group Policy Modification
"[MultiLayer Wiper](https://attack.mitre.org/software/S1135) generates a list of all files and paths on the fixed drives of an infected system, enumerating all files on the system except specific folders defined in a hardcoded list.(Citation: Unit42 Agrius 2023)",discovery,discovery|impact,0.995898608620341,MultiLayer Wiper,T1083,File and Directory Discovery
[FIN13](https://attack.mitre.org/groups/G1016) has remotely accessed compromised environments via secure shell (SSH) for lateral movement.(Citation: Mandiant FIN13 Aug 2022),lateral-movement,initial-access|lateral-movement|persistence,0.9958658397217174,FIN13,T1021.004,SSH
[Pysa](https://attack.mitre.org/software/S0583) has deleted batch files after execution. (Citation: CERT-FR PYSA April 2020),stealth,execution|stealth,0.9956650317239225,Pysa,T1070.004,File Deletion
[Cuckoo Stealer](https://attack.mitre.org/software/S1153) can capture files from a targeted user's keychain directory.(Citation: Kandji Cuckoo April 2024),credential-access,collection,0.9956518084205691,Cuckoo Stealer,T1555.001,Keychain
[Psylo](https://attack.mitre.org/software/S0078) exfiltrates data to its C2 server over the same protocol as C2 communications.(Citation: Scarlet Mimic Jan 2016),exfiltration,command-and-control|exfiltration,0.9956260420653074,Psylo,T1041,Exfiltration Over C2 Channel
[GrimAgent](https://attack.mitre.org/software/S0632) can sleep for 195 - 205 seconds after payload execution and before deleting its task.(Citation: Group IB GrimAgent July 2021),discovery|stealth,stealth,0.9954871701516377,GrimAgent,T1497.003,Time Based Checks
"[KillDisk](https://attack.mitre.org/software/S0607) has attempted to get the access token of a process by calling OpenProcessToken . If [KillDisk](https://attack.mitre.org/software/S0607) gets the access token, then it attempt to modify the token privileges with AdjustTokenPrivileges .(Citation: Trend Micro KillDisk 2)",privilege-escalation|stealth,defense-impairment|privilege-escalation|stealth,0.9954558242216524,KillDisk,T1134,Access Token Manipulation
[Hikit](https://attack.mitre.org/software/S0009) has attempted to disable driver signing verification by tampering with several Registry keys prior to the loading of a rootkit driver component.(Citation: FireEye HIKIT Rootkit Part 2),defense-impairment,defense-impairment|persistence|stealth,0.9954200723742358,Hikit,T1553.006,Code Signing Policy Modification
[Pysa](https://attack.mitre.org/software/S0583) has extracted credentials from the password database before encrypting the files.(Citation: CERT-FR PYSA April 2020),credential-access,collection|credential-access|stealth,0.9954066429172594,Pysa,T1552.001,Credentials In Files
[AADInternals](https://attack.mitre.org/software/S0677) can steal users’ access tokens via phishing emails containing malicious links.(Citation: AADInternals Documentation),credential-access,initial-access,0.9953579872334194,AADInternals,T1528,Steal Application Access Token
[NETWIRE](https://attack.mitre.org/software/S0198) can automatically archive collected data.(Citation: Red Canary NETWIRE January 2020),collection,collection|exfiltration,0.9952405053267881,NETWIRE,T1119,Automated Collection
"[FIN13](https://attack.mitre.org/groups/G1016) has gathered stolen credentials, sensitive data such as point-of-sale (POS), and ATM data from a compromised network before exfiltration.(Citation: Mandiant FIN13 Aug 2022)(Citation: Sygnia Elephant Beetle Jan 2022)",collection,collection|exfiltration,0.9952172577951682,FIN13,T1005,Data from Local System
[Embargo](https://attack.mitre.org/software/S1247) has modified the Windows Registry to start a custom service named irnagentd in Safe Mode.(Citation: ESET Embargo Ransomware October 2024),persistence|privilege-escalation,defense-impairment|persistence|privilege-escalation,0.9952019873675397,Embargo,T1547.001,Registry Run Keys / Startup Folder
[Emotet](https://attack.mitre.org/software/S0367) has enumerated all users connected to network shares.,discovery,discovery|lateral-movement,0.9950821008388299,Emotet,T1033,System Owner/User Discovery
"During [Operation Dream Job](https://attack.mitre.org/campaigns/C0022), [Lazarus Group](https://attack.mitre.org/groups/G0032) exfiltrated data from a compromised host to actor-controlled C2 servers.(Citation: ClearSky Lazarus Aug 2020)",exfiltration,collection|exfiltration,0.9950378088241422,Operation Dream Job,T1041,Exfiltration Over C2 Channel
[POSHSPY](https://attack.mitre.org/software/S0150) uses a WMI event subscription to establish persistence.(Citation: FireEye POSHSPY April 2017),persistence|privilege-escalation,execution|persistence|privilege-escalation,0.9948500626647842,POSHSPY,T1546.003,Windows Management Instrumentation Event Subscription
[APT29](https://attack.mitre.org/groups/G0016) used Kerberos ticket attacks for lateral movement.(Citation: Mandiant No Easy Breach),lateral-movement,credential-access|lateral-movement,0.9948358210438725,APT29,T1550.003,Pass the Ticket
[LAMEHUG](https://attack.mitre.org/software/S9035) can use HTTP POST requests to exfiltrate data from compromised hosts to C2.(Citation: Splunk LAMEHUG SEP 2025),command-and-control,command-and-control|exfiltration,0.9947652670599969,LAMEHUG,T1071.001,Web Protocols
[Emotet](https://attack.mitre.org/software/S0367) has been seen exploiting SMB via a vulnerability exploit like EternalBlue (MS17-010) to achieve lateral movement and propagation.(Citation: Symantec Emotet Jul 2018)(Citation: US-CERT Emotet Jul 2018)(Citation: Secureworks Emotet Nov 2018)(Citation: Red Canary Emotet Feb 2019),lateral-movement,initial-access|lateral-movement,0.994757871513087,Emotet,T1210,Exploitation of Remote Services
[Manjusaka](https://attack.mitre.org/software/S1156) data exfiltration takes place over HTTP channels.(Citation: Talos Manjusaka 2022),exfiltration,command-and-control|exfiltration,0.9946801903324936,Manjusaka,T1041,Exfiltration Over C2 Channel
[Blue Mockingbird](https://attack.mitre.org/groups/G0108) has used JuicyPotato to abuse the SeImpersonate token privilege to escalate from web application pool accounts to NT Authority\SYSTEM.(Citation: RedCanary Mockingbird May 2020),privilege-escalation|stealth,persistence|privilege-escalation|stealth,0.9945643593278929,Blue Mockingbird,T1134,Access Token Manipulation
The [Komplex](https://attack.mitre.org/software/S0162) C2 channel uses HTTP POST requests.(Citation: Sofacy Komplex Trojan),command-and-control,command-and-control|exfiltration,0.9943683534925297,Komplex,T1071.001,Web Protocols
[xCaon](https://attack.mitre.org/software/S0653) has added persistence via the Registry key HKEY_CURRENT_USER\Software\Microsoft\Windows NT\CurrentVersion\Windows\load which causes the malware to run each time any user logs in.(Citation: Checkpoint IndigoZebra July 2021),persistence|privilege-escalation,defense-impairment|persistence|privilege-escalation,0.9942074902801219,xCaon,T1547,Boot or Logon Autostart Execution
The net view \\remotesystem and net share commands in [Net](https://attack.mitre.org/software/S0039) can be used to find shared drives and directories on remote and local systems respectively.(Citation: Savill 1999),discovery,discovery|lateral-movement,0.9941895691293391,Net,T1135,Network Share Discovery
"[TrickBot](https://attack.mitre.org/software/S0266) uses the Windows API call, CreateProcessW(), to manage execution flow.(Citation: S2 Grupo TrickBot June 2017) [TrickBot](https://attack.mitre.org/software/S0266) has also used Nt* API functions to perform [Process Injection](https://attack.mitre.org/techniques/T1055).(Citation: Joe Sec Trickbot)",execution,execution|privilege-escalation|stealth,0.9940869659355256,TrickBot,T1106,Native API
[Pysa](https://attack.mitre.org/software/S0583) has the capability to stop antivirus services and disable Windows Defender.(Citation: CERT-FR PYSA April 2020),defense-impairment,defense-impairment|impact,0.993816879167153,Pysa,T1685,Disable or Modify Tools
[SharpDisco](https://attack.mitre.org/software/S1089) has the ability to transfer data between SMB shares.(Citation: MoustachedBouncer ESET August 2023),command-and-control,collection|lateral-movement,0.9937706462716006,SharpDisco,T1071.002,File Transfer Protocols
[RGDoor](https://attack.mitre.org/software/S0258) establishes persistence on webservers as an IIS module.(Citation: Unit 42 RGDoor Jan 2018)(Citation: ESET IIS Malware 2021),persistence,persistence|privilege-escalation,0.993628004291701,RGDoor,T1505.004,IIS Components
"[KGH_SPY](https://attack.mitre.org/software/S0526) can save collected system information to a file named ""info"" before exfiltration.(Citation: Cybereason Kimsuky November 2020)",collection,collection|discovery,0.9934337890540531,KGH_SPY,T1074.001,Local Data Staging
"During [Operation Spalax](https://attack.mitre.org/campaigns/C0005), the threat actors sent phishing emails to victims that contained a malicious link.(Citation: ESET Operation Spalax Jan 2021)",initial-access,initial-access|resource-development,0.9933562088426179,Operation Spalax,T1566.002,Spearphishing Link
[GRIFFON](https://attack.mitre.org/software/S0417) has used sctasks for persistence. (Citation: SecureList Griffon May 2019),execution|persistence|privilege-escalation,persistence|privilege-escalation,0.9933076612155706,GRIFFON,T1053.005,Scheduled Task
[Qilin](https://attack.mitre.org/software/S1242) has pushed a scheduled task via a Group Policy Object for payload execution.(Citation: Trend Micro Agenda Ransomware AUG 2022)(Citation: BushidoToken Qilin RaaS JUN 2024),defense-impairment|privilege-escalation,execution|persistence|privilege-escalation,0.9932574869823348,Qilin,T1484.001,Group Policy Modification
"For [Operation Dream Job](https://attack.mitre.org/campaigns/C0022), [Lazarus Group](https://attack.mitre.org/groups/G0032) compromised domains in Italy and other countries for their C2 infrastructure.(Citation: McAfee Lazarus Jul 2020)(Citation: McAfee Lazarus Nov 2020)",resource-development,command-and-control|resource-development,0.9932527376696052,Operation Dream Job,T1584.001,Domains
[APT33](https://attack.mitre.org/groups/G0064) has used malicious e-mail attachments to lure victims into executing malware.(Citation: Microsoft Holmium June 2020),execution,execution|initial-access,0.9932501889726858,APT33,T1204.002,Malicious File
[Embargo](https://attack.mitre.org/software/S1247) has used a DLL variant of MDeployer to disable security solutions through Safe Mode.(Citation: ESET Embargo Ransomware October 2024),defense-impairment,defense-impairment|execution,0.9932223931814467,Embargo,T1688,Safe Mode Boot
[UBoatRAT](https://attack.mitre.org/software/S0333) takes advantage of the /SetNotifyCmdLine option in [BITSAdmin](https://attack.mitre.org/software/S0190) to ensure it stays running on a system to maintain persistence.(Citation: PaloAlto UBoatRAT Nov 2017),execution|persistence|stealth,persistence|privilege-escalation,0.9932204514662646,UBoatRAT,T1197,BITS Jobs
[FIN6](https://attack.mitre.org/groups/G0037) has used kill.bat script to disable security tools.(Citation: FireEye FIN6 Apr 2019),execution,defense-impairment,0.9931565614113551,FIN6,T1059.003,Windows Command Shell
[SMOKEDHAM](https://attack.mitre.org/software/S0649) has been delivered via malicious links in phishing emails.(Citation: FireEye Shining A Light on DARKSIDE May 2021),reconnaissance,initial-access,0.9929258799732389,SMOKEDHAM,T1598.003,Spearphishing Link
[Spica](https://attack.mitre.org/software/S1140) can use an obfuscated PowerShell command to create a scheduled task for persistence.(Citation: Google TAG COLDRIVER January 2024),execution,execution|persistence|privilege-escalation,0.9928765801122444,Spica,T1059.001,PowerShell
[CoinTicker](https://attack.mitre.org/software/S0369) executes a bash script to establish a reverse shell.(Citation: CoinTicker 2019),execution,execution|persistence,0.9926449921216973,CoinTicker,T1059.004,Unix Shell
[USBStealer](https://attack.mitre.org/software/S0136) exfiltrates collected files via removable media from air-gapped victims.(Citation: ESET Sednit USBStealer 2014),exfiltration,collection|exfiltration,0.9926208386583225,USBStealer,T1052.001,Exfiltration over USB
[Hi-Zor](https://attack.mitre.org/software/S0087) executes using regsvr32.exe called from the [Registry Run Keys / Startup Folder](https://attack.mitre.org/techniques/T1547/001) persistence mechanism.(Citation: Fidelis INOCNATION),stealth,persistence|privilege-escalation|stealth,0.9924610337582688,Hi-Zor,T1218.010,Regsvr32
[LAPSUS$](https://attack.mitre.org/groups/G1004) has used compromised credentials to access cloud assets within a target organization.(Citation: MSTIC DEV-0537 Mar 2022),initial-access|persistence|privilege-escalation|stealth,initial-access|lateral-movement|persistence|privilege-escalation|reconnaissance|stealth,0.9924572492320176,LAPSUS$,T1078.004,Cloud Accounts
"[Sykipot](https://attack.mitre.org/software/S0018) may use net group ""domain admins"" /domain to display accounts in the ""domain admins"" permissions group and net localgroup ""administrators"" to list local system administrator group membership.(Citation: AlienVault Sykipot 2011)",discovery,discovery|persistence|privilege-escalation,0.9922735489319819,Sykipot,T1087.002,Domain Account
[Grandoreiro](https://attack.mitre.org/software/S0531) can steal cookie data and credentials from Google Chrome.(Citation: IBM Grandoreiro April 2020)(Citation: ESET Grandoreiro April 2020),credential-access,collection|credential-access,0.9922540626690484,Grandoreiro,T1555.003,Credentials from Web Browsers
[FIN13](https://attack.mitre.org/groups/G1016) has leveraged `WMI` to move laterally within a compromised network via application servers and SQL servers.(Citation: Sygnia Elephant Beetle Jan 2022),lateral-movement,initial-access|lateral-movement,0.9921428358268533,FIN13,T1021.006,Windows Remote Management
[Kapeka](https://attack.mitre.org/software/S1190) will clear registry values used for persistent configuration storage when uninstalled.(Citation: WithSecure Kapeka 2024),stealth,defense-impairment|persistence|stealth,0.9919175386504815,Kapeka,T1070.009,Clear Persistence
[OLDBAIT](https://attack.mitre.org/software/S0138) collects credentials from several email clients.(Citation: FireEye APT28),credential-access,collection|credential-access,0.991790736347277,OLDBAIT,T1555,Credentials from Password Stores
[Lokibot](https://attack.mitre.org/software/S0447) has the ability to initiate contact with command and control (C2) to exfiltrate stolen data.(Citation: FSecure Lokibot November 2019),exfiltration,command-and-control|exfiltration,0.9915161247246526,Lokibot,T1041,Exfiltration Over C2 Channel
[CrackMapExec](https://attack.mitre.org/software/S0488) can pass the hash to authenticate via SMB.(Citation: CME Github September 2018),lateral-movement,credential-access|lateral-movement,0.9913691840829834,CrackMapExec,T1550.002,Pass the Hash
[DOWNIISSA](https://attack.mitre.org/software/S9021) can create an instance of msiexec.exe and inject [LODEINFO](https://attack.mitre.org/software/S9020) shellcode into the memory of the process.(Citation: Kaspersky LODEINFO OCT 2022),stealth,privilege-escalation|stealth,0.9913182647098252,DOWNIISSA,T1218.007,Msiexec
[UPPERCUT](https://attack.mitre.org/software/S0275) has the capability to collect the current logged on user’s username from a machine.(Citation: FireEye APT10 Sept 2018),discovery,collection|discovery,0.9912356034736798,UPPERCUT,T1033,System Owner/User Discovery
[APT30](https://attack.mitre.org/groups/G0013) has relied on users to execute malicious file attachments delivered via spearphishing emails.(Citation: FireEye APT30),execution,execution|initial-access,0.9908005312183407,APT30,T1204.002,Malicious File
[Grandoreiro](https://attack.mitre.org/software/S0531) can modify the Registry to store its configuration at `HKCU\Software\` under frequently changing names including %USERNAME% and ToolTech-RM .(Citation: ESET Grandoreiro April 2020),defense-impairment|persistence,defense-impairment|persistence|stealth,0.990794657220141,Grandoreiro,T1112,Modify Registry
[SharpDisco](https://attack.mitre.org/software/S1089) can use `cmd.exe` to execute plugins and to send command output to specified SMB shares.(Citation: MoustachedBouncer ESET August 2023),execution,execution|lateral-movement,0.9906504921450074,SharpDisco,T1059.003,Windows Command Shell
[Troll Stealer](https://attack.mitre.org/software/S1196) can enumerate and collect items from local drives and folders.(Citation: S2W Troll Stealer 2024),discovery,collection|discovery,0.9906377278564211,Troll Stealer,T1083,File and Directory Discovery
"[Emotet](https://attack.mitre.org/software/S0367) has obfuscated macros within malicious documents to hide the URLs hosting the malware, CMD.exe arguments, and PowerShell scripts. (Citation: Talos Emotet Jan 2019)(Citation: Trend Micro Emotet Jan 2019)(Citation: Picus Emotet Dec 2018)(Citation: ESET Emotet Dec 2018)",stealth,execution|stealth,0.9905867298557071,Emotet,T1027.010,Command Obfuscation
[KillDisk](https://attack.mitre.org/software/S0607) has a ransomware component that encrypts files with an AES key that is also RSA-1028 encrypted.(Citation: KillDisk Ransomware),impact,impact|stealth,0.9905854842283932,KillDisk,T1486,Data Encrypted for Impact
[Pupy](https://attack.mitre.org/software/S0192) can compress data with Zip before sending it over C2.(Citation: GitHub Pupy),collection,collection|command-and-control,0.9905297491474317,Pupy,T1560.001,Archive via Utility
[SDBbot](https://attack.mitre.org/software/S0461) has sent collected data from a compromised host to its C2 servers.(Citation: Korean FSI TA505 2020),exfiltration,collection|exfiltration,0.9903360613661707,SDBbot,T1041,Exfiltration Over C2 Channel
[LAMEHUG](https://attack.mitre.org/software/S9035) can exfiltrate collected system information and documents to C2.(Citation: Splunk LAMEHUG SEP 2025)(Citation: Nov AI Threat Tracker),exfiltration,collection|exfiltration,0.9902791538291812,LAMEHUG,T1041,Exfiltration Over C2 Channel
[Mis-Type](https://attack.mitre.org/software/S0084) has transmitted collected files and data to its C2 server.(Citation: Cylance Dust Storm),exfiltration,collection|exfiltration,0.9901837474257991,Mis-Type,T1041,Exfiltration Over C2 Channel
[KGH_SPY](https://attack.mitre.org/software/S0526) can send data to C2 with HTTP POST requests.(Citation: Cybereason Kimsuky November 2020),command-and-control,command-and-control|exfiltration,0.9901090938146405,KGH_SPY,T1071.001,Web Protocols
[TrickBot](https://attack.mitre.org/software/S0266) has used Nt* [Native API](https://attack.mitre.org/techniques/T1106) functions to inject code into legitimate processes such as wermgr.exe .(Citation: Joe Sec Trickbot),privilege-escalation|stealth,execution|privilege-escalation|stealth,0.9901033855893567,TrickBot,T1055,Process Injection
[Daggerfly](https://attack.mitre.org/groups/G1034) created code signing certificates to sign malicious macOS files.(Citation: ESET EvasivePanda 2024),resource-development,defense-impairment|resource-development,0.9900994233277538,Daggerfly,T1587.002,Code Signing Certificates
[Gazer](https://attack.mitre.org/software/S0168) can establish persistence by creating a .lnk file in the Start menu or by modifying existing .lnk files to execute the malware through cmd.exe.(Citation: ESET Gazer Aug 2017)(Citation: Securelist WhiteBear Aug 2017),persistence|privilege-escalation,execution|persistence|privilege-escalation,0.9900528673844405,Gazer,T1547.009,Shortcut Modification
"[Stuxnet](https://attack.mitre.org/software/S0603) used MS10-073 and an undisclosed Task Scheduler vulnerability to escalate privileges on local Windows machines.(Citation: Nicolas Falliere, Liam O Murchu, Eric Chien February 2011)",privilege-escalation,execution|persistence|privilege-escalation,0.9897820101135119,Stuxnet,T1068,Exploitation for Privilege Escalation
[EXOTIC LILY](https://attack.mitre.org/groups/G1011) has relied on victims to open malicious links in e-mails for execution.(Citation: Google EXOTIC LILY March 2022),initial-access,execution,0.9897479276812,EXOTIC LILY,T1566.002,Spearphishing Link
[Kapeka](https://attack.mitre.org/software/S1190) writes persistent configuration information to the victim host registry.(Citation: WithSecure Kapeka 2024),defense-impairment|persistence,defense-impairment|discovery|persistence,0.9896975318264364,Kapeka,T1112,Modify Registry
[DarkTortilla](https://attack.mitre.org/software/S1066) can use `cmd.exe` to add registry keys for persistence.(Citation: Secureworks DarkTortilla Aug 2022),execution,defense-impairment|persistence|privilege-escalation,0.98966884496262,DarkTortilla,T1059.003,Windows Command Shell
"To establish persistence, [Truvasys](https://attack.mitre.org/software/S0178) adds a Registry Run key with a value ""TaskMgr"" in an attempt to masquerade as the legitimate Windows Task Manager.(Citation: Microsoft Win Defender Truvasys Sep 2017)",stealth,persistence|privilege-escalation|stealth,0.9896298011141542,Truvasys,T1036.004,Masquerade Task or Service
[TONESHELL](https://attack.mitre.org/software/S1239) has used valid legitimate digital signatures and certificates to evade detection.(Citation: CSIRT CTI MUSTANG PANDA PUBLOAD TONESHELL JAN 2024),defense-impairment,defense-impairment|stealth,0.9895422431032089,TONESHELL,T1553.002,Code Signing
[LAPSUS$](https://attack.mitre.org/groups/G1004) acquired and used the Redline password stealer in their operations.(Citation: MSTIC DEV-0537 Mar 2022),resource-development,credential-access|resource-development,0.9894897436766651,LAPSUS$,T1588.001,Malware
[P8RAT](https://attack.mitre.org/software/S0626) can check for specific processes associated with virtual environments.(Citation: Securelist APT10 March 2021),discovery,discovery|stealth,0.988996032075114,P8RAT,T1057,Process Discovery
"[GRIFFON](https://attack.mitre.org/software/S0417) has used a persistence module that stores the implant inside the Registry, which executes at logon.(Citation: SecureList Griffon May 2019)",persistence|privilege-escalation,defense-impairment|persistence|privilege-escalation,0.9888193603959308,GRIFFON,T1547.001,Registry Run Keys / Startup Folder
[APT29](https://attack.mitre.org/groups/G0016) has gained access to a global administrator account in Azure AD and has used `Service Principal` credentials in Exchange.(Citation: Mandiant APT29 Microsoft 365 2022)(Citation: Mandiant APT29 Eye Spy Email Nov 22),initial-access|persistence|privilege-escalation|stealth,credential-access|initial-access|persistence|privilege-escalation|stealth,0.988712090129661,APT29,T1078.004,Cloud Accounts
[OopsIE](https://attack.mitre.org/software/S0264) creates and uses a VBScript as part of its persistent execution.(Citation: Unit 42 OopsIE! Feb 2018)(Citation: Unit 42 OilRig Sept 2018),execution,execution|persistence,0.9886044746992745,OopsIE,T1059.005,Visual Basic
[Pillowmint](https://attack.mitre.org/software/S0517) has modified the Registry key HKLM\SOFTWARE\Microsoft\DRM to store a malicious payload.(Citation: Trustwave Pillowmint June 2020),defense-impairment|persistence,defense-impairment|persistence|stealth,0.9885645061891385,Pillowmint,T1112,Modify Registry
[LAPSUS$](https://attack.mitre.org/groups/G1004) has gathered detailed information of target employees to enhance their social engineering lures.(Citation: MSTIC DEV-0537 Mar 2022),reconnaissance,discovery|reconnaissance,0.9885399926108728,LAPSUS$,T1589,Gather Victim Identity Information
[SMOKEDHAM](https://attack.mitre.org/software/S0649) has modified the Registry to hide created user accounts from the Windows logon screen. (Citation: FireEye SMOKEDHAM June 2021),stealth,defense-impairment|persistence|privilege-escalation|stealth,0.9884865067456514,SMOKEDHAM,T1564.002,Hidden Users
[Indrik Spider](https://attack.mitre.org/groups/G0119) has created local system accounts and has added the accounts to privileged groups.(Citation: Mandiant_UNC2165),persistence,persistence|privilege-escalation|stealth,0.9883684723901976,Indrik Spider,T1136.001,Local Account
"[TrickBot](https://attack.mitre.org/software/S0266) can obtain passwords stored in files from several applications such as Outlook, Filezilla, OpenSSH, OpenVPN and WinSCP.(Citation: Trend Micro Trickbot Nov 2018)(Citation: Cyberreason Anchor December 2019) Additionally, it searches for the "".vnc.lnk"" affix to steal VNC credentials.(Citation: TrendMicro Trickbot Feb 2019)",credential-access,collection|credential-access,0.9879009013337275,TrickBot,T1552.001,Credentials In Files
[P8RAT](https://attack.mitre.org/software/S0626) can send randomly-generated data as part of its C2 communication.(Citation: Securelist APT10 March 2021),command-and-control,command-and-control|exfiltration,0.9878818023550322,P8RAT,T1001.001,Junk Data
"During [Operation AkaiRyū](https://attack.mitre.org/campaigns/C0060), [MirrorFace](https://attack.mitre.org/groups/G1054) used compromised accounts to send spearphishing emails.(Citation: Trend Micro Earth Kasha Anel NOV 2024)",resource-development,initial-access|resource-development,0.9877875125451239,Operation AkaiRyū,T1586.002,Email Accounts
[Kazuar](https://attack.mitre.org/software/S0265) obtains a list of running processes through WMI querying.(Citation: Unit 42 Kazuar May 2017),execution,discovery,0.9877611665598067,Kazuar,T1047,Windows Management Instrumentation
[Kazuar](https://attack.mitre.org/software/S0265) can overwrite files with random data before deleting them.(Citation: Unit 42 Kazuar May 2017),impact,impact|stealth,0.9877132095740696,Kazuar,T1485,Data Destruction
[Pillowmint](https://attack.mitre.org/software/S0517) has used a malicious shim database to maintain persistence.(Citation: Trustwave Pillowmint June 2020),persistence|privilege-escalation,execution|persistence|privilege-escalation,0.9877022645435038,Pillowmint,T1546.011,Application Shimming
[Grandoreiro](https://attack.mitre.org/software/S0531) can send data it retrieves to the C2 server.(Citation: ESET Grandoreiro April 2020),exfiltration,command-and-control|exfiltration,0.987632236648643,Grandoreiro,T1041,Exfiltration Over C2 Channel
[Skidmap](https://attack.mitre.org/software/S0468) has the ability to check whether the infected system’s OS is Debian or RHEL/CentOS to determine which cryptocurrency miner it should use.(Citation: Trend Micro Skidmap),discovery,discovery|impact,0.9873935645593994,Skidmap,T1082,System Information Discovery
[CoinTicker](https://attack.mitre.org/software/S0369) decodes the initially-downloaded hidden encoded file using OpenSSL.(Citation: CoinTicker 2019),stealth,command-and-control|stealth,0.9871840203977467,CoinTicker,T1140,Deobfuscate/Decode Files or Information
"During the [2025 Poland Wiper Attacks](https://attack.mitre.org/campaigns/C0063), the adversaries exfiltrated data to an actor-controlled infrastructure using HTTP POSTs.(Citation: CERT Polska)",exfiltration,command-and-control|exfiltration,0.9871662469668612,2025 Poland Wiper Attacks,T1048.003,Exfiltration Over Unencrypted Non-C2 Protocol
"[Embargo](https://attack.mitre.org/software/S1247) has leveraged MDeployer to terminate the MS4Killer process, delete the decrypted payload files and a driver file dropped by MS4killer, and reboot the system.(Citation: ESET Embargo Ransomware October 2024)",stealth,defense-impairment|impact|stealth,0.9870122057660339,Embargo,T1070.004,File Deletion
[Embargo](https://attack.mitre.org/software/S1247) has created persistence through the DLL variant of the MDeployer toolkit by creating a service called irnagentd that launches after the system is rebooted in Safe Mode.(Citation: ESET Embargo Ransomware October 2024),persistence|privilege-escalation,execution|persistence|privilege-escalation,0.9869714005715374,Embargo,T1543.003,Windows Service
[schtasks](https://attack.mitre.org/software/S0111) is used to schedule tasks on a Windows system to run at a specific date and time.(Citation: TechNet Schtasks),execution|persistence|privilege-escalation,discovery|execution|persistence|privilege-escalation,0.9866022910094402,schtasks,T1053.005,Scheduled Task
[Doki](https://attack.mitre.org/software/S0600) has used Ngrok to establish C2 and exfiltrate data.(Citation: Intezer Doki July 20),exfiltration,command-and-control|exfiltration,0.986332428510511,Doki,T1041,Exfiltration Over C2 Channel
[MgBot](https://attack.mitre.org/software/S1146) includes modules for stealing stored credentials from Outlook and Foxmail email client software.(Citation: ESET EvasivePanda 2023)(Citation: Symantec Daggerfly 2023),credential-access,collection|credential-access,0.9863070970063961,MgBot,T1555,Credentials from Password Stores
[Dridex](https://attack.mitre.org/software/S0384) has used the OutputDebugStringW function to avoid malware analysis as part of its anti-debugging technique.(Citation: Checkpoint Dridex Jan 2021),execution,discovery|stealth,0.9862789848198055,Dridex,T1106,Native API
"[STARWHALE](https://attack.mitre.org/software/S1037) has the ability to create the following Windows service to establish persistence on an infected host: `sc create Windowscarpstss binpath= ""cmd.exe /c cscript.exe c:\\windows\\system32\\w7_1.wsf humpback_whale"" start= ""auto"" obj= ""LocalSystem""`.(Citation: Mandiant UNC3313 Feb 2022)",persistence|privilege-escalation,execution|persistence|privilege-escalation,0.985956305057726,STARWHALE,T1543.003,Windows Service
[LockBit 3.0](https://attack.mitre.org/software/S1202) can bypass UAC to execute code with elevated privileges through an elevated Component Object Model (COM) interface.(Citation: Joint Cybersecurity Advisory LockBit 3.0 MAR 2023),privilege-escalation,execution|privilege-escalation,0.9857572489479344,LockBit 3.0,T1548.002,Bypass User Account Control
"[MultiLayer Wiper](https://attack.mitre.org/software/S1135) uses a batch file, remover.bat to delete malware artifacts and the batch file itself during execution.(Citation: Unit42 Agrius 2023)",stealth,execution|stealth,0.9857490838858876,MultiLayer Wiper,T1070.004,File Deletion
[Kazuar](https://attack.mitre.org/software/S0265) adds a sub-key under several Registry run keys.(Citation: Unit 42 Kazuar May 2017),persistence|privilege-escalation,defense-impairment|persistence|privilege-escalation,0.9856663065494292,Kazuar,T1547.001,Registry Run Keys / Startup Folder
"[FIN6](https://attack.mitre.org/groups/G0037) has used tools to exploit Windows vulnerabilities in order to escalate privileges. The tools targeted CVE-2013-3660, CVE-2011-2005, and CVE-2010-4398, all of which could allow local users to access kernel-level privileges.(Citation: FireEye FIN6 April 2016)",privilege-escalation,initial-access|privilege-escalation,0.9856289174238827,FIN6,T1068,Exploitation for Privilege Escalation
[MultiLayer Wiper](https://attack.mitre.org/software/S1135) removes the Volume Shadow Copy (VSS) service from infected devices along with all present shadow copies.(Citation: Unit42 Agrius 2023),defense-impairment,impact,0.9856104759249142,MultiLayer Wiper,T1685,Disable or Modify Tools
[AADInternals](https://attack.mitre.org/software/S0677) can inject a malicious DLL (`PTASpy`) into the `AzureADConnectAuthenticationAgentService` to backdoor Azure AD Pass-Through Authentication.(Citation: AADInternals Azure AD On-Prem to Cloud),credential-access|defense-impairment|persistence,defense-impairment|lateral-movement|persistence|privilege-escalation|stealth,0.985249911437379,AADInternals,T1556.007,Hybrid Identity
[Qilin](https://attack.mitre.org/software/S1242) can configure a Winlogon registry entry.(Citation: Trend Micro Agenda Ransomware AUG 2022),persistence|privilege-escalation,defense-impairment|persistence,0.9852176241827925,Qilin,T1547.004,Winlogon Helper DLL
[WastedLocker](https://attack.mitre.org/software/S0612) checks for specific registry keys related to the UCOMIEnumConnections and IActiveScriptParseProcedure32 interfaces.(Citation: NCC Group WastedLocker June 2020),discovery,defense-impairment|discovery|persistence,0.9851921289394028,WastedLocker,T1012,Query Registry
[FIN6](https://attack.mitre.org/groups/G0037) has used Pastebin and Google Storage to host content for their operations.(Citation: FireEye FIN6 Apr 2019),command-and-control,resource-development,0.985127360611605,FIN6,T1102,Web Service
[Qilin](https://attack.mitre.org/software/S1242) can bypass standard user access controls by using stolen tokens to launch processes at an elevated security context.(Citation: Picus Qilin MAR 2025),privilege-escalation,persistence|privilege-escalation,0.98512091279482,Qilin,T1548.002,Bypass User Account Control
[Javali](https://attack.mitre.org/software/S0528) has used embedded VBScript to download malicious payloads from C2.(Citation: Securelist Brazilian Banking Malware July 2020),execution,command-and-control|execution,0.9850470810459139,Javali,T1059.005,Visual Basic
[APT33](https://attack.mitre.org/groups/G0064) has created a scheduled task to execute a .vbe file multiple times a day.(Citation: Symantec Elfin Mar 2019),execution|persistence|privilege-escalation,execution|persistence|privilege-escalation|stealth,0.9849136517428826,APT33,T1053.005,Scheduled Task
[APT19](https://attack.mitre.org/groups/G0073) attempted to get users to launch malicious attachments delivered via spearphishing emails.(Citation: FireEye APT19),execution,execution|initial-access,0.9849125540064297,APT19,T1204.002,Malicious File
[StrelaStealer](https://attack.mitre.org/software/S1183) exfiltrates collected email credentials via HTTP POST to command and control servers.(Citation: DCSO StrelaStealer 2022)(Citation: PaloAlto StrelaStealer 2024)(Citation: Fortgale StrelaStealer 2023)(Citation: IBM StrelaStealer 2024),exfiltration,command-and-control|exfiltration,0.9848858340755136,StrelaStealer,T1041,Exfiltration Over C2 Channel
[KARAE](https://attack.mitre.org/software/S0215) can collect system information.(Citation: FireEye APT37 Feb 2018),discovery,collection|discovery,0.9846211283357714,KARAE,T1082,System Information Discovery
[SharpDisco](https://attack.mitre.org/software/S1089) can load a plugin to exfiltrate stolen files to SMB shares also used in C2.(Citation: MoustachedBouncer ESET August 2023),exfiltration,command-and-control|exfiltration|lateral-movement,0.9845874013422994,SharpDisco,T1041,Exfiltration Over C2 Channel
[Latrodectus](https://attack.mitre.org/software/S1160) can use the Windows Component Object Model (COM) to set scheduled tasks.(Citation: Elastic Latrodectus May 2024)(Citation: Bitsight Latrodectus June 2024),execution,execution|persistence|privilege-escalation,0.9844827136848542,Latrodectus,T1559.001,Component Object Model
[SideCopy](https://attack.mitre.org/groups/G1008) has utilized `mshta.exe` to execute a malicious hta file.(Citation: MalwareBytes SideCopy Dec 2021),stealth,execution|stealth,0.9843209294668464,SideCopy,T1218.005,Mshta
[Spica](https://attack.mitre.org/software/S1140) can archive collected documents for exfiltration.(Citation: Google TAG COLDRIVER January 2024),collection,collection|exfiltration,0.984147929694126,Spica,T1560,Archive Collected Data
[MultiLayer Wiper](https://attack.mitre.org/software/S1135) uses a batch script launched via a scheduled task to delete Windows Event Logs.(Citation: Unit42 Agrius 2023),execution,defense-impairment|execution|persistence|privilege-escalation,0.9839057035044184,MultiLayer Wiper,T1059.003,Windows Command Shell
[Pysa](https://attack.mitre.org/software/S0583) has modified the registry key “SOFTWARE\Microsoft\Windows\CurrentVersion\Policies\System” and added the ransom note.(Citation: CERT-FR PYSA April 2020),defense-impairment|persistence,defense-impairment|persistence|privilege-escalation,0.9837337832321643,Pysa,T1112,Modify Registry
[TA551](https://attack.mitre.org/groups/G0127) has prompted users to enable macros within spearphishing attachments to install malware.(Citation: Unit 42 TA551 Jan 2021),execution,execution|initial-access,0.9835982677572511,TA551,T1204.002,Malicious File
"[APT33](https://attack.mitre.org/groups/G0064) has used a variety of publicly available tools like [LaZagne](https://attack.mitre.org/software/S0349), [Mimikatz](https://attack.mitre.org/software/S0002), and ProcDump to dump credentials.(Citation: Symantec Elfin Mar 2019)(Citation: FireEye APT33 Guardrail)",credential-access,credential-access|resource-development,0.9835649344436699,APT33,T1003.001,LSASS Memory
[CoinTicker](https://attack.mitre.org/software/S0369) initially downloads a hidden encoded file.(Citation: CoinTicker 2019),stealth,command-and-control|stealth,0.983319350601072,CoinTicker,T1027,Obfuscated Files or Information
[APT33](https://attack.mitre.org/groups/G0064) has used SniffPass to collect credentials by sniffing network traffic.(Citation: Symantec Elfin Mar 2019),credential-access|discovery,credential-access,0.9831450790333558,APT33,T1040,Network Sniffing
[Gazer](https://attack.mitre.org/software/S0168) can establish persistence through the system screensaver by configuring it to execute the malware.(Citation: ESET Gazer Aug 2017),persistence|privilege-escalation,execution|persistence|privilege-escalation,0.9831432917491503,Gazer,T1546.002,Screensaver
[APT38](https://attack.mitre.org/groups/G0082) has used `msiexec.exe` to execute malicious files.(Citation: 1 - appv),stealth,execution|stealth,0.983061506092174,APT38,T1218.007,Msiexec
[ShimRatReporter](https://attack.mitre.org/software/S0445) sent generated reports to the C2 via HTTP POST requests.(Citation: FOX-IT May 2016 Mofang),exfiltration,command-and-control|exfiltration,0.9830309310080715,ShimRatReporter,T1041,Exfiltration Over C2 Channel
[WastedLocker](https://attack.mitre.org/software/S0612) checked if UCOMIEnumConnections and IActiveScriptParseProcedure32 Registry keys were detected as part of its anti-analysis technique.(Citation: NCC Group WastedLocker June 2020),discovery|stealth,defense-impairment|discovery|stealth,0.9827975212332892,WastedLocker,T1497.001,System Checks
"[Cuckoo Stealer](https://attack.mitre.org/software/S1153) can send information about the targeted system to C2 including captured passwords, OS build, hostname, and username.(Citation: Kandji Cuckoo April 2024)",exfiltration,discovery,0.9827896417270136,Cuckoo Stealer,T1041,Exfiltration Over C2 Channel
[LAMEHUG](https://attack.mitre.org/software/S9035) can save collected data and files of interest in `C:\ProgramData\info\` to consolidate for exfiltration.(Citation: Splunk LAMEHUG SEP 2025)(Citation: Nov AI Threat Tracker),collection,collection|exfiltration,0.9827704260990908,LAMEHUG,T1074.001,Local Data Staging
"One variant of [BlackEnergy](https://attack.mitre.org/software/S0089) locates existing driver services that have been disabled and drops its driver component into one of those service's paths, replacing the legitimate executable. The malware then sets the hijacked service to start automatically to establish persistence.(Citation: F-Secure BlackEnergy 2014)",execution|stealth,persistence|privilege-escalation|stealth,0.9826485915348783,BlackEnergy,T1574.010,Services File Permissions Weakness
[Neoichor](https://attack.mitre.org/software/S0691) can collect the user name from a victim's machine.(Citation: Microsoft NICKEL December 2021),discovery,collection|discovery,0.9824599712203226,Neoichor,T1033,System Owner/User Discovery
[WellMess](https://attack.mitre.org/software/S0514) can collect the username on the victim machine to send to C2.(Citation: CISA WellMess July 2020),discovery,command-and-control|discovery,0.9823621650860852,WellMess,T1033,System Owner/User Discovery
[Higaisa](https://attack.mitre.org/groups/G0126) used HTTP and HTTPS to send data back to its C2 server.(Citation: Malwarebytes Higaisa 2020)(Citation: Zscaler Higaisa 2020),command-and-control,command-and-control|exfiltration,0.9822351472955424,Higaisa,T1071.001,Web Protocols
[FIN13](https://attack.mitre.org/groups/G1016) has gained access to compromised environments via remote access services such as the corporate virtual private network (VPN).(Citation: Mandiant FIN13 Aug 2022),initial-access|persistence,initial-access|persistence|resource-development,0.9821694067721368,FIN13,T1133,External Remote Services
[SpicyOmelette](https://attack.mitre.org/software/S0646) has been executed through malicious links within spearphishing emails.(Citation: Secureworks GOLD KINGSWOOD September 2018),execution,execution|initial-access,0.9819174574028916,SpicyOmelette,T1204.001,Malicious Link
The [NETWIRE](https://attack.mitre.org/software/S0198) client has been signed by fake and invalid digital certificates.(Citation: McAfee Netwire Mar 2015),stealth,defense-impairment,0.9816933909105091,NETWIRE,T1036.001,Invalid Code Signature
"[Embargo](https://attack.mitre.org/software/S1247) has searched for folders, subfolders and other networked or mounted drives for follow on encryption actions.(Citation: Cyble Embargo Ransomware May 2024) [Embargo](https://attack.mitre.org/software/S1247) has also iterated device volumes using `FindFirstVolumeW()` and `FindNextVolumeW()` functions and then calls the `GetVolumePathNamesForVolumeNameW()` function to retrieve a list of drive letters and mounted folder paths for each specified volume.(Citation: Cyble Embargo Ransomware May 2024)",discovery,discovery|impact,0.981685430366092,Embargo,T1083,File and Directory Discovery
[LAPSUS$](https://attack.mitre.org/groups/G1004) has searched public code repositories for exposed credentials.(Citation: MSTIC DEV-0537 Mar 2022),reconnaissance,credential-access|reconnaissance,0.9815062848085233,LAPSUS$,T1593.003,Code Repositories
[SideCopy](https://attack.mitre.org/groups/G1008) has used compromised domains to host its malicious payloads.(Citation: MalwareBytes SideCopy Dec 2021),resource-development,resource-development|stealth,0.9812014672065577,SideCopy,T1608.001,Upload Malware
"[USBStealer](https://attack.mitre.org/software/S0136) registers itself under a Registry Run key with the name ""USB Disk Security.""(Citation: ESET Sednit USBStealer 2014)",persistence|privilege-escalation,defense-impairment|persistence|privilege-escalation,0.9810414625131987,USBStealer,T1547.001,Registry Run Keys / Startup Folder
"[Stuxnet](https://attack.mitre.org/software/S0603) encodes the payload of system information sent to the command and control servers using a one byte 0xFF XOR key. [Stuxnet](https://attack.mitre.org/software/S0603) also uses a 31-byte long static byte string to XOR data sent to command and control servers. The servers use a different static key to encrypt replies to the implant.(Citation: Nicolas Falliere, Liam O Murchu, Eric Chien February 2011)",command-and-control,command-and-control|exfiltration,0.9808338049592177,Stuxnet,T1573.001,Symmetric Cryptography
[LockBit 3.0](https://attack.mitre.org/software/S1202) can attempt a CMSTP UAC bypass if it does not have administrative privileges.(Citation: Sentinel Labs LockBit 3.0 JUL 2022),stealth,privilege-escalation,0.98077822607051,LockBit 3.0,T1218.003,CMSTP
[StrelaStealer](https://attack.mitre.org/software/S1183) payloads have used control flow obfuscation techniques such as excessively long code blocks of mathematical instructions to defeat sandboxing and related analysis methods.(Citation: PaloAlto StrelaStealer 2024)(Citation: Fortgale StrelaStealer 2023),discovery|stealth,stealth,0.98077800984017,StrelaStealer,T1497,Virtualization/Sandbox Evasion
[FIN13](https://attack.mitre.org/groups/G1016) has utilized `WMI` to execute commands and move laterally on compromised Windows machines.(Citation: Mandiant FIN13 Aug 2022)(Citation: Sygnia Elephant Beetle Jan 2022),execution,execution|lateral-movement,0.9807274757950516,FIN13,T1047,Windows Management Instrumentation
[TONESHELL](https://attack.mitre.org/software/S1239) has checked the process name and process path to ensure it matches the expected one prior to triggering a custom exception handler.(Citation: 2022 November_TrendMicro_Earth Preta_Toneshell_Pubload) [TONESHELL](https://attack.mitre.org/software/S1239) has also searched for running antivirus processes to include ESET’s antivirus associated executables ekrn.exe and egui.exe.(Citation: Trend Micro Mustang Panda Earth Preta Toneshell February 2025),discovery,discovery|stealth,0.9806685678351353,TONESHELL,T1057,Process Discovery
[OilBooster](https://attack.mitre.org/software/S1172) can use a backup channel to request a new refresh token from its C2 server after 10 consecutive unsuccessful connections to the primary OneDrive C2 server.(Citation: ESET OilRig Downloaders DEC 2023),command-and-control,command-and-control|exfiltration,0.9806279302472636,OilBooster,T1008,Fallback Channels
[SUNSPOT](https://attack.mitre.org/software/S0562) modified its security token to grants itself debugging privileges by adding SeDebugPrivilege .(Citation: CrowdStrike SUNSPOT Implant January 2021),privilege-escalation|stealth,persistence|privilege-escalation|stealth,0.980608144634906,SUNSPOT,T1134,Access Token Manipulation
[OilBooster](https://attack.mitre.org/software/S1172) can use an actor-controlled OneDrive account for C2 communication and exfiltration.(Citation: ESET OilRig Downloaders DEC 2023),exfiltration,command-and-control|exfiltration,0.9795855400667675,OilBooster,T1041,Exfiltration Over C2 Channel
"[njRAT](https://attack.mitre.org/software/S0385) is capable of manipulating and deleting registry keys, including those used for persistence.(Citation: Trend Micro njRAT 2018)",stealth,defense-impairment|persistence|stealth,0.9794523255208595,njRAT,T1070.009,Clear Persistence
[Dridex](https://attack.mitre.org/software/S0384) contains a backconnect module for tunneling network traffic through a victim's computer. Infected computers become part of a P2P botnet that can relay C2 traffic to other infected peers.(Citation: Dell Dridex Oct 2015)(Citation: Checkpoint Dridex Jan 2021),command-and-control,command-and-control|discovery,0.9791412261812477,Dridex,T1090,Proxy
"[Lokibot](https://attack.mitre.org/software/S0447) has stolen credentials from multiple applications and data sources including Windows OS credentials, email clients, FTP, and SFTP clients.(Citation: Infoblox Lokibot January 2019)",credential-access,collection|credential-access,0.9783459383570524,Lokibot,T1555,Credentials from Password Stores
[Playcrypt](https://attack.mitre.org/software/S1162) can use AlphaVSS to delete shadow copies.(Citation: Trend Micro Ransomware Spotlight Play July 2023),impact,impact|stealth,0.9783402796984546,Playcrypt,T1490,Inhibit System Recovery
[APT33](https://attack.mitre.org/groups/G0064) has lured users to click links to malicious HTML applications delivered via spearphishing emails.(Citation: FireEye APT33 Sept 2017)(Citation: Symantec Elfin Mar 2019),execution,execution|initial-access,0.9781248769919201,APT33,T1204.001,Malicious Link
"[Stuxnet](https://attack.mitre.org/software/S0603) enumerates removable drives for infection.(Citation: Nicolas Falliere, Liam O Murchu, Eric Chien February 2011)",discovery,discovery|lateral-movement,0.978006799878361,Stuxnet,T1120,Peripheral Device Discovery
[NETWIRE](https://attack.mitre.org/software/S0198) can use crontabs to establish persistence.(Citation: Red Canary NETWIRE January 2020),execution|persistence|privilege-escalation,persistence|privilege-escalation,0.9779695028889944,NETWIRE,T1053.003,Cron
"[Pupy](https://attack.mitre.org/software/S0192) can use an add on feature when creating payloads that allows you to create custom Python scripts (“scriptlets”) to perform tasks offline (without requiring a session) such as sandbox detection, adding persistence, etc.(Citation: GitHub Pupy)",execution,execution|persistence|privilege-escalation,0.9778030528777897,Pupy,T1059.006,Python
[Koadic](https://attack.mitre.org/software/S0250) can use mshta to serve additional payloads and to help schedule tasks for persistence.(Citation: Github Koadic)(Citation: MalwareBytes LazyScripter Feb 2021),stealth,execution|persistence|privilege-escalation,0.9776160704371484,Koadic,T1218.005,Mshta
[Penquin](https://attack.mitre.org/software/S0587) can execute the command code do_upload to send files to C2.(Citation: Leonardo Turla Penquin May 2020),exfiltration,command-and-control|exfiltration,0.9775940954993356,Penquin,T1041,Exfiltration Over C2 Channel
[Qilin](https://attack.mitre.org/software/S1242) has the ability to list network drives.(Citation: Trend Micro Agenda Ransomware AUG 2022)(Citation: Halcyon Qilin.B OCT 2024),discovery,discovery|impact,0.9771591436266043,Qilin,T1135,Network Share Discovery
[APT38](https://attack.mitre.org/groups/G0082) has used the legitimate application `ieinstal.exe` to bypass UAC.(Citation: 1 - appv),privilege-escalation,privilege-escalation|stealth,0.976764328858543,APT38,T1548.002,Bypass User Account Control
[APT33](https://attack.mitre.org/groups/G0064) has attempted to use WMI event subscriptions to establish persistence on compromised hosts.(Citation: Microsoft Holmium June 2020),persistence|privilege-escalation,execution|persistence|privilege-escalation,0.9766093915476312,APT33,T1546.003,Windows Management Instrumentation Event Subscription
[Indrik Spider](https://attack.mitre.org/groups/G0119) has purchased access to victim VPNs to facilitate access to victim environments.(Citation: Mandiant_UNC2165),resource-development,initial-access|persistence,0.9763349092281489,Indrik Spider,T1583,Acquire Infrastructure
[Empire](https://attack.mitre.org/software/S0363) can utilize Invoke-DCOM to leverage remote COM execution for lateral movement.(Citation: Github PowerShell Empire),lateral-movement,execution|lateral-movement,0.9762325012043541,Empire,T1021.003,Distributed Component Object Model
[Empire](https://attack.mitre.org/software/S0363) has the ability to automatically send collected data back to the threat actors' C2.(Citation: Talos Frankenstein June 2019),exfiltration,collection|exfiltration,0.9762258879707189,Empire,T1020,Automated Exfiltration
"[Spark](https://attack.mitre.org/software/S0543) can collect the hostname, keyboard layout, and language from the system.(Citation: Unit42 Molerat Mar 2020)",discovery,collection|discovery,0.9761937945073949,Spark,T1082,System Information Discovery
[ShimRat](https://attack.mitre.org/software/S0444) has hijacked the cryptbase.dll within migwiz.exe to escalate privileges. This prevented the User Access Control window from appearing.(Citation: FOX-IT May 2016 Mofang),privilege-escalation,privilege-escalation|stealth,0.9760178090710018,ShimRat,T1548.002,Bypass User Account Control
[KGH_SPY](https://attack.mitre.org/software/S0526) has been spread through Word documents containing malicious macros.(Citation: Cybereason Kimsuky November 2020),execution,execution|initial-access,0.9758873093494248,KGH_SPY,T1204.002,Malicious File
"[Mis-Type](https://attack.mitre.org/software/S0084) has created registry keys for persistence, including `HKCU\Software\bkfouerioyou`, `HKLM\SOFTWARE\Microsoft\Active Setup\Installed Components\{6afa8072-b2b1-31a8-b5c1-{Unique Identifier}`, and `HKLM\SOFTWARE\Microsoft\Active Setup\Installed Components\{3BF41072-B2B1-31A8-B5C1-{Unique Identifier}`.(Citation: Cylance Dust Storm)",persistence|privilege-escalation,discovery|persistence|privilege-escalation,0.9758578287955733,Mis-Type,T1547,Boot or Logon Autostart Execution
[Latrodectus](https://attack.mitre.org/software/S1160) has the ability to check for the presence of debuggers.(Citation: Latrodectus APR 2024),discovery|stealth,discovery,0.9756011584555405,Latrodectus,T1622,Debugger Evasion
[FIN6](https://attack.mitre.org/groups/G0037) has collected and exfiltrated payment card data from compromised systems.(Citation: Trend Micro FIN6 October 2019)(Citation: RiskIQ British Airways September 2018)(Citation: RiskIQ Newegg September 2018),collection,collection|exfiltration,0.9753986898973761,FIN6,T1005,Data from Local System
[TrickBot](https://attack.mitre.org/software/S0266) has been delivered via malicious links in phishing e-mails.(Citation: Cyberreason Anchor December 2019),initial-access,execution|initial-access,0.9753931290705391,TrickBot,T1566.002,Spearphishing Link
[PAKLOG](https://attack.mitre.org/software/S1233) has used legitimate signed binaries such as PACLOUD.exe for follow-on execution of malicious DLLs through DLL Side-Loading.(Citation: Zscaler PAKLOG CorkLog SplatCloak Splatdropper April 2025),defense-impairment,defense-impairment|execution|stealth,0.9751252304273827,PAKLOG,T1553.002,Code Signing
[Blue Mockingbird](https://attack.mitre.org/groups/G0108) has used Windows Registry modifications to specify a DLL payload.(Citation: RedCanary Mockingbird May 2020),defense-impairment|persistence,defense-impairment|persistence|stealth,0.9750839552468062,Blue Mockingbird,T1112,Modify Registry
[BlackByte Ransomware](https://attack.mitre.org/software/S1180) modifies the victim Registry to prevent system recovery.(Citation: Trustwave BlackByte 2021),defense-impairment|persistence,defense-impairment|impact|persistence,0.9749051792036206,BlackByte Ransomware,T1112,Modify Registry
"[Emotet](https://attack.mitre.org/software/S0367) has leveraged the Admin$, C$, and IPC$ shares for lateral movement. (Citation: Malwarebytes Emotet Dec 2017)(Citation: Binary Defense Emotes Wi-Fi Spreader)",lateral-movement,execution|lateral-movement,0.9748183613130376,Emotet,T1021.002,SMB/Windows Admin Shares
"[RogueRobin](https://attack.mitre.org/software/S0270) gathers BIOS versions and manufacturers, the number of CPU cores, the total physical memory, and the computer name.(Citation: Unit 42 DarkHydrus July 2018)",discovery,discovery|stealth,0.9747801597266579,RogueRobin,T1082,System Information Discovery
"During the [2025 Poland Wiper Attacks](https://attack.mitre.org/campaigns/C0063), the adversaries leveraged stolen credentials from on-premises environments to access cloud services.(Citation: CERT Polska)",initial-access|persistence|privilege-escalation|stealth,credential-access|initial-access|persistence|privilege-escalation,0.9743083392890892,2025 Poland Wiper Attacks,T1078.004,Cloud Accounts
[Dtrack](https://attack.mitre.org/software/S0567) can collect a variety of information from victim machines.(Citation: CyberBit Dtrack),collection,collection|discovery,0.974230118159518,Dtrack,T1005,Data from Local System
[CrackMapExec](https://attack.mitre.org/software/S0488) can create a registry key using wdigest.(Citation: CME Github September 2018),defense-impairment|persistence,defense-impairment|persistence|privilege-escalation,0.9742174487849877,CrackMapExec,T1112,Modify Registry
[Grandoreiro](https://attack.mitre.org/software/S0531) can write or modify browser shortcuts to enable launching of malicious browser extensions.(Citation: IBM Grandoreiro April 2020),persistence|privilege-escalation,defense-impairment|persistence,0.9737812045680942,Grandoreiro,T1547.009,Shortcut Modification
"[PlugX](https://attack.mitre.org/software/S0013) has leveraged obfuscated Windows API function calls that were concealed as unique names, or hashes of the Windows API.(Citation: Eset PlugX Korplug Mustang Panda March 2022)",stealth,execution|stealth,0.9737419600251063,PlugX,T1027.007,Dynamic API Resolution
[FIN13](https://attack.mitre.org/groups/G1016) has injected fraudulent transactions into compromised networks that mimic legitimate behavior to siphon off incremental amounts of money.(Citation: Sygnia Elephant Beetle Jan 2022),impact,privilege-escalation|stealth,0.9733157326665729,FIN13,T1565,Data Manipulation
[Koadic](https://attack.mitre.org/software/S0250) can download files off the target system to send back to the server.(Citation: Github Koadic)(Citation: MalwareBytes LazyScripter Feb 2021),collection,command-and-control,0.9729900837511292,Koadic,T1005,Data from Local System
[DustySky](https://attack.mitre.org/software/S0062) can compress files via RAR while staging data to be exfiltrated.(Citation: Kaspersky MoleRATs April 2019),collection,collection|exfiltration,0.9727333839154477,DustySky,T1560.001,Archive via Utility
[HermeticWiper](https://attack.mitre.org/software/S0697) has the ability to stop the Volume Shadow Copy service.(Citation: Qualys Hermetic Wiper March 2022),impact,execution|impact,0.9725492741908803,HermeticWiper,T1489,Service Stop
The [AshTag](https://attack.mitre.org/software/S9031) loader and AshenOrchestrator components can collect reconnaissance data from victim machines.(Citation: Palo Alto Ashen Lepus DEC 2025),discovery,collection,0.9723590837933691,AshTag,T1082,System Information Discovery
"[njRAT](https://attack.mitre.org/software/S0385) can create, delete, or modify a specified Registry key or value.(Citation: Fidelis njRAT June 2013)(Citation: Trend Micro njRAT 2018)",defense-impairment|persistence,defense-impairment|persistence|stealth,0.9721935586663617,njRAT,T1112,Modify Registry
[LazyWiper](https://attack.mitre.org/software/S9039) has used PowerShell to enable data destruction on targeted systems.(Citation: CERT Polska),execution,execution|impact,0.9721753791826,LazyWiper,T1059.001,PowerShell
[LAPSUS$](https://attack.mitre.org/groups/G1004) has purchased credentials and session tokens from criminal underground forums.(Citation: MSTIC DEV-0537 Mar 2022),reconnaissance,credential-access|stealth,0.9721158463552523,LAPSUS$,T1597.002,Purchase Technical Data
[BlackByte Ransomware](https://attack.mitre.org/software/S1180) creates a schedule task to execute remotely deployed ransomware payloads.(Citation: Trustwave BlackByte 2021),execution|persistence|privilege-escalation,execution|impact|persistence|privilege-escalation,0.971996663043676,BlackByte Ransomware,T1053.005,Scheduled Task
"[APT29](https://attack.mitre.org/groups/G0016) has edited the `Microsoft.IdentityServer.Servicehost.exe.config` file to load a malicious DLL into the AD FS process, thereby enabling persistent access to any service federated with AD FS for a user with a specified User Principal Name.(Citation: MagicWeb)",credential-access|defense-impairment|persistence,persistence|privilege-escalation|stealth,0.9717734327112731,APT29,T1556.007,Hybrid Identity
"After downloading its main config file, [Downdelph](https://attack.mitre.org/software/S0134) downloads multiple payloads from C2 servers.(Citation: ESET Sednit Part 3)",command-and-control,command-and-control|stealth,0.9717690453929133,Downdelph,T1105,Ingress Tool Transfer
"During [Operation Dream Job](https://attack.mitre.org/campaigns/C0022), [Lazarus Group](https://attack.mitre.org/groups/G0032) used code signing certificates issued by Sectigo RSA for some of its malware and tools.(Citation: ESET Lazarus Jun 2020)",resource-development,defense-impairment|resource-development,0.9714729357923745,Operation Dream Job,T1588.003,Code Signing Certificates
"During [Operation Dream Job](https://attack.mitre.org/campaigns/C0022), [Lazarus Group](https://attack.mitre.org/groups/G0032) used a remote XSL script to download a Base64-encoded DLL custom downloader.(Citation: ESET Lazarus Jun 2020)",stealth,command-and-control|stealth,0.9713964951414442,Operation Dream Job,T1220,XSL Script Processing
[EXOTIC LILY](https://attack.mitre.org/groups/G1011) has gathered targeted individuals' e-mail addresses through open source research and website contact forms.(Citation: Google EXOTIC LILY March 2022),reconnaissance,reconnaissance|resource-development,0.9713952359252291,EXOTIC LILY,T1589.002,Email Addresses
[NETWIRE](https://attack.mitre.org/software/S0198) can capture session logon details from a compromised host.(Citation: FireEye NETWIRE March 2019),discovery,collection,0.9708896492715217,NETWIRE,T1049,System Network Connections Discovery
"[LAPSUS$](https://attack.mitre.org/groups/G1004) has used compromised credentials and/or session tokens to gain access into a victim's VPN, VDI, RDP, and IAMs.(Citation: MSTIC DEV-0537 Mar 2022)(Citation: NCC Group LAPSUS Apr 2022)",initial-access|persistence|privilege-escalation|stealth,credential-access|initial-access|lateral-movement|persistence|privilege-escalation|stealth,0.9706373464643401,LAPSUS$,T1078,Valid Accounts
[MgBot](https://attack.mitre.org/software/S1146) includes modules capable of gathering information from USB thumb drives and CD-ROMs on the victim machine given a list of provided criteria.(Citation: ESET EvasivePanda 2023),collection,discovery,0.9705478625548241,MgBot,T1025,Data from Removable Media
[Dtrack](https://attack.mitre.org/software/S0567)’s dropper contains a keylogging executable.(Citation: Securelist Dtrack),collection|credential-access,collection|credential-access|stealth,0.9705459341074908,Dtrack,T1056.001,Keylogging
"To move laterally on a victim network, [FIN6](https://attack.mitre.org/groups/G0037) has used credentials stolen from various systems on which it gathered usernames and password hashes.(Citation: FireEye FIN6 April 2016)(Citation: FireEye FIN6 Apr 2019)(Citation: Visa FIN6 Feb 2019)",initial-access|persistence|privilege-escalation|stealth,credential-access|lateral-movement,0.9702487356197256,FIN6,T1078,Valid Accounts
[Pupy](https://attack.mitre.org/software/S0192) can enable/disable RDP connection and can start a remote desktop session using a browser web socket client.(Citation: GitHub Pupy),lateral-movement,lateral-movement|persistence,0.970067595697913,Pupy,T1021.001,Remote Desktop Protocol
[Daggerfly](https://attack.mitre.org/groups/G1034) created a local account on victim machines to maintain access.(Citation: Symantec Daggerfly 2023),persistence,initial-access|persistence|privilege-escalation,0.9700459481366851,Daggerfly,T1136.001,Local Account
[NPPSPY](https://attack.mitre.org/software/S1131) creates a network listener using the misspelled label logincontroll recorded to the Registry key HKLM\\SYSTEM\\CurrentControlSet\\Control\\NetworkProvider\\Order .(Citation: Huntress NPPSPY 2022),stealth,defense-impairment|persistence|privilege-escalation,0.9699412806456156,NPPSPY,T1684.001,Impersonation
[DarkTortilla](https://attack.mitre.org/software/S1066) has used the `WshShortcut` COM object to create a .lnk shortcut file in the Windows startup folder.(Citation: Secureworks DarkTortilla Aug 2022),execution,persistence|privilege-escalation,0.9697184242622819,DarkTortilla,T1559.001,Component Object Model
"[Pupy](https://attack.mitre.org/software/S0192) can bypass Windows UAC through either DLL hijacking, eventvwr, or appPaths.(Citation: GitHub Pupy)",privilege-escalation,defense-impairment|privilege-escalation,0.9696603747041744,Pupy,T1548.002,Bypass User Account Control
[TONESHELL](https://attack.mitre.org/software/S1239) has injected its malicious payload into a running process through Windows utility Microsoft Application Virtualization Injector `MAVInject.exe`.(Citation: Trend Micro Mustang Panda Earth Preta Toneshell February 2025),stealth,execution|privilege-escalation|stealth,0.9694053306291619,TONESHELL,T1218.013,Mavinject
[Qilin](https://attack.mitre.org/software/S1242) can check `HKEY_LOCAL_MACHINE\System\CurrentControlSet\Control SystemStartOptions` to determine if a machine is running in safe mode.(Citation: Trend Micro Agenda Ransomware AUG 2022),discovery,defense-impairment|discovery,0.9694048392265352,Qilin,T1012,Query Registry
"During [Operation AkaiRyū](https://attack.mitre.org/campaigns/C0060), [MirrorFace](https://attack.mitre.org/groups/G1054) established OneDrive accounts to host malicious payloads.(Citation: ESET MirrorFace 2025)",resource-development,privilege-escalation|resource-development,0.9691090900932365,Operation AkaiRyū,T1585.003,Cloud Accounts
"[PlugX](https://attack.mitre.org/software/S0013) has modified local firewall rules on victim machines to enable a random, high-number listening port for subsequent access and C2 activity.(Citation: Sygnia VelvetAnt 2024A)",defense-impairment,command-and-control|defense-impairment|persistence,0.96904697713913,PlugX,T1686,Disable or Modify System Firewall
"[Empire](https://attack.mitre.org/software/S0363) can leverage WMI debugging to remotely replace binaries like sethc.exe, Utilman.exe, and Magnify.exe with cmd.exe.(Citation: Github PowerShell Empire)",persistence|privilege-escalation,execution,0.9688596854234117,Empire,T1546.008,Accessibility Features
[KGH_SPY](https://attack.mitre.org/software/S0526) can collect drive information from a compromised host.(Citation: Cybereason Kimsuky November 2020),discovery,collection|discovery,0.968655463218728,KGH_SPY,T1680,Local Storage Discovery
"[APT-C-36](https://attack.mitre.org/groups/G0099) has used a macro function to set scheduled tasks, disguised as those used by Google.(Citation: QiAnXin APT-C-36 Feb2019)",execution|persistence|privilege-escalation,execution|persistence|privilege-escalation|stealth,0.9677376213186387,APT-C-36,T1053.005,Scheduled Task
[FIN6](https://attack.mitre.org/groups/G0037) has used the Stealer One credential stealer to target web browsers.(Citation: Visa FIN6 Feb 2019),credential-access,credential-access|reconnaissance,0.9675394089403471,FIN6,T1555.003,Credentials from Web Browsers
"[Empire](https://attack.mitre.org/software/S0363) can automatically gather the username, domain name, machine name, and other information from a compromised system.(Citation: Talos Frankenstein June 2019)",collection,collection|discovery,0.9668658183082749,Empire,T1119,Automated Collection
[LAPSUS$](https://attack.mitre.org/groups/G1004) has searched a victim's network for collaboration platforms like Confluence and JIRA to discover further high-privilege account credentials.(Citation: MSTIC DEV-0537 Mar 2022),collection,discovery,0.9667560198642675,LAPSUS$,T1213.001,Confluence
[Axiom](https://attack.mitre.org/groups/G0001) has used steganography to hide its C2 communications.(Citation: Novetta-Axiom),command-and-control,command-and-control|stealth,0.9667208138075604,Axiom,T1001.002,Steganography
[TrickBot](https://attack.mitre.org/software/S0266) collects local files and information from the victim’s local machine.(Citation: S2 Grupo TrickBot June 2017),collection,collection|discovery,0.9664799948728501,TrickBot,T1005,Data from Local System
"[Stuxnet](https://attack.mitre.org/software/S0603) encrypts exfiltrated data via C2 with static 31-byte long XOR keys.(Citation: Nicolas Falliere, Liam O Murchu, Eric Chien February 2011)",collection,exfiltration,0.9663913912832741,Stuxnet,T1560.003,Archive via Custom Method
The [BlackEnergy](https://attack.mitre.org/software/S0089) component KillDisk is capable of deleting Windows Event Logs.(Citation: ESEST Black Energy Jan 2016),defense-impairment,defense-impairment|stealth,0.9662604698108122,BlackEnergy,T1685.005,Clear Windows Event Logs
[MultiLayer Wiper](https://attack.mitre.org/software/S1135) creates a malicious scheduled task that launches a batch file to remove Windows Event Logs.(Citation: Unit42 Agrius 2023),execution|persistence|privilege-escalation,defense-impairment|execution|persistence|privilege-escalation,0.966020751980372,MultiLayer Wiper,T1053.005,Scheduled Task
[Lizar](https://attack.mitre.org/software/S0681) has a plugin that can retrieve credentials from Internet Explorer and Microsoft Edge using `vaultcmd.exe` and another that can collect RDP access credentials using the `CredEnumerateW` function.(Citation: BiZone Lizar May 2021),credential-access,collection|credential-access,0.9655896158576351,Lizar,T1555.004,Windows Credential Manager
[Skidmap](https://attack.mitre.org/software/S0468) has checked for the existence of specific files including /usr/sbin/setenforce and /etc/selinux/config . It also has the ability to monitor the cryptocurrency miner file and process. (Citation: Trend Micro Skidmap),discovery,discovery|impact,0.9655800651600123,Skidmap,T1083,File and Directory Discovery
"During [Operation Dream Job](https://attack.mitre.org/campaigns/C0022), [Lazarus Group](https://attack.mitre.org/groups/G0032) used tools that conducted a variety of system checks to detect sandboxes or VMware services.(Citation: ClearSky Lazarus Aug 2020)",discovery|stealth,discovery,0.965448038338141,Operation Dream Job,T1497.001,System Checks
[SideCopy](https://attack.mitre.org/groups/G1008) has executed malware by calling the API function `CreateProcessW`.(Citation: MalwareBytes SideCopy Dec 2021),execution,execution|stealth,0.9654343933733981,SideCopy,T1106,Native API
[Crutch](https://attack.mitre.org/software/S0538) can exfiltrate files from compromised systems.(Citation: ESET Crutch December 2020),collection,collection|exfiltration,0.9653759622479979,Crutch,T1005,Data from Local System
[BoomBox](https://attack.mitre.org/software/S0635) can decrypt AES-encrypted files downloaded from C2.(Citation: MSTIC Nobelium Toolset May 2021),stealth,command-and-control|stealth,0.9651278107203498,BoomBox,T1140,Deobfuscate/Decode Files or Information
[SeaDuke](https://attack.mitre.org/software/S0053) compressed data with zlib prior to sending it over C2.(Citation: Mandiant No Easy Breach),collection,collection|command-and-control,0.96499219396559,SeaDuke,T1560.002,Archive via Library
"During [APT28 Nearest Neighbor Campaign](https://attack.mitre.org/campaigns/C0051), [APT28](https://attack.mitre.org/groups/G0007) performed password-spray attacks against public facing services to validate credentials.(Citation: Nearest Neighbor Volexity)",credential-access,credential-access|initial-access|reconnaissance,0.9648248742948077,APT28 Nearest Neighbor Campaign,T1110.003,Password Spraying
[Pupy](https://attack.mitre.org/software/S0192) can use Lazagne for harvesting credentials.(Citation: GitHub Pupy),credential-access,credential-access|reconnaissance,0.9645116322186905,Pupy,T1552.001,Credentials In Files
[Impacket](https://attack.mitre.org/software/S0357)'s `wmiexec` module can be used to execute commands through WMI.(Citation: Impacket Tools)(Citation: Sygnia VelvetAnt 2024A),execution,execution|lateral-movement,0.9644994355123764,Impacket,T1047,Windows Management Instrumentation
"During [RedPenguin](https://attack.mitre.org/campaigns/C0056), [UNC3886](https://attack.mitre.org/groups/G1048) leveraged malware that used UDP and TCP sockets for C2.(Citation: Mandiant UNC3886 Juniper Routers MAR 2025)(Citation: Censys RedPenguin MAR 2025)(Citation: Juniper RedPenguin MAR 2025)",command-and-control,command-and-control|resource-development,0.9644121566223588,RedPenguin,T1095,Non-Application Layer Protocol
"[APT29](https://attack.mitre.org/groups/G0016) has obtained and used a variety of tools including [Mimikatz](https://attack.mitre.org/software/S0002), [SDelete](https://attack.mitre.org/software/S0195), [Tor](https://attack.mitre.org/software/S0183), [meek](https://attack.mitre.org/software/S0175), and [Cobalt Strike](https://attack.mitre.org/software/S0154).(Citation: Mandiant No Easy Breach)(Citation: F-Secure The Dukes)(Citation: Mandiant APT29 Eye Spy Email Nov 22)",resource-development,command-and-control|resource-development,0.9641766242054101,APT29,T1588.002,Tool
[FIN13](https://attack.mitre.org/groups/G1016) has utilized `certutil` to decode base64 encoded versions of custom malware.(Citation: Mandiant FIN13 Aug 2022),stealth,resource-development|stealth,0.9640764709685802,FIN13,T1140,Deobfuscate/Decode Files or Information
[Dtrack](https://attack.mitre.org/software/S0567) has used cmd.exe to add a persistent service.(Citation: CyberBit Dtrack),execution,execution|persistence|privilege-escalation,0.963573026005985,Dtrack,T1059.003,Windows Command Shell
[Embargo](https://attack.mitre.org/software/S1247) has utilized a BAT script to disable security solutions.(Citation: ESET Embargo Ransomware October 2024),execution,defense-impairment|execution,0.9635257595375992,Embargo,T1059.003,Windows Command Shell
[LAPSUS$](https://attack.mitre.org/groups/G1004) has searched a victim's network for collaboration platforms like SharePoint to discover further high-privilege account credentials.(Citation: MSTIC DEV-0537 Mar 2022)(Citation: NCC Group LAPSUS Apr 2022),collection,discovery,0.9635069305316675,LAPSUS$,T1213.002,Sharepoint
[DOWNIISSA](https://attack.mitre.org/software/S9021) can use the `URLDownloadToFileA()` API to download from remote resources.(Citation: Kaspersky LODEINFO OCT 2022),execution,command-and-control|execution,0.9634262024868948,DOWNIISSA,T1106,Native API
[AADInternals](https://attack.mitre.org/software/S0677) can send phishing emails containing malicious links designed to collect users’ credentials.(Citation: AADInternals Documentation),reconnaissance,initial-access,0.9633870031873794,AADInternals,T1598.003,Spearphishing Link
[Qilin](https://attack.mitre.org/software/S1242) can use PowerShell cmdlets to enumerate domain users.(Citation: Cisco Talos Qilin Ransomware OCT 2025),discovery,discovery|execution,0.9633667749859831,Qilin,T1087.002,Domain Account
[Javali](https://attack.mitre.org/software/S0528) has been delivered via malicious links embedded in e-mails.(Citation: Securelist Brazilian Banking Malware July 2020),initial-access,execution|initial-access,0.9630659042218733,Javali,T1566.002,Spearphishing Link
[Grandoreiro](https://attack.mitre.org/software/S0531) has infected victims via malicious attachments.(Citation: IBM Grandoreiro April 2020),execution,execution|initial-access,0.9628986696228383,Grandoreiro,T1204.002,Malicious File
"[Latrodectus](https://attack.mitre.org/software/S1160) can run `C:\Windows\System32\cmd.exe /c net group ""Domain Admins"" /domain` to identify domain administrator accounts.(Citation: Elastic Latrodectus May 2024)",discovery,discovery|persistence,0.9623886905797108,Latrodectus,T1087.002,Domain Account
"[FIN13](https://attack.mitre.org/groups/G1016) has exploited known vulnerabilities such as CVE-2017-1000486 (Primefaces Application Expression Language Injection), CVE-2015-7450 (WebSphere Application Server SOAP Deserialization Exploit), CVE-2010-5326 (SAP NewWeaver Invoker Servlet Exploit), and EDB-ID-24963 (SAP NetWeaver ConfigServlet Remote Code Execution) to gain initial access.(Citation: Mandiant FIN13 Aug 2022)(Citation: Sygnia Elephant Beetle Jan 2022)",initial-access,initial-access|privilege-escalation,0.962037728638403,FIN13,T1190,Exploit Public-Facing Application
"[Stuxnet](https://attack.mitre.org/software/S0603) used WMI with an explorer.exe token to execute on a remote share.(Citation: Nicolas Falliere, Liam O Murchu, Eric Chien February 2011)",execution,execution|lateral-movement|privilege-escalation,0.9616854231382003,Stuxnet,T1047,Windows Management Instrumentation
[PlugX](https://attack.mitre.org/software/S0013) can be configured to use DNS for command and control.(Citation: Dell TG-3390),command-and-control,command-and-control|exfiltration,0.9616181587894103,PlugX,T1071.004,DNS
[NETWIRE](https://attack.mitre.org/software/S0198) can use launch agents for persistence.(Citation: Red Canary NETWIRE January 2020),persistence|privilege-escalation,execution|persistence|privilege-escalation,0.9614134854960553,NETWIRE,T1543.001,Launch Agent
"[LockBit 2.0](https://attack.mitre.org/software/S1199) has been observed creating accounts for persistence using simple names like ""a"".(Citation: Palo Alto Lockbit 2.0 JUN 2022)",persistence,persistence|privilege-escalation|stealth,0.9612032527127448,LockBit 2.0,T1136,Create Account
[WinMM](https://attack.mitre.org/software/S0059) sets a WH_CBT Windows hook to search for and capture files on the victim.(Citation: Baumgartner Naikon 2015),discovery,collection|discovery,0.9611778656941773,WinMM,T1083,File and Directory Discovery
[Pillowmint](https://attack.mitre.org/software/S0517) can iterate through running processes every six seconds collecting a list of processes to capture from later.(Citation: Trustwave Pillowmint June 2020),discovery,collection|discovery,0.9611029804315914,Pillowmint,T1057,Process Discovery
[njRAT](https://attack.mitre.org/software/S0385) has used AutoIt to compile the payload and main script into a single executable after delivery.(Citation: Trend Micro njRAT 2018),stealth,execution|stealth,0.9608814721274666,njRAT,T1027.004,Compile After Delivery
[Qilin](https://attack.mitre.org/software/S1242) can terminate antivirus-related processes and services.(Citation: Trend Micro Agenda Ransomware AUG 2022)(Citation: SentinelOne Qilin NOV 2022)(Citation: Halcyon Qilin.B OCT 2024)(Citation: Picus Qilin MAR 2025),defense-impairment,defense-impairment|impact,0.9608474215599196,Qilin,T1685,Disable or Modify Tools
[APT29](https://attack.mitre.org/groups/G0016) has created self-signed digital certificates to enable mutual TLS authentication for malware.(Citation: PWC WellMess July 2020)(Citation: PWC WellMess C2 August 2020),resource-development,defense-impairment|resource-development,0.960473803330701,APT29,T1587.003,Digital Certificates
[TONESHELL](https://attack.mitre.org/software/S1239) has leveraged custom exception handlers to hide code flow and stop execution of a debugger.(Citation: 2022 November_TrendMicro_Earth Preta_Toneshell_Pubload),discovery|stealth,stealth,0.9604622793516135,TONESHELL,T1622,Debugger Evasion
[Daggerfly](https://attack.mitre.org/groups/G1034) has used PowerShell and [BITSAdmin](https://attack.mitre.org/software/S0190) to retrieve follow-on payloads from external locations for execution on victim machines.(Citation: Symantec Daggerfly 2023),command-and-control,execution|persistence,0.9600131112547209,Daggerfly,T1105,Ingress Tool Transfer
[Gazer](https://attack.mitre.org/software/S0168) performs thread execution hijacking to inject its orchestrator into a running thread from a remote process.(Citation: ESET Gazer Aug 2017)(Citation: Securelist WhiteBear Aug 2017),privilege-escalation|stealth,execution|privilege-escalation|stealth,0.9593642202530241,Gazer,T1055.003,Thread Execution Hijacking
[Tomiris](https://attack.mitre.org/software/S0671) has the ability to collect recent files matching a hardcoded list of extensions prior to exfiltration.(Citation: Kaspersky Tomiris Sep 2021),collection,collection|discovery,0.959043132533419,Tomiris,T1005,Data from Local System
[Latrodectus](https://attack.mitre.org/software/S1160) has routed C2 traffic using Keyhole VNC.(Citation: Palo Alto Latrodectus Activity June 2024),lateral-movement,command-and-control,0.9588310245215098,Latrodectus,T1021.005,VNC
"[Stuxnet](https://attack.mitre.org/software/S0603) searches the Registry for indicators of security programs.(Citation: Nicolas Falliere, Liam O Murchu, Eric Chien February 2011)",discovery,defense-impairment|discovery,0.9582929699835528,Stuxnet,T1012,Query Registry
[KEYMARBLE](https://attack.mitre.org/software/S0271) has the capability to collect information on disk devices.(Citation: US-CERT KEYMARBLE Aug 2018),discovery,collection|discovery,0.9576268129144111,KEYMARBLE,T1680,Local Storage Discovery
[Skidmap](https://attack.mitre.org/software/S0468) is a kernel-mode rootkit that has the ability to hook system calls to hide specific files and fake network and CPU-related statistics to make the CPU load of the infected machine always appear low.(Citation: Trend Micro Skidmap),stealth,discovery|stealth,0.9575913079964045,Skidmap,T1014,Rootkit
[APT29](https://attack.mitre.org/groups/G0016) has used a compromised account to access an organization's VPN infrastructure.(Citation: Mandiant APT29 Microsoft 365 2022),initial-access|persistence|privilege-escalation|stealth,initial-access|persistence|privilege-escalation|resource-development,0.9575229199611238,APT29,T1078,Valid Accounts
[Blue Mockingbird](https://attack.mitre.org/groups/G0108) has used batch script files to automate execution and deployment of payloads.(Citation: RedCanary Mockingbird May 2020),execution,execution|stealth,0.9574938733232987,Blue Mockingbird,T1059.003,Windows Command Shell
[Blue Mockingbird](https://attack.mitre.org/groups/G0108) has used mofcomp.exe to establish WMI Event Subscription persistence mechanisms configured from a *.mof file.(Citation: RedCanary Mockingbird May 2020),persistence|privilege-escalation,execution|persistence|privilege-escalation,0.957434669846275,Blue Mockingbird,T1546.003,Windows Management Instrumentation Event Subscription
[PureCrypter](https://attack.mitre.org/software/S9019) can execute a PowerShell command to self-delete.(Citation: Zscaler PureCrypter JUN 2022),stealth,execution|stealth,0.9572013662432959,PureCrypter,T1070.004,File Deletion
"[TrickBot](https://attack.mitre.org/software/S0266) utilizes EternalBlue and EternalRomance exploits for lateral movement in the modules wormwinDll, wormDll, mwormDll, nwormDll, tabDll.(Citation: ESET Trickbot Oct 2020)",lateral-movement,lateral-movement|stealth,0.9570372131957978,TrickBot,T1210,Exploitation of Remote Services
"[LAPSUS$](https://attack.mitre.org/groups/G1004) has payed employees, suppliers, and business partners of target organizations for credentials.(Citation: MSTIC DEV-0537 Mar 2022)(Citation: NCC Group LAPSUS Apr 2022)",resource-development,credential-access|reconnaissance,0.9569154053890263,LAPSUS$,T1586.002,Email Accounts
"During [Operation AkaiRyū](https://attack.mitre.org/campaigns/C0060), [MirrorFace](https://attack.mitre.org/groups/G1054) exported Chrome web data including contact information, keywords, autofill data, and stored credit card information.(Citation: ESET MirrorFace 2025)",discovery,collection,0.9565672349416375,Operation AkaiRyū,T1217,Browser Information Discovery
[LockBit 3.0](https://attack.mitre.org/software/S1202) can enable automatic logon through the `SOFTWARE\Microsoft\Windows NT\CurrentVersion\Winlogon` Registry key.(Citation: Joint Cybersecurity Advisory LockBit 3.0 MAR 2023),persistence|privilege-escalation,defense-impairment|persistence|privilege-escalation,0.9563481775832928,LockBit 3.0,T1547.004,Winlogon Helper DLL
[BoomBox](https://attack.mitre.org/software/S0635) can check its current working directory and for the presence of a specific file and terminate if specific values are not found.(Citation: MSTIC Nobelium Toolset May 2021),stealth,discovery|stealth,0.9559614343543464,BoomBox,T1480,Execution Guardrails
[BlackEnergy](https://attack.mitre.org/software/S0089) attempts to bypass default User Access Control (UAC) settings by exploiting a backward-compatibility setting found in Windows 7 and later.(Citation: F-Secure BlackEnergy 2014),privilege-escalation,defense-impairment|privilege-escalation,0.9556032960284134,BlackEnergy,T1548.002,Bypass User Account Control
[LockBit 2.0](https://attack.mitre.org/software/S1199) can bypass UAC through creating the Registry key `HKEY_LOCAL_MACHINE\SOFTWARE\WOW6432Node\Microsoft\Windows NT\CurrentVersion\ICM\Calibration`.(Citation: FBI Lockbit 2.0 FEB 2022)(Citation: Palo Alto Lockbit 2.0 JUN 2022),privilege-escalation,defense-impairment|persistence|privilege-escalation,0.9555438628889817,LockBit 2.0,T1548.002,Bypass User Account Control
"During [C0015](https://attack.mitre.org/campaigns/C0015), the threat actors used a malicious HTA file that contained a mix of HTML and JavaScript/VBScript code.(Citation: DFIR Conti Bazar Nov 2021)",execution,execution|stealth,0.9554475226373573,C0015,T1059.005,Visual Basic
[MirrorFace](https://attack.mitre.org/groups/G1054) has deleted Windows event logs.(Citation: JPCERT MirrorFace JUL 2024),defense-impairment,defense-impairment|stealth,0.9551940183775893,MirrorFace,T1685.005,Clear Windows Event Logs
[Daggerfly](https://attack.mitre.org/groups/G1034) has used strategic website compromise to deliver a malicious link requiring user interaction.(Citation: ESET EvasivePanda 2024),execution,execution|initial-access,0.9548835202195949,Daggerfly,T1204.001,Malicious Link
[Doki](https://attack.mitre.org/software/S0600) was executed through an open Docker daemon API port.(Citation: Intezer Doki July 20),initial-access|persistence,execution,0.9547817014474548,Doki,T1133,External Remote Services
"[BADNEWS](https://attack.mitre.org/software/S0128) identifies files with certain extensions from USB devices, then copies them to a predefined directory.(Citation: TrendMicro Patchwork Dec 2017)",discovery,collection,0.9547196981327616,BADNEWS,T1083,File and Directory Discovery
[DarkTortilla](https://attack.mitre.org/software/S1066) can download a keylogging module.(Citation: Secureworks DarkTortilla Aug 2022),collection|credential-access,collection|command-and-control|credential-access,0.9547014721656093,DarkTortilla,T1056.001,Keylogging
[Embargo](https://attack.mitre.org/software/S1247) has terminated active processes and services based on a hardcoded list using the `CloseServiceHandle()` function.(Citation: Cyble Embargo Ransomware May 2024) [Embargo](https://attack.mitre.org/software/S1247) has also leveraged MS4Killer to terminate processes contained in an embedded list of security software process names that were XOR-encrypted.(Citation: ESET Embargo Ransomware October 2024),impact,defense-impairment|impact|stealth,0.954695797665626,Embargo,T1489,Service Stop
[Lokibot](https://attack.mitre.org/software/S0447) is delivered via a malicious XLS attachment contained within a spearhpishing email.(Citation: Talos Lokibot Jan 2021),initial-access,execution|initial-access,0.9546926378472804,Lokibot,T1566.001,Spearphishing Attachment
[Elise](https://attack.mitre.org/software/S0081) creates a file in AppData\Local\Microsoft\Windows\Explorer and stores all harvested data in that file.(Citation: Accenture Dragonfish Jan 2018),collection,collection|stealth,0.9545579004453012,Elise,T1074.001,Local Data Staging
[Daggerfly](https://attack.mitre.org/groups/G1034) used PowerShell to download and execute remote-hosted files on victim systems.(Citation: Symantec Daggerfly 2023),execution,command-and-control|execution,0.9543519682645456,Daggerfly,T1059.001,PowerShell
[HAWKBALL](https://attack.mitre.org/software/S0391) has exploited Microsoft Office vulnerabilities CVE-2017-11882 and CVE-2018-0802 to deliver the payload.(Citation: FireEye HAWKBALL Jun 2019),execution,execution|initial-access,0.9543506954451814,HAWKBALL,T1203,Exploitation for Client Execution
"After initial execution, [BPFDoor](https://attack.mitre.org/software/S1161) forks itself and runs the fork with the `--init` flag, which allows it to execute secondary clean up operations. The parent process terminates leaving the forked process to be inherited by the legitimate process init.(Citation: Sandfly BPFDoor 2022)",stealth,privilege-escalation|stealth,0.9543105089777469,BPFDoor,T1036.009,Break Process Trees
[EnvyScout](https://attack.mitre.org/software/S0634) can Base64 encode payloads.(Citation: MSTIC Nobelium Toolset May 2021),stealth,command-and-control|stealth,0.9542043456524306,EnvyScout,T1027.013,Encrypted/Encoded File
"For [Operation Spalax](https://attack.mitre.org/campaigns/C0005), the threat actors used dynamic DNS services, including Duck DNS and DNS Exit, as part of their C2 infrastructure.(Citation: ESET Operation Spalax Jan 2021)",command-and-control,command-and-control|resource-development,0.954006452986067,Operation Spalax,T1568,Dynamic Resolution
[KGH_SPY](https://attack.mitre.org/software/S0526) can harvest data from mail clients.(Citation: Cybereason Kimsuky November 2020),collection,collection|credential-access,0.9536398627681002,KGH_SPY,T1114.001,Local Email Collection
[PACEMAKER](https://attack.mitre.org/software/S1109) has the ability to extract credentials from OS memory.(Citation: Mandiant Pulse Secure Zero-Day April 2021),credential-access,collection|credential-access,0.9535444373468897,PACEMAKER,T1003.007,Proc Filesystem
"During [Operation Dream Job](https://attack.mitre.org/campaigns/C0022), [Lazarus Group](https://attack.mitre.org/groups/G0032) executed a VBA written malicious macro after victims download malicious DOTM files; [Lazarus Group](https://attack.mitre.org/groups/G0032) also used Visual Basic macro code to extract a double Base64 encoded DLL implant.(Citation: ClearSky Lazarus Aug 2020)(Citation: McAfee Lazarus Jul 2020)",execution,execution|stealth,0.9534325046836559,Operation Dream Job,T1059.005,Visual Basic
[MirageFox](https://attack.mitre.org/software/S0280) can collect CPU and architecture information from the victim’s machine.(Citation: APT15 Intezer June 2018),discovery,collection|discovery,0.9533277838224714,MirageFox,T1082,System Information Discovery
[USBStealer](https://attack.mitre.org/software/S0136) automatically exfiltrates collected files via removable media when an infected device connects to an air-gapped victim machine after initially being connected to an internet-enabled victim machine. (Citation: ESET Sednit USBStealer 2014),exfiltration,collection|exfiltration|initial-access,0.9531825533087884,USBStealer,T1020,Automated Exfiltration
[Pysa](https://attack.mitre.org/software/S0583) has executed a malicious executable by naming it svchost.exe.(Citation: CERT-FR PYSA April 2020),stealth,execution|stealth,0.9523726517247395,Pysa,T1036.005,Match Legitimate Resource Name or Location
[FIN6](https://attack.mitre.org/groups/G0037) used the Plink command-line utility to create SSH tunnels to C2 servers.(Citation: FireEye FIN6 April 2016),command-and-control,command-and-control|execution,0.9519765657408701,FIN6,T1572,Protocol Tunneling
[Brute Ratel C4](https://attack.mitre.org/software/S1063) has used reflective loading to execute malicious DLLs.(Citation: MDSec Brute Ratel August 2022),stealth,execution|stealth,0.9518007411583921,Brute Ratel C4,T1620,Reflective Code Loading
[Gazer](https://attack.mitre.org/software/S0168) stores configuration items in alternate data streams (ADSs) if the Registry is not accessible.(Citation: ESET Gazer Aug 2017),stealth,defense-impairment|persistence|stealth,0.9513996288843994,Gazer,T1564.004,NTFS File Attributes
[Qilin](https://attack.mitre.org/software/S1242) can list all local users found on a targeted system.(Citation: Trend Micro Agenda Ransomware AUG 2022),discovery,discovery|impact,0.9512017255539229,Qilin,T1087.001,Local Account
[STARWHALE](https://attack.mitre.org/software/S1037) can use the VBScript function `GetRef` as part of its persistence mechanism.(Citation: Mandiant UNC3313 Feb 2022),execution,execution|persistence,0.9511722436948612,STARWHALE,T1059.005,Visual Basic
[CORESHELL](https://attack.mitre.org/software/S0137) collects hostname and OS version data from the victim and sends the information to its C2 server.(Citation: FireEye APT28),discovery,collection|discovery|exfiltration,0.9507531087920817,CORESHELL,T1082,System Information Discovery
[Emotet](https://attack.mitre.org/software/S0367) uses RegSvr32 to execute the DLL payload.(Citation: emotet_trendmicro_mar2023),stealth,execution|stealth,0.950580246621081,Emotet,T1218.010,Regsvr32
The `net localgroup` and `net group` commands in [Net](https://attack.mitre.org/software/S0039) can be used to add existing users to local and domain groups.(Citation: Microsoft Net Localgroup) (Citation: Microsoft Net Group),persistence|privilege-escalation,discovery,0.9503624533352697,Net,T1098.007,Additional Local or Domain Groups
[OilBooster](https://attack.mitre.org/software/S1172) has the ability to execute shell commands and exfiltrate the results.(Citation: ESET OilRig Downloaders DEC 2023),execution,execution|exfiltration,0.9500094982034285,OilBooster,T1059.003,Windows Command Shell
"[Stuxnet](https://attack.mitre.org/software/S0603) can propagate via peer-to-peer communication and updates using RPC.(Citation: Nicolas Falliere, Liam O Murchu, Eric Chien February 2011)",lateral-movement,command-and-control,0.949759721557544,Stuxnet,T1021,Remote Services
[RogueRobin](https://attack.mitre.org/software/S0270) base64 encodes strings that are sent to the C2 over its DNS tunnel.(Citation: Unit 42 DarkHydrus July 2018),command-and-control,command-and-control|stealth,0.9495886630336628,RogueRobin,T1132.001,Standard Encoding
[BADNEWS](https://attack.mitre.org/software/S0128) typically loads its DLL file into a legitimate signed Java or VMware executable.(Citation: Forcepoint Monsoon)(Citation: PaloAlto Patchwork Mar 2018),execution|stealth,stealth,0.949434525165955,BADNEWS,T1574.001,DLL
[APT29](https://attack.mitre.org/groups/G0016) has compromised email accounts to further enable phishing campaigns and taken control of dormant accounts.(Citation: ANSSI Nobelium Phishing December 2021)(Citation: Mandiant APT29 Microsoft 365 2022),resource-development,initial-access|resource-development,0.9493465973073287,APT29,T1586.002,Email Accounts
[LAMEHUG](https://attack.mitre.org/software/S9035) has the ability to collect system information and files of interest from compromised systems.(Citation: Splunk LAMEHUG SEP 2025)(Citation: Nov AI Threat Tracker),collection,collection|discovery,0.9492140734794456,LAMEHUG,T1005,Data from Local System
[PureCrypter](https://attack.mitre.org/software/S9019) has the ability to delay for a specified number of seconds before execution.(Citation: Zscaler PureCrypter JUN 2022),stealth,discovery|stealth,0.9491548904125036,PureCrypter,T1678,Delay Execution
"[Blue Mockingbird](https://attack.mitre.org/groups/G0108) has collected hardware details for the victim's system, including CPU and memory information.(Citation: RedCanary Mockingbird May 2020)",discovery,collection|discovery,0.9483786710591688,Blue Mockingbird,T1082,System Information Discovery
[Lokibot](https://attack.mitre.org/software/S0447) embedded the commands schtasks /Run /TN \Microsoft\Windows\DiskCleanup\SilentCleanup /I inside a batch script.(Citation: Talos Lokibot Jan 2021),execution|persistence|privilege-escalation,execution,0.9483735967548785,Lokibot,T1053.005,Scheduled Task
[Pacu](https://attack.mitre.org/software/S1091) leverages valid cloud accounts to perform most of its operations.(Citation: GitHub Pacu),initial-access|persistence|privilege-escalation|stealth,initial-access|persistence|privilege-escalation|resource-development|stealth,0.9481238332086152,Pacu,T1078.004,Cloud Accounts
[Kapeka](https://attack.mitre.org/software/S1190) utilizes WinAPI calls to gather victim system information.(Citation: WithSecure Kapeka 2024),execution,discovery|execution,0.9480783475582559,Kapeka,T1106,Native API
[TONESHELL](https://attack.mitre.org/software/S1239) has used DLL injection to execute payloads received from the C2 server.(Citation: Zscaler),privilege-escalation|stealth,execution|privilege-escalation|stealth,0.9479131064312577,TONESHELL,T1055.001,Dynamic-link Library Injection
"[Indrik Spider](https://attack.mitre.org/groups/G0119) has downloaded tools, such as the Advanced Port Scanner utility and Lansweeper, to conduct internal reconnaissance of the victim network. [Indrik Spider](https://attack.mitre.org/groups/G0119) has also accessed the victim’s VMware VCenter, which had information about host configuration, clusters, etc.(Citation: Mandiant_UNC2165)",reconnaissance,discovery,0.9478782727012812,Indrik Spider,T1590,Gather Victim Network Information
[APT-C-36](https://attack.mitre.org/groups/G0099) has regularly used compromised email accounts in spearphishing campaigns.(Citation: Recorded Future TAG-144 AUG 2025)(Citation: Zscaler BlindEagle DEC 2025),resource-development,initial-access|resource-development,0.9476473544433746,APT-C-36,T1586.002,Email Accounts
[APT29](https://attack.mitre.org/groups/G0016) has used Dynamic DNS providers for their malware C2 infrastructure.(Citation: Mandiant APT29 Eye Spy Email Nov 22),command-and-control,command-and-control|resource-development,0.9476100970634133,APT29,T1568,Dynamic Resolution
[KGH_SPY](https://attack.mitre.org/software/S0526) can collect credentials from WINSCP.(Citation: Cybereason Kimsuky November 2020),credential-access,collection|credential-access,0.9468473021549499,KGH_SPY,T1555,Credentials from Password Stores
[Cuckoo Stealer](https://attack.mitre.org/software/S1153) can use `launchctl` to load a LaunchAgent for persistence.(Citation: Kandji Cuckoo April 2024),execution,execution|persistence|privilege-escalation,0.9465160008860802,Cuckoo Stealer,T1569.001,Launchctl
[Blue Mockingbird](https://attack.mitre.org/groups/G0108) has used wmic.exe and Windows Registry modifications to set the COR_PROFILER environment variable to execute a malicious DLL whenever a process loads the .NET CLR.(Citation: RedCanary Mockingbird May 2020),execution|stealth,defense-impairment|execution|persistence|stealth,0.9463632800600388,Blue Mockingbird,T1574.012,COR_PROFILER
[Troll Stealer](https://attack.mitre.org/software/S1196) creates and executes a PowerShell script to delete itself.(Citation: S2W Troll Stealer 2024),execution,execution|stealth,0.9462634071246734,Troll Stealer,T1059.001,PowerShell
[Qilin](https://attack.mitre.org/software/S1242) has been executed by luring victims into clicking links in spearphishing emails.(Citation: SentinelOne Qilin NOV 2022)(Citation: Sophos Qilin MSP APR 2025),execution,execution|initial-access,0.9458542627849579,Qilin,T1204.001,Malicious Link
[SslMM](https://attack.mitre.org/software/S0058) creates a new thread implementing a keylogging facility using Windows Keyboard Accelerators.(Citation: Baumgartner Naikon 2015),collection|credential-access,collection|credential-access|privilege-escalation,0.9453768976140412,SslMM,T1056.001,Keylogging
[MirrorFace](https://attack.mitre.org/groups/G1054) has abused a known Microsoft digital signature verification issues to append encrypted data to digital signatures that still appear to be validly signed.(Citation: ESET MirrorFace DEC 2022),defense-impairment,defense-impairment|stealth,0.9453568424735639,MirrorFace,T1553.002,Code Signing
[UPSTYLE](https://attack.mitre.org/software/S1164) creates a `.pth` file beginning with the text `import` so that any time another process or script attempts to reference the modified item the malicious code will also run.(Citation: Volexity UPSTYLE 2024),persistence|privilege-escalation,persistence|privilege-escalation|stealth,0.9453015460662109,UPSTYLE,T1546,Event Triggered Execution
"[Playcrypt](https://attack.mitre.org/software/S1162) can avoid encrypting files with a .PLAY, .exe, .msi, .dll, .lnk, or .sys file extension.(Citation: Trend Micro Ransomware Spotlight Play July 2023)",discovery,impact|stealth,0.9451000811136478,Playcrypt,T1083,File and Directory Discovery
[FIN13](https://attack.mitre.org/groups/G1016) has created MS-SQL local accounts in a compromised network.(Citation: Sygnia Elephant Beetle Jan 2022),persistence,initial-access|persistence|privilege-escalation|resource-development,0.9445718115591192,FIN13,T1136.001,Local Account
[APT-C-36](https://attack.mitre.org/groups/G0099) has used a fileless attack chain composed of three JavaScript code snippets to execute subsequent payloads.(Citation: Zscaler BlindEagle DEC 2025),execution,execution|stealth,0.9445300488712456,APT-C-36,T1059.007,JavaScript
"During [Operation Dream Job](https://attack.mitre.org/campaigns/C0022), [Lazarus Group](https://attack.mitre.org/groups/G0032) digitally signed their own malware to evade detection.(Citation: ESET Lazarus Jun 2020)",defense-impairment,defense-impairment|resource-development,0.9444700930996464,Operation Dream Job,T1553.002,Code Signing
[BPFDoor](https://attack.mitre.org/software/S1161) creates a zero byte PID file at `/var/run/haldrund.pid`. [BPFDoor](https://attack.mitre.org/software/S1161) uses this file to determine if it is already running on a system to ensure only one instance is executing at a time.(Citation: Sandfly BPFDoor 2022),stealth,discovery|stealth,0.9443795716091518,BPFDoor,T1480,Execution Guardrails
[BlackByte Ransomware](https://attack.mitre.org/software/S1180) identifies the language on the victim system.(Citation: Trustwave BlackByte 2021),discovery,discovery|impact,0.944323915596124,BlackByte Ransomware,T1614.001,System Language Discovery
[Grandoreiro](https://attack.mitre.org/software/S0531) has been spread via malicious links embedded in e-mails.(Citation: IBM Grandoreiro April 2020)(Citation: ESET Grandoreiro April 2020),initial-access,execution|initial-access,0.9441871743500106,Grandoreiro,T1566.002,Spearphishing Link
[Pillowmint](https://attack.mitre.org/software/S0517) has collected credit card data using native API functions.(Citation: Trustwave Pillowmint June 2020),collection,collection|execution,0.9441359530111928,Pillowmint,T1005,Data from Local System
"Once a removable media device is inserted back into the first victim, [USBStealer](https://attack.mitre.org/software/S0136) collects data from it that was exfiltrated from a second victim.(Citation: ESET Sednit USBStealer 2014)(Citation: Kaspersky Sofacy)",collection,collection|exfiltration,0.9440144899746643,USBStealer,T1025,Data from Removable Media
"During [RedPenguin](https://attack.mitre.org/campaigns/C0056), [UNC3886](https://attack.mitre.org/groups/G1048) used infrastructure associated with operational relay box (ORB) networks.(Citation: Mandiant UNC3886 Juniper Routers MAR 2025)",command-and-control,resource-development,0.9436302081565127,RedPenguin,T1090.003,Multi-hop Proxy
[PlugX](https://attack.mitre.org/software/S0013) has deleted registry keys that store data and maintained persistence.(Citation: Eset PlugX Korplug Mustang Panda March 2022),stealth,defense-impairment|persistence|stealth,0.9433963734905755,PlugX,T1070.009,Clear Persistence
[FIN13](https://attack.mitre.org/groups/G1016) has used `netstat` and other net commands for network reconnaissance efforts.(Citation: Mandiant FIN13 Aug 2022),discovery,discovery|resource-development,0.9432279998967715,FIN13,T1049,System Network Connections Discovery
[DarkTortilla](https://attack.mitre.org/software/S1066) has used `%HiddenReg%` and `%HiddenKey%` as part of its persistence via the Windows registry.(Citation: Secureworks DarkTortilla Aug 2022),stealth,persistence,0.9431081284377135,DarkTortilla,T1564,Hide Artifacts
The net use \\system\share /delete command can be used in [Net](https://attack.mitre.org/software/S0039) to remove an established connection to a network share.(Citation: Technet Net Use),stealth,lateral-movement,0.9429793453842225,Net,T1070.005,Network Share Connection Removal
"During [Operation AkaiRyū](https://attack.mitre.org/campaigns/C0060), [MirrorFace](https://attack.mitre.org/groups/G1054) disguised LNK and SFX (self-extracting) files as Word documents to lure victims into opening malicious files.(Citation: Trend Micro Earth Kasha Anel NOV 2024)(Citation: ESET MirrorFace 2025)",stealth,execution,0.9429514821848424,Operation AkaiRyū,T1036.008,Masquerade File Type
[Koadic](https://attack.mitre.org/software/S0250) has used PowerShell to establish persistence.(Citation: MalwareBytes LazyScripter Feb 2021),execution,execution|persistence|privilege-escalation,0.9428857558670756,Koadic,T1059.001,PowerShell
[TONESHELL](https://attack.mitre.org/software/S1239) has used WMI queries to gather information from the system.(Citation: ATTACKIQ MUSTANG PANDA TONESHELL March 2023),execution,discovery|execution,0.9426286509471287,TONESHELL,T1047,Windows Management Instrumentation
"[APT38](https://attack.mitre.org/groups/G0082) installed a port monitoring tool, MAPMAKER, to print the active TCP connections on the local system.(Citation: FireEye APT38 Oct 2018)",discovery,command-and-control|discovery,0.9426179200457367,APT38,T1049,System Network Connections Discovery
[NGLite](https://attack.mitre.org/software/S1106) will initially beacon out to the NKN network via an HTTP POST over TCP 30003.(Citation: NGLite Trojan),command-and-control,command-and-control|exfiltration,0.9422768670725093,NGLite,T1071.001,Web Protocols
[Suckfly](https://attack.mitre.org/groups/G0039) has used stolen certificates to sign its malware.(Citation: Symantec Suckfly March 2016),defense-impairment,defense-impairment|resource-development,0.9421336259073634,Suckfly,T1553.002,Code Signing
"For [Operation Spalax](https://attack.mitre.org/campaigns/C0005), the threat actors used a variety of packers and droppers to decrypt malicious payloads.(Citation: ESET Operation Spalax Jan 2021)",stealth,resource-development|stealth,0.9419380026296138,Operation Spalax,T1140,Deobfuscate/Decode Files or Information
"[Impacket](https://attack.mitre.org/software/S0357) has used its `wmiexec` command, leveraging Windows Management Instrumentation, to remotely stage and execute payloads in victim networks.(Citation: Sygnia VelvetAnt 2024A)",lateral-movement,execution|lateral-movement,0.9418063125407304,Impacket,T1570,Lateral Tool Transfer
[Psylo](https://attack.mitre.org/software/S0078) has a command to conduct timestomping by setting a specified file’s timestamps to match those of a system file in the System32 directory.(Citation: Scarlet Mimic Jan 2016),stealth,discovery|stealth,0.9416806697644401,Psylo,T1070.006,Timestomp
"[Embargo](https://attack.mitre.org/software/S1247) has searched for folders, subfolders and other networked or mounted drives for follow-on encryption actions.(Citation: Cyble Embargo Ransomware May 2024)",discovery,discovery|impact,0.9413969219277422,Embargo,T1135,Network Share Discovery
[LAPSUS$](https://attack.mitre.org/groups/G1004) has used DCSync attacks to gather credentials for privilege escalation routines.(Citation: MSTIC DEV-0537 Mar 2022),credential-access,credential-access|privilege-escalation,0.9412488930426552,LAPSUS$,T1003.006,DCSync
[Diskpart](https://attack.mitre.org/software/S9002) can be used to delete a partition or a volume.(Citation: Microsoft_diskpart_Feb2023) [Diskpart](https://attack.mitre.org/software/S9002) can also be used to remove all partitions or volume formatting from the selected disk.(Citation: Trendmicro_RansomHub_Dec2024),impact,impact|stealth,0.9411399660986433,Diskpart,T1561.002,Disk Structure Wipe
[AADInternals](https://attack.mitre.org/software/S0677) can check for the existence of user email addresses using public Microsoft APIs.(Citation: AADInternals Documentation)(Citation: Azure AD Recon),reconnaissance,discovery,0.9407817820766103,AADInternals,T1589.002,Email Addresses
[APT-C-36](https://attack.mitre.org/groups/G0099) has used VPNs in their operational infrastructure.(Citation: Recorded Future TAG-144 AUG 2025),initial-access|persistence,resource-development,0.9404373663274419,APT-C-36,T1133,External Remote Services
"[WastedLocker](https://attack.mitre.org/software/S0612)'s custom crypter, CryptOne, leveraged the VirtualAlloc() API function to help execute the payload.(Citation: NCC Group WastedLocker June 2020)",execution,execution|stealth,0.940336122537392,WastedLocker,T1106,Native API
[NETWIRE](https://attack.mitre.org/software/S0198) can store its configuration information in the Registry under `HKCU:\Software\Netwire`.(Citation: Red Canary NETWIRE January 2020),stealth,defense-impairment|persistence,0.9402927458022449,NETWIRE,T1027.011,Fileless Storage
[Turian](https://attack.mitre.org/software/S0647) can scan for removable media to collect data.(Citation: ESET BackdoorDiplomacy Jun 2021),discovery,collection|discovery,0.9396581167529247,Turian,T1120,Peripheral Device Discovery
[TEARDROP](https://attack.mitre.org/software/S0560) checked that HKU\SOFTWARE\Microsoft\CTF existed before decoding its embedded payload.(Citation: FireEye SUNBURST Backdoor December 2020)(Citation: Microsoft Deep Dive Solorigate January 2021),discovery,stealth,0.9391839136014368,TEARDROP,T1012,Query Registry
[Neoichor](https://attack.mitre.org/software/S0691) can use the Internet Explorer (IE) COM interface to connect and receive commands from C2.(Citation: Microsoft NICKEL December 2021),execution,command-and-control,0.9390152315019117,Neoichor,T1559.001,Component Object Model
[Neoichor](https://attack.mitre.org/software/S0691) has the ability to configure browser settings by modifying Registry entries under `HKEY_CURRENT_USER\Software\Microsoft\Internet Explorer`.(Citation: Microsoft NICKEL December 2021),defense-impairment|persistence,defense-impairment|discovery|persistence|privilege-escalation,0.9387234739792145,Neoichor,T1112,Modify Registry
[Hikit](https://attack.mitre.org/software/S0009) has used [DLL](https://attack.mitre.org/techniques/T1574/001) to load oci.dll as a persistence mechanism.(Citation: FireEye Hikit Rootkit),execution|stealth,execution|persistence|privilege-escalation|stealth,0.9378986896382111,Hikit,T1574.001,DLL
[Agent.btz](https://attack.mitre.org/software/S0092) attempts to download an encrypted binary from a specified domain.(Citation: ThreatExpert Agent.btz),command-and-control,command-and-control|stealth,0.9372415572400252,Agent.btz,T1105,Ingress Tool Transfer
[MirrorFace](https://attack.mitre.org/groups/G1054) has exfiltrated stored emails from compromised hosts.(Citation: ESET MirrorFace DEC 2022),collection,collection|exfiltration,0.9371641994641136,MirrorFace,T1114.001,Local Email Collection
[PlugX](https://attack.mitre.org/software/S0013) can identify removable media attached to compromised hosts.(Citation: DOJ Affidavit Search and Seizure PlugX December 2024),discovery,discovery|initial-access,0.9369489383914453,PlugX,T1120,Peripheral Device Discovery
[StrelaStealer](https://attack.mitre.org/software/S1183) variants have included excessive mathematical functions padding the binary and slowing execution for anti-analysis and sandbox evasion purposes.(Citation: Fortgale StrelaStealer 2023),stealth,discovery|stealth,0.9366072108406858,StrelaStealer,T1027.016,Junk Code Insertion
[Cuckoo Stealer](https://attack.mitre.org/software/S1153) can achieve persistence by creating launch agents to repeatedly execute malicious payloads.(Citation: Kandji Cuckoo April 2024)(Citation: SentinelOne Cuckoo Stealer May 2024),persistence|privilege-escalation,execution|persistence|privilege-escalation,0.9365299457604368,Cuckoo Stealer,T1543.001,Launch Agent
"During [RedPenguin](https://attack.mitre.org/campaigns/C0056), [UNC3886](https://attack.mitre.org/groups/G1048) used backdoor malware capable of downloading files to compromised infrastructure.(Citation: Mandiant UNC3886 Juniper Routers MAR 2025)",command-and-control,command-and-control|resource-development,0.9360828154320779,RedPenguin,T1105,Ingress Tool Transfer
[APT29](https://attack.mitre.org/groups/G0016) has used a compromised global administrator account in Azure AD to backdoor a service principal with `ApplicationImpersonation` rights to start collecting emails from targeted mailboxes; [APT29](https://attack.mitre.org/groups/G0016) has also used compromised accounts holding `ApplicationImpersonation` rights in Exchange to collect emails.(Citation: Mandiant APT29 Microsoft 365 2022)(Citation: Mandiant APT29 Eye Spy Email Nov 22),persistence|privilege-escalation,initial-access|persistence|privilege-escalation|stealth,0.9359670852355763,APT29,T1098.002,Additional Email Delegate Permissions
[FIN13](https://attack.mitre.org/groups/G1016) has utilized tools such as Incognito V2 for token manipulation and impersonation.(Citation: Sygnia Elephant Beetle Jan 2022),privilege-escalation|stealth,privilege-escalation|resource-development|stealth,0.935754865788755,FIN13,T1134.003,Make and Impersonate Token
[APT33](https://attack.mitre.org/groups/G0064) has utilized PowerShell to download files from the C2 server and run various scripts. (Citation: Symantec Elfin Mar 2019)(Citation: Microsoft Holmium June 2020),execution,command-and-control|execution,0.9355271862578263,APT33,T1059.001,PowerShell
"[P8RAT](https://attack.mitre.org/software/S0626) has the ability to ""sleep"" for a specified time to evade detection.(Citation: Securelist APT10 March 2021)",discovery|stealth,discovery|exfiltration|stealth,0.9352681217290527,P8RAT,T1497.003,Time Based Checks
[Pupy](https://attack.mitre.org/software/S0192) can list local and remote shared drives and folders over SMB.(Citation: GitHub Pupy),discovery,discovery|lateral-movement,0.9352479975254232,Pupy,T1135,Network Share Discovery
[LAPSUS$](https://attack.mitre.org/groups/G1004) has added the global admin role to accounts they have created in the targeted organization's cloud instances.(Citation: MSTIC DEV-0537 Mar 2022),persistence|privilege-escalation,persistence|privilege-escalation|stealth,0.9351162899505789,LAPSUS$,T1098.003,Additional Cloud Roles
[Indrik Spider](https://attack.mitre.org/groups/G0119) has searched files to obtain and exfiltrate credentials.(Citation: Mandiant_UNC2165),credential-access,credential-access|exfiltration,0.9350052869486123,Indrik Spider,T1552.001,Credentials In Files
"[Dtrack](https://attack.mitre.org/software/S0567) can collect the RegisteredOwner, RegisteredOrganization, and InstallDate registry values.(Citation: CyberBit Dtrack)",discovery,defense-impairment|discovery|persistence,0.9347446707250293,Dtrack,T1012,Query Registry
[Indrik Spider](https://attack.mitre.org/groups/G0119) has used a service account to extract copies of the `Security` Registry hive.(Citation: Mandiant_UNC2165),discovery,credential-access|persistence,0.9342852756801258,Indrik Spider,T1012,Query Registry
[APT38](https://attack.mitre.org/groups/G0082) has used DYEPACK.FOX to manipulate PDF data as it is accessed to remove traces of fraudulent SWIFT transactions from the data displayed to the end user.(Citation: FireEye APT38 Oct 2018),impact,collection|stealth,0.9341587324582434,APT38,T1565.003,Runtime Data Manipulation
"[Stuxnet](https://attack.mitre.org/software/S0603) uses an RPC server that contains a file dropping routine and support for payload version updates for P2P communications within a victim network.(Citation: Nicolas Falliere, Liam O Murchu, Eric Chien February 2011)",lateral-movement,command-and-control,0.9341405395650151,Stuxnet,T1570,Lateral Tool Transfer
[LAPSUS$](https://attack.mitre.org/groups/G1004) has called victims' help desk and impersonated legitimate users with previously gathered information in order to gain access to privileged accounts.(Citation: MSTIC DEV-0537 Mar 2022),stealth,initial-access|persistence|privilege-escalation|stealth,0.9340269149729071,LAPSUS$,T1684.001,Impersonation
[T9000](https://attack.mitre.org/software/S0098) searches through connected drives for removable storage devices.(Citation: Palo Alto T9000 Feb 2016),discovery,discovery|lateral-movement,0.933993491712802,T9000,T1120,Peripheral Device Discovery
[xCmd](https://attack.mitre.org/software/S0123) can be used to execute binaries on remote systems by creating and starting a service.(Citation: xCmd),execution,execution|lateral-movement|persistence|privilege-escalation,0.9338201085749755,xCmd,T1569.002,Service Execution
"During [Operation Spalax](https://attack.mitre.org/campaigns/C0005), the threat actors relied on a victim to click on a malicious link distributed via phishing emails.(Citation: ESET Operation Spalax Jan 2021)",execution,execution|initial-access|resource-development,0.9337436114759243,Operation Spalax,T1204.001,Malicious Link
[Industroyer](https://attack.mitre.org/software/S0604)’s data wiper module writes zeros into the registry keys in SYSTEM\CurrentControlSet\Services to render a system inoperable.(Citation: Dragos Crashoverride 2017),impact,defense-impairment|persistence,0.9336977093884101,Industroyer,T1489,Service Stop
"[FIN13](https://attack.mitre.org/groups/G1016) has utilized obfuscated and open-source web shells such as JspSpy, reGeorg, MiniWebCmdShell, and Vonloesch Jsp File Browser 1.2 to enable remote code execution and to execute commands on compromised web server.(Citation: Sygnia Elephant Beetle Jan 2022)",persistence,execution|persistence,0.9333429615136185,FIN13,T1505.003,Web Shell
[Empire](https://attack.mitre.org/software/S0363) can use Dropbox for data exfiltration.(Citation: Github PowerShell Empire),exfiltration,collection|exfiltration,0.932802008018003,Empire,T1567.002,Exfiltration to Cloud Storage
[HermeticWiper](https://attack.mitre.org/software/S0697) has used the name `postgressql.exe` to mask a malicious payload.(Citation: ESET Hermetic Wizard March 2022),stealth,execution|stealth,0.9324051254685063,HermeticWiper,T1036.005,Match Legitimate Resource Name or Location
[KillDisk](https://attack.mitre.org/software/S0607) loads and executes functions from a DLL.(Citation: Trend Micro KillDisk 1),execution,execution|stealth,0.931926903263623,KillDisk,T1129,Shared Modules
[GreyEnergy](https://attack.mitre.org/software/S0342) uses PsExec locally in order to execute rundll32.exe at the highest privileges (NTAUTHORITY\SYSTEM).(Citation: ESET GreyEnergy Oct 2018),stealth,privilege-escalation|stealth,0.9312203670922147,GreyEnergy,T1218.011,Rundll32
"[Wingbird](https://attack.mitre.org/software/S0176) drops a malicious file (sspisrv.dll) alongside a copy of lsass.exe, which is used to register a service that loads sspisrv.dll as a driver. The payload of the malicious driver (located in its entry-point function) is executed when loaded by lsass.exe before the spoofed service becomes unstable and crashes.(Citation: Microsoft SIR Vol 21)(Citation: Microsoft Wingbird Nov 2017)",persistence|privilege-escalation,execution|stealth,0.9310997529213695,Wingbird,T1547.008,LSASS Driver
"[FIN6](https://attack.mitre.org/groups/G0037) has used PowerShell to gain access to merchant's networks, and a Metasploit PowerShell module to download and execute shellcode and to set up a local listener.(Citation: FireEye FIN6 April 2016)(Citation: FireEye FIN6 Apr 2019)(Citation: Visa FIN6 Feb 2019)",execution,execution|persistence,0.9306983387796052,FIN6,T1059.001,PowerShell
[Akira](https://attack.mitre.org/groups/G1024) deletes administrator accounts in victim networks prior to encryption.(Citation: Secureworks GOLD SAHARA),impact,initial-access|persistence|privilege-escalation|stealth,0.930397767048449,Akira,T1531,Account Access Removal
"During [Operation Dream Job](https://attack.mitre.org/campaigns/C0022), [Lazarus Group](https://attack.mitre.org/groups/G0032) used tools that collected `GetTickCount` and `GetSystemTimeAsFileTime` data to detect sandbox or VMware services.(Citation: ClearSky Lazarus Aug 2020)",discovery|stealth,discovery,0.9300900964613892,Operation Dream Job,T1497.003,Time Based Checks
"[Blue Mockingbird](https://attack.mitre.org/groups/G0108) has executed custom-compiled XMRIG miner DLLs by configuring them to execute via the ""wercplsupport"" service.(Citation: RedCanary Mockingbird May 2020)",execution,execution|stealth,0.9300353307280946,Blue Mockingbird,T1569.002,Service Execution
[UPPERCUT](https://attack.mitre.org/software/S0275) has the capability to gather the victim's current directory.(Citation: FireEye APT10 Sept 2018),discovery,collection|discovery,0.9299916131002344,UPPERCUT,T1083,File and Directory Discovery
[GrimAgent](https://attack.mitre.org/software/S0632) can base64 encode C2 replies.(Citation: Group IB GrimAgent July 2021),command-and-control,command-and-control|stealth,0.929815451284728,GrimAgent,T1132.001,Standard Encoding
[Regin](https://attack.mitre.org/software/S0019) stage 1 modules for 64-bit systems have been found to be signed with fake certificates masquerading as originating from Microsoft Corporation and Broadcom Corporation.(Citation: Kaspersky Regin),stealth,defense-impairment,0.9291093274230346,Regin,T1036.001,Invalid Code Signature
[LAPSUS$](https://attack.mitre.org/groups/G1004) has gathered user identities and credentials to gain initial access to a victim's organization; the group has also called an organization's help desk to reset a target's credentials.(Citation: MSTIC DEV-0537 Mar 2022)(Citation: NCC Group LAPSUS Apr 2022),reconnaissance,credential-access|initial-access|persistence|reconnaissance,0.9283069859017424,LAPSUS$,T1589.001,Credentials
[TONESHELL](https://attack.mitre.org/software/S1239) has an exception handler that executes when ESET antivirus applications `ekrn.exe` and `egui.exe` are not found and directly injects its code into waitfor.exe using Native Windows API including `WriteProcessMemory` and `CreateRemoteThreadEx`.(Citation: Trend Micro Mustang Panda Earth Preta Toneshell February 2025),stealth,execution|stealth,0.9281810376474544,TONESHELL,T1480,Execution Guardrails
[HermeticWiper](https://attack.mitre.org/software/S0697) can disable pop-up information about folders and desktop items and delete Registry keys to hide malicious services.(Citation: Crowdstrike DriveSlayer February 2022)(Citation: ESET Hermetic Wizard March 2022),stealth,defense-impairment,0.9278637039982526,HermeticWiper,T1070,Indicator Removal
[Wingbird](https://attack.mitre.org/software/S0176) performs multiple process injections to hijack system processes and execute malicious code.(Citation: Microsoft SIR Vol 21),privilege-escalation|stealth,execution|privilege-escalation|stealth,0.9276500621476056,Wingbird,T1055,Process Injection
[FIN6](https://attack.mitre.org/groups/G0037) has used malicious JavaScript to steal payment card data from e-commerce sites.(Citation: Trend Micro FIN6 October 2019),execution,collection|execution,0.9272904729529349,FIN6,T1059.007,JavaScript
[KillDisk](https://attack.mitre.org/software/S0607) has used the FindNextFile command as part of its file deletion process.(Citation: Trend Micro KillDisk 2),discovery,stealth,0.9269541753221826,KillDisk,T1083,File and Directory Discovery
[BoomBox](https://attack.mitre.org/software/S0635) can download files from Dropbox using a hardcoded access token.(Citation: MSTIC Nobelium Toolset May 2021),command-and-control,command-and-control|stealth,0.9267836987117933,BoomBox,T1102,Web Service
[APT29](https://attack.mitre.org/groups/G0016) has leveraged the Microsoft Graph API to perform various actions across Azure and M365 environments. They have also utilized AADInternals PowerShell Modules to access the API (Citation: MSTIC Nobelium Toolset May 2021),execution,execution|stealth,0.9266318823612649,APT29,T1059.009,Cloud API
"[StrelaStealer](https://attack.mitre.org/software/S1183) enumerates the registry key `HKCU\SOFTWARE\Microsoft\Office\16.0\Outlook\Profiles\Outlook\9375CFF0413111d3B88A00104B2A6676\` to identify the values for ""IMAP User,"" ""IMAP Server,"" and ""IMAP Password"" associated with the Outlook email application.(Citation: DCSO StrelaStealer 2022)(Citation: Fortgale StrelaStealer 2023)(Citation: IBM StrelaStealer 2024)",credential-access,discovery|persistence,0.9266270407772577,StrelaStealer,T1552.002,Credentials in Registry
[Downdelph](https://attack.mitre.org/software/S0134) uses search order hijacking of the Windows executable sysprep.exe to escalate privileges.(Citation: ESET Sednit Part 3),execution|stealth,execution|privilege-escalation|stealth,0.9261664745658634,Downdelph,T1574.001,DLL
"[StrelaStealer](https://attack.mitre.org/software/S1183) variants have used PowerShell scripts to download or drop payloads, including obfuscated variants to connect to a WebDAV server to download and executed an encrypted DLL for installation.(Citation: IBM StrelaStealer 2024)",execution,command-and-control|execution|stealth,0.9259653947854869,StrelaStealer,T1059.001,PowerShell
[FIN13](https://attack.mitre.org/groups/G1016) has utilized custom malware to maintain persistence in a compromised environment.(Citation: Mandiant FIN13 Aug 2022)(Citation: Sygnia Elephant Beetle Jan 2022),resource-development,persistence,0.9258826413634581,FIN13,T1587.001,Malware
"[Grandoreiro](https://attack.mitre.org/software/S0531) can hook APIs, kill processes, break file system paths, and change ACLs to prevent security tools from running.(Citation: ESET Grandoreiro April 2020)",defense-impairment,defense-impairment|discovery,0.9257064465221705,Grandoreiro,T1685,Disable or Modify Tools
[AADInternals](https://attack.mitre.org/software/S0677) can be used to forge Kerberos tickets using the password hash of the AZUREADSSOACC account.(Citation: AADInternals Documentation),credential-access,credential-access|lateral-movement,0.9254715950904843,AADInternals,T1558.002,Silver Ticket
"During [RedPenguin](https://attack.mitre.org/campaigns/C0056), [UNC3886](https://attack.mitre.org/groups/G1048) created multiple strains of malware using names to mimic legitimate binaries such as appid, to, irad, lmpad, jdosd, and oemd.(Citation: Mandiant UNC3886 Juniper Routers MAR 2025)",stealth,resource-development|stealth,0.9254275370707424,RedPenguin,T1036.005,Match Legitimate Resource Name or Location
Some [SeaDuke](https://attack.mitre.org/software/S0053) samples have a module to extract email from Microsoft Exchange servers using compromised credentials.(Citation: Symantec Seaduke 2015),initial-access|persistence|privilege-escalation|stealth,collection|credential-access,0.925420378031206,SeaDuke,T1078,Valid Accounts
"[AADInternals](https://attack.mitre.org/software/S0677) can gather unsecured credentials for Azure AD services, such as Azure AD Connect, from a local machine.(Citation: AADInternals Documentation)",credential-access,credential-access|discovery,0.9250297565739596,AADInternals,T1552.001,Credentials In Files
[Dtrack](https://attack.mitre.org/software/S0567) used hard-coded credentials to gain access to a network share.(Citation: CyberBit Dtrack),initial-access|persistence|privilege-escalation|stealth,credential-access|initial-access|lateral-movement|persistence|privilege-escalation|stealth,0.9248354460576786,Dtrack,T1078,Valid Accounts
"[Daggerfly](https://attack.mitre.org/groups/G1034) has used signed, but not notarized, malicious files for execution in macOS environments.(Citation: ESET EvasivePanda 2024)",defense-impairment,execution,0.9240674759598184,Daggerfly,T1553.002,Code Signing
[FIN6](https://attack.mitre.org/groups/G0037) has removed files from victim machines.(Citation: FireEye FIN6 April 2016),stealth,collection|stealth,0.9239618337082156,FIN6,T1070.004,File Deletion
[Grandoreiro](https://attack.mitre.org/software/S0531) can download its second stage from a hardcoded URL within the loader's code.(Citation: IBM Grandoreiro April 2020)(Citation: ESET Grandoreiro April 2020),command-and-control,command-and-control|stealth,0.9237713492416114,Grandoreiro,T1105,Ingress Tool Transfer
"[LAPSUS$](https://attack.mitre.org/groups/G1004) has gathered employee email addresses, including personal accounts, for social engineering and initial access efforts.(Citation: MSTIC DEV-0537 Mar 2022)",reconnaissance,initial-access|reconnaissance|resource-development,0.9237064534551852,LAPSUS$,T1589.002,Email Addresses
[CORESHELL](https://attack.mitre.org/software/S0137) collects the volume serial number from the victim and sends the information to its C2 server.(Citation: FireEye APT28),discovery,discovery|exfiltration,0.9233744818248795,CORESHELL,T1680,Local Storage Discovery
[DarkTortilla](https://attack.mitre.org/software/S1066) can check for internet connectivity by issuing HTTP GET requests.(Citation: Secureworks DarkTortilla Aug 2022),discovery,command-and-control|discovery,0.9232249209507324,DarkTortilla,T1016.001,Internet Connection Discovery
[Axiom](https://attack.mitre.org/groups/G0001) has been observed using SQL injection to gain access to systems.(Citation: Novetta-Axiom)(Citation: Cisco Group 72),initial-access,initial-access|privilege-escalation|stealth,0.9225981521777772,Axiom,T1190,Exploit Public-Facing Application
[SideCopy](https://attack.mitre.org/groups/G1008) has delivered trojanized executables via spearphishing emails that contacts actor-controlled servers to download malicious payloads.(Citation: MalwareBytes SideCopy Dec 2021),command-and-control,initial-access,0.9224723285728794,SideCopy,T1105,Ingress Tool Transfer
"During the [2025 Poland Wiper Attacks](https://attack.mitre.org/campaigns/C0063), the adversaries compromised infrastructure to use for C2.(Citation: ESET DynoWiper Update JAN 2026)",resource-development,command-and-control|resource-development,0.9223672250684155,2025 Poland Wiper Attacks,T1584.001,Domains
[APT-C-36](https://attack.mitre.org/groups/G0099) has used PowerShell in malware execution including as part of fileless attack chains to download additional payloads.(Citation: Kaspersky BlindEagle AUG 2024)(Citation: Zscaler BlindEagle DEC 2025),execution,command-and-control|execution,0.9210617696451096,APT-C-36,T1059.001,PowerShell
[Lizar](https://attack.mitre.org/software/S0681) has used the PowerKatz plugin that can be loaded into the address space of a PowerShell process through reflective DLL loading.(Citation: BiZone Lizar May 2021),privilege-escalation|stealth,execution|privilege-escalation|stealth,0.9201055923301728,Lizar,T1055.001,Dynamic-link Library Injection
[Mis-Type](https://attack.mitre.org/software/S0084) has temporarily stored collected information to the files `“%AppData%\{Unique Identifier}\HOSTRURKLSR”` and `“%AppData%\{Unique Identifier}\NEWERSSEMP”`.(Citation: Cylance Dust Storm),collection,collection|discovery,0.919993523670338,Mis-Type,T1074.001,Local Data Staging
"[Regin](https://attack.mitre.org/software/S0019) appears to have functionality to sniff for credentials passed over HTTP, SMTP, and SMB.(Citation: Kaspersky Regin)",credential-access|discovery,credential-access,0.919729742518693,Regin,T1040,Network Sniffing
[Blue Mockingbird](https://attack.mitre.org/groups/G0108) has made their XMRIG payloads persistent as a Windows Service.(Citation: RedCanary Mockingbird May 2020),persistence|privilege-escalation,persistence|privilege-escalation|stealth,0.9188240280567294,Blue Mockingbird,T1543.003,Windows Service
[FIN13](https://attack.mitre.org/groups/G1016) has used HTTP requests to chain multiple web shells and to contact actor-controlled C2 servers prior to exfiltrating stolen data.(Citation: Mandiant FIN13 Aug 2022)(Citation: Sygnia Elephant Beetle Jan 2022),command-and-control,command-and-control|exfiltration,0.9188227406469356,FIN13,T1071.001,Web Protocols
[Qilin](https://attack.mitre.org/software/S1242) can make Registry modifications to share networked drives between elevated and non-elevated processes and to increase the number of outstanding network requests per client.(Citation: Halcyon Qilin.B OCT 2024)(Citation: Picus Qilin MAR 2025) [Qilin](https://attack.mitre.org/software/S1242) can also modify `HKEY_CURRENT_USER\Control Panel\Desktop\Wallpaper` to enable posting of ransom messages.(Citation: Cisco Talos Qilin Ransomware OCT 2025),defense-impairment|persistence,defense-impairment|impact|persistence,0.9186218695798641,Qilin,T1112,Modify Registry
[Gazer](https://attack.mitre.org/software/S0168) injects its communication module into an Internet accessible process through which it performs C2.(Citation: ESET Gazer Aug 2017)(Citation: Securelist WhiteBear Aug 2017),privilege-escalation|stealth,command-and-control|privilege-escalation,0.9185113093549838,Gazer,T1055,Process Injection
"For [Operation Spalax](https://attack.mitre.org/campaigns/C0005), the threat actors used a variety of packers, including CyaX, to obfuscate malicious executables.(Citation: ESET Operation Spalax Jan 2021)",stealth,resource-development|stealth,0.9184509805115034,Operation Spalax,T1027.002,Software Packing
[BADNEWS](https://attack.mitre.org/software/S0128) is sometimes signed with an invalid Authenticode certificate in an apparent effort to make it look more legitimate.(Citation: TrendMicro Patchwork Dec 2017),stealth,defense-impairment|stealth,0.9182469412981172,BADNEWS,T1036.001,Invalid Code Signature
Some [SeaDuke](https://attack.mitre.org/software/S0053) samples have a module to use pass the ticket with Kerberos for authentication.(Citation: Symantec Seaduke 2015),lateral-movement,credential-access|lateral-movement,0.9177003575582493,SeaDuke,T1550.003,Pass the Ticket
[Troll Stealer](https://attack.mitre.org/software/S1196) can collect local system information.(Citation: S2W Troll Stealer 2024)(Citation: Symantec Troll Stealer 2024),discovery,collection|discovery,0.9176828922658605,Troll Stealer,T1082,System Information Discovery
[CrackMapExec](https://attack.mitre.org/software/S0488) can collect DNS information from the targeted system.(Citation: CME Github September 2018),discovery,collection|discovery,0.9175561730147113,CrackMapExec,T1016,System Network Configuration Discovery
"During the [2025 Poland Wiper Attacks](https://attack.mitre.org/campaigns/C0063), the adversaries used compromised VPS servers for C2.(Citation: CERT Polska)",resource-development,command-and-control|resource-development,0.9174500109892751,2025 Poland Wiper Attacks,T1584.003,Virtual Private Server
"[EXOTIC LILY](https://attack.mitre.org/groups/G1011) has gained execution through victims clicking on malicious LNK files contained within ISO files, which can execute hidden DLLs within the ISO.(Citation: Google EXOTIC LILY March 2022)(Citation: Proofpoint Bumblebee April 2022)",execution,execution|stealth,0.9171005065915945,EXOTIC LILY,T1204.002,Malicious File
"[APT12](https://attack.mitre.org/groups/G0005) has exploited multiple vulnerabilities for execution, including Microsoft Office vulnerabilities (CVE-2009-3129, CVE-2012-0158) and vulnerabilities in Adobe Reader and Flash (CVE-2009-4324, CVE-2009-0927, CVE-2011-0609, CVE-2011-0611).(Citation: Moran 2014)(Citation: Trend Micro IXESHE 2012)",execution,execution|initial-access,0.916653179781015,APT12,T1203,Exploitation for Client Execution
"[Winexe](https://attack.mitre.org/software/S0191) installs a service on the remote system, executes the command, then uninstalls the service.(Citation: Secpod Winexe June 2017)",execution,execution|persistence,0.9164742821530004,Winexe,T1569.002,Service Execution
"During [C0015](https://attack.mitre.org/campaigns/C0015), the threat actors used a malicious HTA file that contained a mix of encoded HTML and JavaScript/VBScript code.(Citation: DFIR Conti Bazar Nov 2021)",execution,execution|stealth,0.9163360736648872,C0015,T1059.007,JavaScript
[Qilin](https://attack.mitre.org/software/S1242) can run PowerShell cmdlets to discover domain groups.(Citation: Cisco Talos Qilin Ransomware OCT 2025),discovery,discovery|execution,0.9158327383055626,Qilin,T1069.002,Domain Groups
"During the [2025 Poland Wiper Attacks](https://attack.mitre.org/campaigns/C0063), the adversaries utilized the Linux `dd` command to overwrite portions of the disks with random data.(Citation: CERT Polska)",execution,impact,0.9145661807533302,2025 Poland Wiper Attacks,T1059.004,Unix Shell
"During [Operation AkaiRyū](https://attack.mitre.org/campaigns/C0060), [MirrorFace](https://attack.mitre.org/groups/G1054) used MSBuild to compile and execute its FaceXInjector injection tool.(Citation: ESET MirrorFace 2025)",execution|stealth,privilege-escalation|stealth,0.9137169972496362,Operation AkaiRyū,T1127.001,MSBuild
[Empire](https://attack.mitre.org/software/S0363) contains modules that can discover and exploit search order hijacking vulnerabilities.(Citation: Github PowerShell Empire),execution|stealth,execution,0.9134846852084991,Empire,T1574.008,Path Interception by Search Order Hijacking
[FruitFly](https://attack.mitre.org/software/S0277) executes and stores obfuscated Perl scripts.(Citation: objsee mac malware 2017),stealth,execution|stealth,0.9128395304204662,FruitFly,T1027.010,Command Obfuscation
"[Indrik Spider](https://attack.mitre.org/groups/G0119) used [PsExec](https://attack.mitre.org/software/S0029) to leverage Windows Defender to disable scanning of all downloaded files and to restrict real-time monitoring.(Citation: Symantec WastedLocker June 2020) [Indrik Spider](https://attack.mitre.org/groups/G0119) has used `MpCmdRun` to revert the definitions in Microsoft Defender.(Citation: Mandiant_UNC2165) Additionally, [Indrik Spider](https://attack.mitre.org/groups/G0119) has used WMI to stop or uninstall and reset anti-virus products and other defensive services.(Citation: Mandiant_UNC2165)",defense-impairment,defense-impairment|execution,0.9127882512977263,Indrik Spider,T1685,Disable or Modify Tools
[Axiom](https://attack.mitre.org/groups/G0001) actors have been known to use the Sticky Keys replacement within RDP sessions to obtain persistence.(Citation: Novetta-Axiom),persistence|privilege-escalation,lateral-movement|persistence|privilege-escalation,0.912141762073321,Axiom,T1546.008,Accessibility Features
[APT29](https://attack.mitre.org/groups/G0016) has exploited CVE-2021-36934 to escalate privileges on a compromised host.(Citation: ESET T3 Threat Report 2021),privilege-escalation,initial-access|privilege-escalation,0.9116880920176659,APT29,T1068,Exploitation for Privilege Escalation
[Koadic](https://attack.mitre.org/software/S0250) can use Rundll32 to execute additional payloads.(Citation: Github Koadic),stealth,command-and-control|stealth,0.9116531766140253,Koadic,T1218.011,Rundll32
[Brute Ratel C4](https://attack.mitre.org/software/S1063) can use WMI to move laterally.(Citation: Palo Alto Brute Ratel July 2022),execution,execution|lateral-movement,0.9115569193611971,Brute Ratel C4,T1047,Windows Management Instrumentation
"For all non-removable drives on a victim, [USBStealer](https://attack.mitre.org/software/S0136) executes automated collection of certain files for later exfiltration.(Citation: ESET Sednit USBStealer 2014)",collection,collection|exfiltration,0.9113110757311953,USBStealer,T1119,Automated Collection
[Kapeka](https://attack.mitre.org/software/S1190) queries registry values for stored configuration information.(Citation: WithSecure Kapeka 2024),discovery,defense-impairment|discovery|persistence,0.9112894161928229,Kapeka,T1012,Query Registry
[HAWKBALL](https://attack.mitre.org/software/S0391) has used an OLE object that uses Equation Editor to drop the embedded shellcode.(Citation: FireEye HAWKBALL Jun 2019),execution,execution|stealth,0.9108534725235566,HAWKBALL,T1559.002,Dynamic Data Exchange
"During the [2025 Poland Wiper Attacks](https://attack.mitre.org/campaigns/C0063), the adversaries had stolen Security Account Manager (SAM) and SYSTEM registry hives.(Citation: CERT Polska)",credential-access,defense-impairment|persistence,0.9097461965765425,2025 Poland Wiper Attacks,T1003.002,Security Account Manager
[Akira](https://attack.mitre.org/groups/G1024) uses legitimate utilities such as AnyDesk and PuTTy for maintaining remote access to victim environments.(Citation: Secureworks GOLD SAHARA)(Citation: Arctic Wolf Akira 2023),command-and-control,command-and-control|initial-access,0.9089409262555184,Akira,T1219,Remote Access Tools
[Pupy](https://attack.mitre.org/software/S0192) can sniff plaintext network credentials and use NBNS Spoofing to poison name services.(Citation: GitHub Pupy),collection|credential-access,credential-access,0.9088713675037753,Pupy,T1557.001,Name Resolution Poisoning and SMB Relay
[FIN13](https://attack.mitre.org/groups/G1016) has researched employees to target for social engineering attacks.(Citation: Mandiant FIN13 Aug 2022),reconnaissance,reconnaissance|resource-development,0.9085323704093021,FIN13,T1589,Gather Victim Identity Information
[APT29](https://attack.mitre.org/groups/G0016) has conducted widespread scanning of target environments to identify vulnerabilities for exploit.(Citation: Cybersecurity Advisory SVR TTP May 2021),reconnaissance,discovery|initial-access|reconnaissance,0.908337335293917,APT29,T1595.002,Vulnerability Scanning
[MgBot](https://attack.mitre.org/software/S1146) includes modules for identifying local administrator accounts on victim systems.(Citation: Symantec Daggerfly 2023),discovery,discovery|persistence|privilege-escalation,0.9082994306452497,MgBot,T1087.001,Local Account
[WellMess](https://attack.mitre.org/software/S0514) can send files from the victim machine to C2.(Citation: PWC WellMess July 2020)(Citation: CISA WellMess July 2020),collection,command-and-control,0.9080357695861907,WellMess,T1005,Data from Local System
[SeaDuke](https://attack.mitre.org/software/S0053) uses a module to execute Mimikatz with PowerShell to perform [Pass the Ticket](https://attack.mitre.org/techniques/T1550/003).(Citation: Symantec Seaduke 2015),execution,credential-access|execution|lateral-movement,0.9077571190396425,SeaDuke,T1059.001,PowerShell
[StoneDrill](https://attack.mitre.org/software/S0380) has looked in the registry to find the default browser path.(Citation: Kaspersky StoneDrill 2017),discovery,defense-impairment|discovery|persistence,0.9074117797242829,StoneDrill,T1012,Query Registry
"[Impacket](https://attack.mitre.org/software/S0357) tools – such as getST.py or ticketer.py – can be used to steal or forge Kerberos tickets using ccache files given a password, hash, aesKey, or TGT.(Citation: Kerberos GNU/Linux)(Citation: on security kerberos linux)",credential-access,credential-access|lateral-movement,0.9073987247125526,Impacket,T1558.005,Ccache Files
[Axiom](https://attack.mitre.org/groups/G0001) has targeted victims with remote administration tools including RDP.(Citation: Novetta-Axiom),lateral-movement,initial-access|lateral-movement,0.9071744136815503,Axiom,T1563.002,RDP Hijacking
[DarkTortilla](https://attack.mitre.org/software/S1066) can use a variety of API calls for persistence and defense evasion.(Citation: Secureworks DarkTortilla Aug 2022),execution,execution|persistence,0.9070446673974163,DarkTortilla,T1106,Native API
[Empire](https://attack.mitre.org/software/S0363) can use built-in modules to abuse trusted utilities like MSBuild.exe.(Citation: Github PowerShell Empire),execution|stealth,execution,0.906426209438241,Empire,T1127.001,MSBuild
[StrelaStealer](https://attack.mitre.org/software/S1183) variants include functionality to identify and evade debuggers.(Citation: Fortgale StrelaStealer 2023),discovery|stealth,discovery,0.9063231101836866,StrelaStealer,T1622,Debugger Evasion
[BoomBox](https://attack.mitre.org/software/S0635) can encrypt data using AES prior to exfiltration.(Citation: MSTIC Nobelium Toolset May 2021),stealth,collection,0.9062430024142458,BoomBox,T1027,Obfuscated Files or Information
[ShimRatReporter](https://attack.mitre.org/software/S0445) used several Windows API functions to gather information from the infected system.(Citation: FOX-IT May 2016 Mofang),execution,collection|discovery|execution,0.9062053631195226,ShimRatReporter,T1106,Native API
"For [Operation Dream Job](https://attack.mitre.org/campaigns/C0022), [Lazarus Group](https://attack.mitre.org/groups/G0032) gathered victim organization information to identify specific targets.(Citation: ClearSky Lazarus Aug 2020)",reconnaissance,discovery|reconnaissance,0.9061404367369543,Operation Dream Job,T1591,Gather Victim Org Information
[OopsIE](https://attack.mitre.org/software/S0264) can upload files from the victim's machine to its C2 server.(Citation: Unit 42 OopsIE! Feb 2018),exfiltration,collection|command-and-control|exfiltration,0.9059150489101155,OopsIE,T1041,Exfiltration Over C2 Channel
"[APT-C-36](https://attack.mitre.org/groups/G0099) has utilized well known malware including the Packer-as-a-Service HeartCrypt, PureCrypter, and open-source RATs such as [Remcos](https://attack.mitre.org/software/S0332).(Citation: Check Point Blind Eagle MAR 2025)(Citation: LevelBlue Blind Eagle Proton66 JUN 2025)(Citation: Recorded Future TAG-144 AUG 2025)",resource-development,resource-development|stealth,0.9056710258375632,APT-C-36,T1588.001,Malware
[SideCopy](https://attack.mitre.org/groups/G1008) has sent Microsoft Office Publisher documents to victims that have embedded malicious macros that execute an hta file via calling `mshta.exe`.(Citation: MalwareBytes SideCopy Dec 2021),execution,execution|stealth,0.9054040178128299,SideCopy,T1059.005,Visual Basic
[APT29](https://attack.mitre.org/groups/G0016) has embedded an ISO file within an HTML attachment that contained JavaScript code to initiate malware execution.(Citation: ESET T3 Threat Report 2021),stealth,execution|stealth,0.9050072482441375,APT29,T1027.006,HTML Smuggling
"[Empire](https://attack.mitre.org/software/S0363) contains some modules that leverage API hooking to carry out tasks, such as netripper.(Citation: Github PowerShell Empire)",collection|credential-access,execution,0.9049299935548611,Empire,T1056.004,Credential API Hooking
"[APT29](https://attack.mitre.org/groups/G0016) has leveraged compromised high-privileged on-premises accounts synced to Office 365 to move laterally into a cloud environment, including through the use of Azure AD PowerShell.(Citation: Mandiant Remediation and Hardening Strategies for Microsoft 365)",lateral-movement,initial-access|lateral-movement|persistence|privilege-escalation|stealth,0.9044463761332575,APT29,T1021.007,Cloud Services
[SMOKEDHAM](https://attack.mitre.org/software/S0649) has used a fronted domain to obfuscate its hard-coded C2 server domain.(Citation: FireEye SMOKEDHAM June 2021),command-and-control,command-and-control|stealth,0.9027918805786854,SMOKEDHAM,T1090.004,Domain Fronting
"During the [2025 Poland Wiper Attacks](https://attack.mitre.org/campaigns/C0063), the adversaries copied volume shadow copies through executing `vssadmin` in order to dump the `NTDS.dit` file.(Citation: CERT Polska)",stealth,credential-access|impact,0.9026275728321866,2025 Poland Wiper Attacks,T1006,Direct Volume Access
"[Tomiris](https://attack.mitre.org/software/S0671) can upload files matching a hardcoded set of extensions, such as .doc, .docx, .pdf, and .rar, to its C2 server.(Citation: Kaspersky Tomiris Sep 2021)",exfiltration,collection|exfiltration,0.9026256552199252,Tomiris,T1041,Exfiltration Over C2 Channel
[Qilin](https://attack.mitre.org/software/S1242) can define specific processes to be terminated or left alone at execution.(Citation: Trend Micro Agenda Ransomware AUG 2022)(Citation: SentinelOne Qilin NOV 2022)(Citation: Halcyon Qilin.B OCT 2024)(Citation: HC3 Qilin Threat Profile JUN 2024)(Citation: Trend Micro Agenda Ransomware OCT 2025)(Citation: Cisco Talos Qilin Ransomware OCT 2025),discovery,impact|stealth,0.9024296969421081,Qilin,T1057,Process Discovery
"During [RedPenguin](https://attack.mitre.org/campaigns/C0056), [UNC3886](https://attack.mitre.org/groups/G1048) exploited CVE-2025-21590 to enable malicious code injection into the memory of legitimate processes.(Citation: Mandiant UNC3886 Juniper Routers MAR 2025)(Citation: Juniper RedPenguin MAR 2025)",privilege-escalation|stealth,execution|initial-access|privilege-escalation|stealth,0.902314761597063,RedPenguin,T1055,Process Injection
[Lizar](https://attack.mitre.org/software/S0681) has encrypted data before sending it to the server.(Citation: BiZone Lizar May 2021),collection,collection|command-and-control,0.9021027141798199,Lizar,T1560,Archive Collected Data
"[MultiLayer Wiper](https://attack.mitre.org/software/S1135) changes timestamps of overwritten files to either 1601.1.1 for NTFS filesystems, or 1980.1.1 for all other filesystems.(Citation: Unit42 Agrius 2023)",stealth,impact|stealth,0.9019602585459991,MultiLayer Wiper,T1070.006,Timestomp
[Pillowmint](https://attack.mitre.org/software/S0517) has used shellcode which reads code stored in the registry keys \REGISTRY\SOFTWARE\Microsoft\DRM using the native Windows API as well as read HKEY_LOCAL_MACHINE\System\CurrentControlSet\Services\Tcpip\Parameters\Interfaces as part of its C2.(Citation: Trustwave Pillowmint June 2020),discovery,defense-impairment|persistence,0.9016852771725752,Pillowmint,T1012,Query Registry
"During the [2025 Poland Wiper Attacks](https://attack.mitre.org/campaigns/C0063), the adversaries had leveraged Group Policy Objects to distribute wiper malware to victim devices through a network share.(Citation: CERT Polska)",defense-impairment|privilege-escalation,defense-impairment|lateral-movement|privilege-escalation,0.9016778808286077,2025 Poland Wiper Attacks,T1484.001,Group Policy Modification
"[Agent.btz](https://attack.mitre.org/software/S0092) drops itself onto removable media devices and creates an autorun.inf file with an instruction to run that file. When the device is inserted into another system, it opens autorun.inf and loads the malware.(Citation: ThreatExpert Agent.btz)",initial-access|lateral-movement,persistence|privilege-escalation|stealth,0.9010244201171915,Agent.btz,T1091,Replication Through Removable Media
[Qilin](https://attack.mitre.org/software/S1242) can attempt to log on to the local computer via `LogonUserW` and use `GetLogicalDrives()` and `EnumResourceW()` for discovery.(Citation: Trend Micro Agenda Ransomware AUG 2022)(Citation: Halcyon Qilin.B OCT 2024),execution,discovery,0.9009938659661599,Qilin,T1106,Native API
[FIN6](https://attack.mitre.org/groups/G0037) has used encoded PowerShell commands.(Citation: Visa FIN6 Feb 2019),stealth,execution|stealth,0.900497043923626,FIN6,T1027.010,Command Obfuscation
"During [RedPenguin](https://attack.mitre.org/campaigns/C0056), [UNC3886](https://attack.mitre.org/groups/G1048) used an implant to delete logs associated with unauthorized access to targeted Junos OS devices.(Citation: Juniper RedPenguin MAR 2025)",stealth,initial-access|stealth,0.9004281838150876,RedPenguin,T1070.007,Clear Network Connection History and Configurations
[ShimRat](https://attack.mitre.org/software/S0444) has the capability to upload collected files to a C2.(Citation: FOX-IT May 2016 Mofang),collection,collection|command-and-control|exfiltration,0.9002377352652925,ShimRat,T1005,Data from Local System
[LAPSUS$](https://attack.mitre.org/groups/G1004) has searched a victim's network for code repositories like GitLab and GitHub to discover further high-privilege account credentials.(Citation: MSTIC DEV-0537 Mar 2022)(Citation: NCC Group LAPSUS Apr 2022),collection,discovery|privilege-escalation|reconnaissance,0.8989904099583621,LAPSUS$,T1213.003,Code Repositories
[APT12](https://attack.mitre.org/groups/G0005) has attempted to get victims to open malicious Microsoft Word and PDF attachment sent via spearphishing.(Citation: Moran 2014)(Citation: Trend Micro IXESHE 2012),execution,execution|initial-access,0.8988873566207048,APT12,T1204.002,Malicious File
[APT38](https://attack.mitre.org/groups/G0082) has modified data timestamps to mimic files that are in the same folder on a compromised host.(Citation: CISA AA20-239A BeagleBoyz August 2020),stealth,collection|stealth,0.8988303196601465,APT38,T1070.006,Timestomp
[NETWIRE](https://attack.mitre.org/software/S0198) can retrieve passwords from messaging and mail client applications.(Citation: Red Canary NETWIRE January 2020),credential-access,collection|credential-access,0.8986579055184519,NETWIRE,T1555,Credentials from Password Stores
[LAMEHUG](https://attack.mitre.org/software/S9035) has used the Hugging Face API to query the Qwen2.5-Coder-32B-Instruct LLM to generate one-line Windows commands for the collection of system information and documents in specific folders on compromised hosts. [LAMEHUG](https://attack.mitre.org/software/S9035) subsequently executed the returned commands and exfiltrated the collected files and information to adversary-controlled C2 servers.(Citation: Nov AI Threat Tracker)(Citation: Splunk LAMEHUG SEP 2025),command-and-control,discovery|exfiltration,0.8983530459623036,LAMEHUG,T1102.002,Bidirectional Communication
[AshTag](https://attack.mitre.org/software/S9031) can use a set sleep time to delay C2 beaconing.(Citation: Palo Alto Ashen Lepus DEC 2025),stealth,discovery|stealth,0.897831937087242,AshTag,T1678,Delay Execution
[KGH_SPY](https://attack.mitre.org/software/S0526) can send a file containing victim system information to C2.(Citation: Cybereason Kimsuky November 2020),collection,discovery|exfiltration,0.8974029454446298,KGH_SPY,T1005,Data from Local System
[Peppy](https://attack.mitre.org/software/S0643) has the ability to automatically exfiltrate files and keylogs.(Citation: Proofpoint Operation Transparent Tribe March 2016),exfiltration,collection|exfiltration,0.8970419615870214,Peppy,T1020,Automated Exfiltration
[AshTag](https://attack.mitre.org/software/S9031) can use JSON files to deliver payloads and configuration files.(Citation: Palo Alto Ashen Lepus DEC 2025),execution,stealth,0.8970039593782593,AshTag,T1059.007,JavaScript
[Blue Mockingbird](https://attack.mitre.org/groups/G0108) has used PowerShell reverse TCP shells to issue interactive commands over a network connection.(Citation: RedCanary Mockingbird May 2020),execution,command-and-control|execution,0.8968275179186219,Blue Mockingbird,T1059.001,PowerShell
"[HAWKBALL](https://attack.mitre.org/software/S0391) has leveraged several Windows API calls to create processes, gather disk information, and detect debugger activity.(Citation: FireEye HAWKBALL Jun 2019)",execution,discovery|execution,0.8965113939331699,HAWKBALL,T1106,Native API
[LockBit 2.0](https://attack.mitre.org/software/S1199) can use wmic.exe to delete volume shadow copies.(Citation: Cybereason Lockbit 2.0),execution,execution|impact|stealth,0.8964437574143642,LockBit 2.0,T1047,Windows Management Instrumentation
"During [C0015](https://attack.mitre.org/campaigns/C0015), the threat actors used `mshta` to execute DLLs.(Citation: DFIR Conti Bazar Nov 2021)",stealth,execution|stealth,0.8964043474350675,C0015,T1218.005,Mshta
[Qilin](https://attack.mitre.org/software/S1242) has created a scheduled task named TVInstallRestore to mimic TeamViewer. (Citation: Cisco Talos Qilin Ransomware OCT 2025),stealth,execution|persistence|privilege-escalation|stealth,0.8955073802290432,Qilin,T1036.004,Masquerade Task or Service
[PureCrypter](https://attack.mitre.org/software/S9019) can execute PowerShell commands to exclude files from EDR and to self-delete.(Citation: Zscaler PureCrypter JUN 2022)(Citation: Check Point Blind Eagle MAR 2025),execution,execution|stealth,0.8949256735242413,PureCrypter,T1059.001,PowerShell
"[SUNSPOT](https://attack.mitre.org/software/S0562) created a copy of the SolarWinds Orion software source file with a .bk extension to backup the original content, wrote [SUNBURST](https://attack.mitre.org/software/S0559) using the same filename but with a .tmp extension, and then moved [SUNBURST](https://attack.mitre.org/software/S0559) using MoveFileEx to the original filename with a .cs extension so it could be compiled within Orion software.(Citation: CrowdStrike SUNSPOT Implant January 2021)",impact,stealth,0.8948051422719466,SUNSPOT,T1565.001,Stored Data Manipulation
[RogueRobin](https://attack.mitre.org/software/S0270) uses various WMI queries to check if the sample is running in a sandbox.(Citation: Unit 42 DarkHydrus July 2018)(Citation: Unit42 DarkHydrus Jan 2019),execution,discovery|execution,0.8945569097547593,RogueRobin,T1047,Windows Management Instrumentation
"During [C0011](https://attack.mitre.org/campaigns/C0011), [Transparent Tribe](https://attack.mitre.org/groups/G0134) relied on student targets to click on a malicious link sent via email.(Citation: Cisco Talos Transparent Tribe Education Campaign July 2022)",execution,execution|initial-access,0.8944886743466598,C0011,T1204.001,Malicious Link
[Rising Sun](https://attack.mitre.org/software/S0448) can send data gathered from the infected machine via HTTP POST request to the C2.(Citation: McAfee Sharpshooter December 2018),exfiltration,command-and-control|exfiltration,0.894461840753082,Rising Sun,T1041,Exfiltration Over C2 Channel
[LAPSUS$](https://attack.mitre.org/groups/G1004) has searched a victim's network for organization collaboration channels like MS Teams or Slack to discover further high-privilege account credentials.(Citation: MSTIC DEV-0537 Mar 2022),collection,discovery|reconnaissance,0.8942454366791037,LAPSUS$,T1213.005,Messaging Applications
"During [Operation Spalax](https://attack.mitre.org/campaigns/C0005), the threat actors used OneDrive and MediaFire to host payloads.(Citation: ESET Operation Spalax Jan 2021)",command-and-control,resource-development,0.8942243833443431,Operation Spalax,T1102,Web Service
[APT29](https://attack.mitre.org/groups/G0016) has use `mshta` to execute malicious scripts on a compromised host.(Citation: ESET T3 Threat Report 2021),stealth,execution|stealth,0.8942164602429937,APT29,T1218.005,Mshta
"For [Operation Spalax](https://attack.mitre.org/campaigns/C0005), the threat actors used Nullsoft Scriptable Install System (NSIS) scripts to install malware.(Citation: ESET Operation Spalax Jan 2021)",execution,execution|resource-development,0.8941123371459698,Operation Spalax,T1059,Command and Scripting Interpreter
[PlugX](https://attack.mitre.org/software/S0013) has leveraged an initial executable disguised as a legitimate document to trick the target into opening it.(Citation: Cisco Talos MUSTANG PANDA PLUGX PUBLOAD MAY 2022)(Citation: EclecticIQ Mustang Panda PlugX),execution,execution|stealth,0.8935188333593967,PlugX,T1204.002,Malicious File
[LAMEHUG](https://attack.mitre.org/software/S9035) can use wmic to collect system information.(Citation: Splunk LAMEHUG SEP 2025),execution,discovery,0.8918957068030594,LAMEHUG,T1047,Windows Management Instrumentation
[Embargo](https://attack.mitre.org/software/S1247) has cleared files from the recycle bin by invoking `SHEmptyRecycleBinW()` and disabled Windows recovery through `C:\Windows\System32\cmd.exe /q /c bcdedit /set {default} recoveryenabled no`.(Citation: Cyble Embargo Ransomware May 2024),impact,defense-impairment|execution,0.891604575534824,Embargo,T1490,Inhibit System Recovery
[Qilin](https://attack.mitre.org/software/S1242) can use the Splashtop remote management service (SRManager.exe) to execute the Linux ransomware binary directly on Windows systems.(Citation: Trend Micro Agenda Ransomware OCT 2025),command-and-control,execution|impact,0.8915453727114774,Qilin,T1219.002,Remote Desktop Software
[Grandoreiro](https://attack.mitre.org/software/S0531) can delete .LNK files created in the Startup folder.(Citation: ESET Grandoreiro April 2020),stealth,persistence|privilege-escalation|stealth,0.8914267021258855,Grandoreiro,T1070.004,File Deletion
[POSHSPY](https://attack.mitre.org/software/S0150) downloads and executes additional PowerShell code and Windows binaries.(Citation: FireEye POSHSPY April 2017),command-and-control,command-and-control|execution,0.8914100492704592,POSHSPY,T1105,Ingress Tool Transfer
"During [Operation Dream Job](https://attack.mitre.org/campaigns/C0022), [Lazarus Group](https://attack.mitre.org/groups/G0032) performed brute force attacks against administrator accounts.(Citation: ESET Lazarus Jun 2020)",credential-access,credential-access|initial-access|persistence,0.8914045410100887,Operation Dream Job,T1110,Brute Force
[Qilin](https://attack.mitre.org/software/S1242) can reboot targeted systems in safe mode to avoid detection.(Citation: Trend Micro Agenda Ransomware AUG 2022)(Citation: BushidoToken Qilin RaaS JUN 2024),defense-impairment,defense-impairment|impact,0.8912541633976685,Qilin,T1688,Safe Mode Boot
The [Komplex](https://attack.mitre.org/software/S0162) trojan creates a persistent launch agent called with $HOME/Library/LaunchAgents/com.apple.updates.plist with launchctl load -w ~/Library/LaunchAgents/com.apple.updates.plist .(Citation: Sofacy Komplex Trojan),persistence|privilege-escalation,execution|persistence|privilege-escalation,0.8911676018364014,Komplex,T1543.001,Launch Agent
[Latrodectus](https://attack.mitre.org/software/S1160) can send RC4 encrypted data over C2 channels.(Citation: Latrodectus APR 2024)(Citation: Elastic Latrodectus May 2024)(Citation: Bitsight Latrodectus June 2024),command-and-control,command-and-control|exfiltration,0.8907512271354743,Latrodectus,T1573.001,Symmetric Cryptography
"During [APT28 Nearest Neighbor Campaign](https://attack.mitre.org/campaigns/C0051), [APT28](https://attack.mitre.org/groups/G0007) exfiltrated data over public-facing webservers – such as Google Drive.(Citation: Nearest Neighbor Volexity)",exfiltration,exfiltration|resource-development,0.8904445917009344,APT28 Nearest Neighbor Campaign,T1567,Exfiltration Over Web Service
"[APT29](https://attack.mitre.org/groups/G0016) has compromised IT, cloud services, and managed services providers to gain broad access to multiple customers for subsequent operations.(Citation: MSTIC Nobelium Oct 2021)",initial-access,initial-access|persistence|resource-development,0.8903988521965939,APT29,T1199,Trusted Relationship
[Gazer](https://attack.mitre.org/software/S0168) can execute a task to download a file.(Citation: ESET Gazer Aug 2017)(Citation: Securelist WhiteBear Aug 2017),command-and-control,command-and-control|execution,0.8903724866249246,Gazer,T1105,Ingress Tool Transfer
[Kazuar](https://attack.mitre.org/software/S0265) can sleep for a specific time and be set to communicate at specific intervals.(Citation: Unit 42 Kazuar May 2017),exfiltration,discovery|exfiltration,0.8899934719789702,Kazuar,T1029,Scheduled Transfer
[Kazuar](https://attack.mitre.org/software/S0265) uploads files from a specified directory to the C2 server.(Citation: Unit 42 Kazuar May 2017),collection,collection|command-and-control|exfiltration,0.8899877087230097,Kazuar,T1005,Data from Local System
[KillDisk](https://attack.mitre.org/software/S0607) terminates various processes to get the user to reboot the victim machine.(Citation: Trend Micro KillDisk 2),impact,defense-impairment|discovery|impact,0.8898659275965943,KillDisk,T1489,Service Stop
[StrelaStealer](https://attack.mitre.org/software/S1183) has been distributed as a malicious JavaScript object.(Citation: PaloAlto StrelaStealer 2024)(Citation: Fortgale StrelaStealer 2023)(Citation: IBM StrelaStealer 2024),execution,execution|initial-access,0.88966328676267,StrelaStealer,T1059.007,JavaScript
[Crutch](https://attack.mitre.org/software/S0538) can monitor removable drives and exfiltrate files matching a given extension list.(Citation: ESET Crutch December 2020),collection,discovery|exfiltration,0.8890062524840601,Crutch,T1025,Data from Removable Media
[Hikit](https://attack.mitre.org/software/S0009) has been spread through spear phishing.(Citation: Novetta-Axiom),initial-access,initial-access|lateral-movement,0.8889764828115252,Hikit,T1566,Phishing
[FRP](https://attack.mitre.org/software/S1144) can support the use of a JSON configuration file.(Citation: FRP GitHub),execution,stealth,0.8889278381110223,FRP,T1059.007,JavaScript
"[OilBooster](https://attack.mitre.org/software/S1172) uses the Microsoft Graph API to connect to an actor-controlled OneDrive account to download and execute files and shell commands, and to create directories to share exfiltrated data.(Citation: ESET OilRig Downloaders DEC 2023)",command-and-control,command-and-control|execution|exfiltration,0.8886654840272786,OilBooster,T1102.002,Bidirectional Communication
[LAPSUS$](https://attack.mitre.org/groups/G1004) has replayed stolen session token and passwords to trigger simple-approval MFA prompts in hope of the legitimate user will grant necessary approval.(Citation: MSTIC DEV-0537 Mar 2022),credential-access,credential-access|stealth,0.8882583365811756,LAPSUS$,T1111,Multi-Factor Authentication Interception
[Lokibot](https://attack.mitre.org/software/S0447)'s second stage DLL has set a timer using “timeSetEvent” to schedule its next execution.(Citation: Talos Lokibot Jan 2021),execution|persistence|privilege-escalation,execution|persistence|stealth,0.8881317713212881,Lokibot,T1053,Scheduled Task/Job
"[Stuxnet](https://attack.mitre.org/software/S0603) checks for specific operating systems on 32-bit machines, Registry keys, and dates for vulnerabilities, and will exit execution if the values are not met.(Citation: Nicolas Falliere, Liam O Murchu, Eric Chien February 2011)",stealth,discovery,0.8878841361590106,Stuxnet,T1480,Execution Guardrails
[STARWHALE](https://attack.mitre.org/software/S1037) has the ability to hex-encode collected data from an infected host.(Citation: DHS CISA AA22-055A MuddyWater February 2022),command-and-control,collection,0.8877557986041894,STARWHALE,T1132.001,Standard Encoding
[Qilin](https://attack.mitre.org/software/S1242) can use WMIC to change the Volume Shadow Copy Service (VSS) startup type to manual.(Citation: Cisco Talos Qilin Ransomware OCT 2025),execution,execution|impact,0.8874432486080448,Qilin,T1047,Windows Management Instrumentation
[Troll Stealer](https://attack.mitre.org/software/S1196) gathers information from infected systems such as SSH information from the victim's `.ssh` directory.(Citation: Symantec Troll Stealer 2024) [Troll Stealer](https://attack.mitre.org/software/S1196) collects information from local FileZilla installations and Microsoft Sticky Note.(Citation: S2W Troll Stealer 2024),collection,collection|discovery,0.8867197525183349,Troll Stealer,T1005,Data from Local System
[SslMM](https://attack.mitre.org/software/S0058) identifies and kills anti-malware processes.(Citation: Baumgartner Naikon 2015),defense-impairment,defense-impairment|discovery,0.886532327877615,SslMM,T1685,Disable or Modify Tools
[Elise](https://attack.mitre.org/software/S0081) encrypts exfiltrated data with RC4.(Citation: Lotus Blossom Jun 2015),command-and-control,collection|exfiltration,0.8865088103279518,Elise,T1573.001,Symmetric Cryptography
The [DustySky](https://attack.mitre.org/software/S0062) dropper uses Windows Management Instrumentation to extract information about the operating system and whether an anti-virus is active.(Citation: DustySky),execution,discovery,0.8862291835419732,DustySky,T1047,Windows Management Instrumentation
[KillDisk](https://attack.mitre.org/software/S0607) attempts to reboot the machine by terminating specific processes.(Citation: Trend Micro KillDisk 2),impact,defense-impairment|discovery|impact,0.8854156381603729,KillDisk,T1529,System Shutdown/Reboot
[Latrodectus](https://attack.mitre.org/software/S1160) has been executed through malicious links distributed in email campaigns.(Citation: Latrodectus APR 2024)(Citation: Bleeping Computer Latrodectus April 2024),execution,execution|initial-access,0.8849551047012636,Latrodectus,T1204.001,Malicious Link
[TrickBot](https://attack.mitre.org/software/S0266) has used macros in Excel documents to download and deploy the malware on the user’s machine.(Citation: TrendMicro Trickbot Feb 2019),execution,command-and-control|execution,0.884345914773182,TrickBot,T1059.003,Windows Command Shell
[APT33](https://attack.mitre.org/groups/G0064) has used base64 to encode payloads.(Citation: FireEye APT33 Guardrail),stealth,command-and-control|stealth,0.8840353861575991,APT33,T1027.013,Encrypted/Encoded File
[Suckfly](https://attack.mitre.org/groups/G0039) used legitimate account credentials that they dumped to navigate the internal victim network as though they were the legitimate account owner.(Citation: Symantec Suckfly May 2016),initial-access|persistence|privilege-escalation|stealth,credential-access|initial-access|persistence|privilege-escalation|stealth,0.8838908365584478,Suckfly,T1078,Valid Accounts
"During the [2025 Poland Wiper Attacks](https://attack.mitre.org/campaigns/C0063), the adversaries modified two-factor settings within the FortiGate solution to `unset`.(Citation: CERT Polska)",credential-access|defense-impairment|persistence,defense-impairment,0.8825894276589639,2025 Poland Wiper Attacks,T1556.006,Multi-Factor Authentication
[Pupy](https://attack.mitre.org/software/S0192) can user PowerView to execute “net user” commands and create domain accounts.(Citation: GitHub Pupy),persistence,execution|persistence|privilege-escalation,0.8825288618263368,Pupy,T1136.002,Domain Account
"During [RedPenguin](https://attack.mitre.org/campaigns/C0056), [UNC3886](https://attack.mitre.org/groups/G1048) malware used the RC4 cipher to encrypt outgoing C2 messages.(Citation: Juniper RedPenguin MAR 2025)",command-and-control,command-and-control|stealth,0.8823503580278852,RedPenguin,T1573.001,Symmetric Cryptography
[Keydnap](https://attack.mitre.org/software/S0276) uses a Launch Agent to persist.(Citation: synack 2016 review),persistence|privilege-escalation,execution|persistence|privilege-escalation,0.881787669914198,Keydnap,T1543.001,Launch Agent
[njRAT](https://attack.mitre.org/software/S0385) can read specific registry values.(Citation: Trend Micro njRAT 2018),discovery,defense-impairment|discovery|persistence,0.881211647969822,njRAT,T1012,Query Registry
"During the [2025 Poland Wiper Attacks](https://attack.mitre.org/campaigns/C0063), the adversaries created rules that mimicked the name of an institution already present in the network device configuration to avoid detection.(Citation: CERT Polska)",stealth,discovery|stealth,0.8811707322610713,2025 Poland Wiper Attacks,T1036.005,Match Legitimate Resource Name or Location
"[LAPSUS$](https://attack.mitre.org/groups/G1004) uploaded sensitive files, information, and credentials from a targeted organization for extortion or public release.(Citation: MSTIC DEV-0537 Mar 2022)",collection,collection|reconnaissance,0.8807447142407187,LAPSUS$,T1005,Data from Local System
[UBoatRAT](https://attack.mitre.org/software/S0333) encrypts instructions in its C2 network payloads using a simple XOR cipher.(Citation: PaloAlto UBoatRAT Nov 2017),command-and-control,command-and-control|stealth,0.8804405667631354,UBoatRAT,T1573.001,Symmetric Cryptography
[Higaisa](https://attack.mitre.org/groups/G0126) used an XSL file to run VBScript code.(Citation: PTSecurity Higaisa 2020),stealth,execution,0.8800551822830551,Higaisa,T1220,XSL Script Processing
[APT-C-36](https://attack.mitre.org/groups/G0099) has disguised its scheduled tasks as those used by Google.(Citation: QiAnXin APT-C-36 Feb2019),stealth,execution|persistence|privilege-escalation|stealth,0.8796065521142085,APT-C-36,T1036.004,Masquerade Task or Service
"[HermeticWiper](https://attack.mitre.org/software/S0697) has the ability to modify Registry keys to disable crash dumps, colors for compressed files, and pop-up information about folders and desktop items.(Citation: SentinelOne Hermetic Wiper February 2022)(Citation: Crowdstrike DriveSlayer February 2022)(Citation: Qualys Hermetic Wiper March 2022)",defense-impairment|persistence,defense-impairment,0.8792842243355669,HermeticWiper,T1112,Modify Registry
[njRAT](https://attack.mitre.org/software/S0385) has used C2 infrastructure to receive stolen information from the infected machine including screenshots and other system information.(Citation: Trend Micro njRAT 2018)(Citation: Kaspersky BlindEagle AUG 2024),exfiltration,collection,0.8792798077713396,njRAT,T1041,Exfiltration Over C2 Channel
[MultiLayer Wiper](https://attack.mitre.org/software/S1135) uses a batch script to clear file system cache memory via the ProcessIdleTasks export in advapi32.dll as an anti-analysis and anti-forensics technique.(Citation: Unit42 Agrius 2023),stealth,execution|stealth,0.8789140406189908,MultiLayer Wiper,T1070,Indicator Removal
"During [RedPenguin](https://attack.mitre.org/campaigns/C0056), [UNC3886](https://attack.mitre.org/groups/G1048) used malware capable of establishing a SOCKS proxy connection to a specified IP and port.(Citation: Mandiant UNC3886 Juniper Routers MAR 2025)(Citation: Juniper RedPenguin MAR 2025)",command-and-control,command-and-control|resource-development,0.8788725480864984,RedPenguin,T1090,Proxy
[Grandoreiro](https://attack.mitre.org/software/S0531) can use MSI files to execute DLLs.(Citation: Securelist Brazilian Banking Malware July 2020),stealth,execution|stealth,0.8784240906344126,Grandoreiro,T1218.007,Msiexec
[BlackEnergy](https://attack.mitre.org/software/S0089) has removed the watermark associated with enabling the TESTSIGNING boot configuration option by removing the relevant strings in the user32.dll.mui of the system.(Citation: F-Secure BlackEnergy 2014),stealth,defense-impairment|stealth,0.8778706454316152,BlackEnergy,T1070,Indicator Removal
"[LAPSUS$](https://attack.mitre.org/groups/G1004) has exploited unpatched vulnerabilities on internally accessible servers including JIRA, GitLab, and Confluence for privilege escalation.(Citation: MSTIC DEV-0537 Mar 2022)",privilege-escalation,initial-access|privilege-escalation|resource-development,0.8773184729108208,LAPSUS$,T1068,Exploitation for Privilege Escalation
[APT29](https://attack.mitre.org/groups/G0016) has used spearphishing with a link to trick victims into clicking on a link to a zip file containing malicious files.(Citation: Mandiant No Easy Breach)(Citation: MSTIC NOBELIUM May 2021)(Citation: Secureworks IRON RITUAL USAID Phish May 2021),initial-access,execution|initial-access,0.8766994289010535,APT29,T1566.002,Spearphishing Link
[EXOTIC LILY](https://attack.mitre.org/groups/G1011) has used contact forms on victim websites to generate phishing e-mails.(Citation: Google EXOTIC LILY March 2022),reconnaissance,reconnaissance|resource-development,0.8756731827516097,EXOTIC LILY,T1594,Search Victim-Owned Websites
[Empire](https://attack.mitre.org/software/S0363) can send data gathered from a target through the command and control channel.(Citation: Github PowerShell Empire)(Citation: Talos Frankenstein June 2019),exfiltration,collection|exfiltration,0.8754752712356645,Empire,T1041,Exfiltration Over C2 Channel
[RGDoor](https://attack.mitre.org/software/S0258) encrypts files with XOR before sending them back to the C2 server.(Citation: Unit 42 RGDoor Jan 2018),collection,collection|command-and-control,0.8753003222309552,RGDoor,T1560.003,Archive via Custom Method
[Impacket](https://attack.mitre.org/software/S0357) contains various modules emulating other service execution tools such as [PsExec](https://attack.mitre.org/software/S0029).(Citation: Impacket Tools),execution,execution|resource-development,0.8752772220667231,Impacket,T1569.002,Service Execution
[APT38](https://attack.mitre.org/groups/G0082) has created a mutex to avoid duplicate execution.(Citation: 1 - appv),stealth,execution|stealth,0.8748137568875272,APT38,T1480.002,Mutual Exclusion
"[AADInternals](https://attack.mitre.org/software/S0677) can create and export various authentication certificates, including those associated with Azure AD joined/registered devices.(Citation: AADInternals Documentation)",credential-access,credential-access|defense-impairment,0.8744216162347956,AADInternals,T1649,Steal or Forge Authentication Certificates
"[Penquin](https://attack.mitre.org/software/S0587) can use the command code do_vslist to send file names, size, and status to C2.(Citation: Leonardo Turla Penquin May 2020)",discovery,command-and-control,0.8742289048252692,Penquin,T1083,File and Directory Discovery
"[Diskpart](https://attack.mitre.org/software/S9002) can show information about the selected disk, partition, volume, or virtual hard disk (VHD).(Citation: Microsoft_diskpart_Feb2023)",discovery,discovery|impact,0.8739200476838277,Diskpart,T1082,System Information Discovery
[WinMM](https://attack.mitre.org/software/S0059) sets a WH_CBT Windows hook to collect information on process creation.(Citation: Baumgartner Naikon 2015),discovery,collection|discovery,0.8733602207298675,WinMM,T1057,Process Discovery
[Gazer](https://attack.mitre.org/software/S0168) creates a mutex using the hard-coded value `{531511FA-190D-5D85-8A4A-279F2F592CC7}` to ensure that only one instance of itself is running.(Citation: ESET Gazer Aug 2017),stealth,persistence|stealth,0.8732394733100983,Gazer,T1480.002,Mutual Exclusion
[Pysa](https://attack.mitre.org/software/S0583) has the functionality to delete shadow copies.(Citation: CERT-FR PYSA April 2020),impact,impact|stealth,0.8731127584847086,Pysa,T1490,Inhibit System Recovery
[Pacu](https://attack.mitre.org/software/S1091) can collect CloudTrail event histories and CloudWatch logs.(Citation: GitHub Pacu),discovery,collection|defense-impairment|discovery,0.8731037300155655,Pacu,T1654,Log Enumeration
[xCaon](https://attack.mitre.org/software/S0653) has used the GetAdaptersInfo() API call to get the victim's MAC address.(Citation: Checkpoint IndigoZebra July 2021),discovery,discovery|execution,0.8727138923189339,xCaon,T1016,System Network Configuration Discovery
"[T9000](https://attack.mitre.org/software/S0098) searches removable storage devices for files with a pre-defined list of file extensions (e.g. * .doc, *.ppt, *.xls, *.docx, *.pptx, *.xlsx). Any matching files are encrypted and written to a local user directory.(Citation: Palo Alto T9000 Feb 2016)",collection,collection|discovery,0.8724395025804195,T9000,T1119,Automated Collection
[CORESHELL](https://attack.mitre.org/software/S0137) C2 messages are Base64-encoded.(Citation: FireEye APT28),command-and-control,command-and-control|stealth,0.8711753307540112,CORESHELL,T1132.001,Standard Encoding
[APT29](https://attack.mitre.org/groups/G0016) has embedded ISO images and VHDX files in HTML to evade Mark-of-the-Web.(Citation: ESET T3 Threat Report 2021),defense-impairment,stealth,0.8710634407850563,APT29,T1553.005,Mark-of-the-Web Bypass
"[APT29](https://attack.mitre.org/groups/G0016) uses stolen tokens to access victim accounts, without needing a password.(Citation: NCSC et al APT29 2024)",credential-access,credential-access|initial-access|lateral-movement|persistence|privilege-escalation|stealth,0.870766419677273,APT29,T1528,Steal Application Access Token
[TONESHELL](https://attack.mitre.org/software/S1239) has used `GetForegroundWindow` to detect virtualization or sandboxes by calling the API twice and comparing each window handle.(Citation: 2022 November_TrendMicro_Earth Preta_Toneshell_Pubload),discovery,discovery|stealth,0.8707167681696937,TONESHELL,T1010,Application Window Discovery
[Pupy](https://attack.mitre.org/software/S0192) can execute Lazagne as well as [Mimikatz](https://attack.mitre.org/software/S0002) using PowerShell.(Citation: GitHub Pupy),credential-access,execution,0.8699298825028485,Pupy,T1003.001,LSASS Memory
[TONESHELL](https://attack.mitre.org/software/S1239) has encoded a payload with a random 32-byte key using XOR.(Citation: 2022 November_TrendMicro_Earth Preta_Toneshell_Pubload) [TONESHELL](https://attack.mitre.org/software/S1239) has also encoded payloads with a 256-byte key using XOR.(Citation: 2025_IBM_PUBLOAD_TONESHELL_HIUPAN_CLAIMLOADER_MUSTANG PANDA),command-and-control,stealth,0.8683434506849698,TONESHELL,T1132.002,Non-Standard Encoding
"During the [2025 Poland Wiper Attacks](https://attack.mitre.org/campaigns/C0063), threat actors utilized privileged accounts to access the FortiGate VPN solution and subsequent subnets.(Citation: CERT Polska)",initial-access|persistence|privilege-escalation|stealth,initial-access|persistence|privilege-escalation|resource-development|stealth,0.8679310158788638,2025 Poland Wiper Attacks,T1078.002,Domain Accounts
[REvil](https://attack.mitre.org/software/S0496) can obtain the token from the user that launched the explorer.exe process to avoid affecting the desktop of the SYSTEM user.(Citation: McAfee Sodinokibi October 2019),privilege-escalation|stealth,discovery|privilege-escalation|stealth,0.8679133342386519,REvil,T1134.001,Token Impersonation/Theft
[APT-C-36](https://attack.mitre.org/groups/G0099) has used phishing pages appearing like legitimate banking login portals to compromise credentials.(Citation: LevelBlue Blind Eagle Proton66 JUN 2025),resource-development,initial-access|reconnaissance|stealth,0.867638990273008,APT-C-36,T1683.002,Audio-Visual Content
"For [Operation Spalax](https://attack.mitre.org/campaigns/C0005), the threat actors used packers that read pixel data from images contained in PE files' resource sections and build the next layer of execution from the data.(Citation: ESET Operation Spalax Jan 2021)",stealth,collection|stealth,0.8673711583994115,Operation Spalax,T1027.003,Steganography
[Industroyer](https://attack.mitre.org/software/S0604)’s data wiper module clears registry keys and overwrites both ICS configuration and Windows files.(Citation: Dragos Crashoverride 2017),impact,defense-impairment,0.8672893860323608,Industroyer,T1485,Data Destruction
"For [Operation Spalax](https://attack.mitre.org/campaigns/C0005), the threat actors used XOR-encrypted payloads.(Citation: ESET Operation Spalax Jan 2021)",stealth,resource-development|stealth,0.8669168901472574,Operation Spalax,T1027.013,Encrypted/Encoded File
"As part of load balancing [FRP](https://attack.mitre.org/software/S1144) can set `healthCheck.type = ""tcp""` or `healthCheck.type = ""http""` to check service status on specific hosts with TCPing or an HTTP request.(Citation: FRP GitHub)",discovery,command-and-control|discovery,0.8667687899206564,FRP,T1046,Network Service Discovery
"[APT38](https://attack.mitre.org/groups/G0082) has created new services or modified existing ones to run executables, commands, or scripts.(Citation: CISA AA20-239A BeagleBoyz August 2020)",execution,execution|persistence|privilege-escalation,0.866635961052083,APT38,T1569.002,Service Execution
[LAPSUS$](https://attack.mitre.org/groups/G1004) has called victims' help desk to convince the support personnel to reset a privileged account’s credentials.(Citation: MSTIC DEV-0537 Mar 2022),reconnaissance,initial-access|persistence|privilege-escalation|stealth,0.8661576800126128,LAPSUS$,T1598.004,Spearphishing Voice
[TrickBot](https://attack.mitre.org/software/S0266) has used printf and file I/O loops to delay process execution as part of API hammering.(Citation: Joe Sec Trickbot),discovery|stealth,execution|stealth,0.8658731862712838,TrickBot,T1497.003,Time Based Checks
[Pillowmint](https://attack.mitre.org/software/S0517) has encrypted stolen credit card information with AES and further encoded it with Base64.(Citation: Trustwave Pillowmint June 2020),collection,stealth,0.8647172866943713,Pillowmint,T1560,Archive Collected Data
"[FIN6](https://attack.mitre.org/groups/G0037) used publicly available tools (including Microsoft's built-in SQL querying tool, osql.exe) to map the internal network and conduct reconnaissance against Active Directory, Structured Query Language (SQL) servers, and NetBIOS.(Citation: FireEye FIN6 April 2016)",discovery,discovery|resource-development,0.8641252136992016,FIN6,T1018,Remote System Discovery
"[BlackByte Ransomware](https://attack.mitre.org/software/S1180) creates a mutex value with a hard-coded name, and terminates if that mutex already exists on the victim system. [BlackByte Ransomware](https://attack.mitre.org/software/S1180) checks the system language to see if it matches one of a list of hard-coded values; if a match is found, the malware will terminate.(Citation: Trustwave BlackByte 2021)",stealth,discovery|impact|stealth,0.8637696573848072,BlackByte Ransomware,T1480,Execution Guardrails
[KGH_SPY](https://attack.mitre.org/software/S0526) has the ability to set the HKCU\Environment\UserInitMprLogonScript Registry key to execute logon scripts.(Citation: Cybereason Kimsuky November 2020),persistence|privilege-escalation,defense-impairment|execution|persistence,0.8636111012871714,KGH_SPY,T1037.001,Logon Script (Windows)
[Skidmap](https://attack.mitre.org/software/S0468) has used pm.sh to download and install its main payload.(Citation: Trend Micro Skidmap),execution,command-and-control|stealth,0.8623394524094644,Skidmap,T1059.004,Unix Shell
[Crutch](https://attack.mitre.org/software/S0538) can use Dropbox to receive commands and upload stolen data.(Citation: ESET Crutch December 2020),command-and-control,command-and-control|exfiltration,0.8622202306450344,Crutch,T1102.002,Bidirectional Communication
[Empire](https://attack.mitre.org/software/S0363) can use GitHub for data exfiltration.(Citation: Github PowerShell Empire),exfiltration,collection|execution|exfiltration,0.8620795249268379,Empire,T1567.001,Exfiltration to Code Repository
[HAWKBALL](https://attack.mitre.org/software/S0391) has encrypted data with XOR before sending it over the C2 channel.(Citation: FireEye HAWKBALL Jun 2019),collection,command-and-control|exfiltration,0.8615350084613872,HAWKBALL,T1560.003,Archive via Custom Method
[Agent.btz](https://attack.mitre.org/software/S0092) creates a file named thumb.dd on all USB flash drives connected to the victim. This file contains information about the infected system and activity logs.(Citation: Securelist Agent.btz),exfiltration,discovery,0.8614298302994521,Agent.btz,T1052.001,Exfiltration over USB
[Penquin](https://attack.mitre.org/software/S0587) can sniff network traffic to look for packets matching specific conditions.(Citation: Leonardo Turla Penquin May 2020)(Citation: Kaspersky Turla Penquin December 2014),credential-access|discovery,command-and-control|discovery,0.861423711033435,Penquin,T1040,Network Sniffing
"After encrypting C2 data, [BADNEWS](https://attack.mitre.org/software/S0128) converts it into a hexadecimal representation and then encodes it into base64.(Citation: Forcepoint Monsoon)",command-and-control,command-and-control|stealth,0.8611358386045631,BADNEWS,T1132,Data Encoding
[Neoichor](https://attack.mitre.org/software/S0691) can clear the browser history on a compromised host by changing the `ClearBrowsingHistoryOnExit` value to 1 in the `HKEY_CURRENT_USER\Software\Microsoft\Internet Explorer\Privacy` Registry key.(Citation: Microsoft NICKEL December 2021),stealth,defense-impairment|discovery|persistence,0.8604456324537011,Neoichor,T1070,Indicator Removal
[CoinTicker](https://attack.mitre.org/software/S0369) executes a Python script to download its second stage.(Citation: CoinTicker 2019),command-and-control,command-and-control|execution,0.8603876429306134,CoinTicker,T1105,Ingress Tool Transfer
[Qilin](https://attack.mitre.org/software/S1242) can identify specific services for termination or to be left running at execution.(Citation: Trend Micro Agenda Ransomware AUG 2022)(Citation: SentinelOne Qilin NOV 2022)(Citation: HC3 Qilin Threat Profile JUN 2024)(Citation: Cisco Talos Qilin Ransomware OCT 2025),discovery,discovery|impact,0.8592775467949779,Qilin,T1007,System Service Discovery
"[Winnti for Linux](https://attack.mitre.org/software/S0430) has used a passive listener, capable of identifying a specific magic value before executing tasking, as a secondary command and control (C2) mechanism.(Citation: Chronicle Winnti for Linux May 2019)",command-and-control|persistence|stealth,command-and-control,0.8591969390571431,Winnti for Linux,T1205,Traffic Signaling
[XTunnel](https://attack.mitre.org/software/S0117) is capable of probing the network for open ports.(Citation: Invincea XTunnel),discovery,command-and-control|discovery,0.8583045317423186,XTunnel,T1046,Network Service Discovery
[WastedLocker](https://attack.mitre.org/software/S0612) can execute itself as a service.(Citation: NCC Group WastedLocker June 2020),execution,execution|persistence|privilege-escalation,0.8581717715010115,WastedLocker,T1569.002,Service Execution
[StoneDrill](https://attack.mitre.org/software/S0380) can wipe the accessible physical or logical drives of the infected machine.(Citation: Symantec Elfin Mar 2019),impact,discovery,0.8569315287300194,StoneDrill,T1561.001,Disk Content Wipe
"[Stuxnet](https://attack.mitre.org/software/S0603) schedules a network job to execute two minutes after host infection.(Citation: Nicolas Falliere, Liam O Murchu, Eric Chien February 2011)",execution|persistence|privilege-escalation,execution,0.8558318929655816,Stuxnet,T1053.005,Scheduled Task
[TrickBot](https://attack.mitre.org/software/S0266) has used an email with an Excel sheet containing a malicious macro to deploy the malware(Citation: TrendMicro Trickbot Feb 2019),initial-access,execution,0.8557308779004922,TrickBot,T1566.001,Spearphishing Attachment
[APT29](https://attack.mitre.org/groups/G0016) has developed malware variants written in Python.(Citation: Symantec Seaduke 2015),execution,execution|resource-development,0.8553366143281242,APT29,T1059.006,Python
"If installing itself as a service fails, [Elise](https://attack.mitre.org/software/S0081) instead writes itself as a file named svchost.exe saved in %APPDATA%\Microsoft\Network.(Citation: Lotus Blossom Jun 2015)",stealth,persistence|privilege-escalation|stealth,0.8552476058938828,Elise,T1036.005,Match Legitimate Resource Name or Location
[KEYMARBLE](https://attack.mitre.org/software/S0271) has the capability to delete files off the victim’s machine.(Citation: US-CERT KEYMARBLE Aug 2018),stealth,impact|stealth,0.855028301533299,KEYMARBLE,T1070.004,File Deletion
[HermeticWiper](https://attack.mitre.org/software/S0697) can load drivers by creating a new service using the `CreateServiceW` API.(Citation: Crowdstrike DriveSlayer February 2022),persistence|privilege-escalation,execution|persistence|privilege-escalation,0.8546839443968902,HermeticWiper,T1543.003,Windows Service
[Skidmap](https://attack.mitre.org/software/S0468) is a kernel-mode rootkit used for cryptocurrency mining.(Citation: Trend Micro Skidmap),impact,impact|stealth,0.8543071983561119,Skidmap,T1496.001,Compute Hijacking
[EnvyScout](https://attack.mitre.org/software/S0634) has used folder icons for malicious files to lure victims into opening them.(Citation: MSTIC Nobelium Toolset May 2021),stealth,execution,0.8541935991269555,EnvyScout,T1036,Masquerading
[REvil](https://attack.mitre.org/software/S0496) has been executed via malicious MS Word e-mail attachments.(Citation: G Data Sodinokibi June 2019)(Citation: McAfee REvil October 2019)(Citation: Picus Sodinokibi January 2020),execution,execution|initial-access,0.8536834322809381,REvil,T1204.002,Malicious File
[LockBit 3.0](https://attack.mitre.org/software/S1202) can use PowerShell to apply Group Policy changes.(Citation: Joint Cybersecurity Advisory LockBit 3.0 MAR 2023),execution,defense-impairment|execution,0.8535794495207172,LockBit 3.0,T1059.001,PowerShell
"[APT33](https://attack.mitre.org/groups/G0064) has attempted to exploit a known vulnerability in WinRAR (CVE-2018-20250), and attempted to gain remote code execution via a security bypass vulnerability (CVE-2017-11774).(Citation: Symantec Elfin Mar 2019)(Citation: Microsoft Holmium June 2020)",execution,execution|initial-access|lateral-movement|privilege-escalation,0.8530969070229297,APT33,T1203,Exploitation for Client Execution
"[APT-C-36](https://attack.mitre.org/groups/G0099) has used DDNS services such as DuckDNS, noip[.]com, and con-ip[.]com to redirect victims to sites or repositories hosting malware implants.(Citation: Kaspersky BlindEagle AUG 2024)(Citation: Check Point Blind Eagle MAR 2025)(Citation: LevelBlue Blind Eagle Proton66 JUN 2025)(Citation: Recorded Future TAG-144 AUG 2025)(Citation: Zscaler BlindEagle DEC 2025)",command-and-control,command-and-control|resource-development,0.8530839167829533,APT-C-36,T1568,Dynamic Resolution
[Blue Mockingbird](https://attack.mitre.org/groups/G0108) has used wmic.exe to set environment variables.(Citation: RedCanary Mockingbird May 2020),execution,execution|stealth,0.8526261928934492,Blue Mockingbird,T1047,Windows Management Instrumentation
[SMOKEDHAM](https://attack.mitre.org/software/S0649) has used Powershell to download UltraVNC and [ngrok](https://attack.mitre.org/software/S0508) from third-party file sharing sites.(Citation: FireEye SMOKEDHAM June 2021),command-and-control,command-and-control|execution,0.8510317978009037,SMOKEDHAM,T1105,Ingress Tool Transfer
[Javali](https://attack.mitre.org/software/S0528) has used the MSI installer to download and execute malicious payloads.(Citation: Securelist Brazilian Banking Malware July 2020),stealth,command-and-control|execution|stealth,0.8501014990964887,Javali,T1218.007,Msiexec
[TrickBot](https://attack.mitre.org/software/S0266) has used a VNC module to monitor the victim and collect information to pivot to valuable systems on the network (Citation: Trickbot VNC module July 2021)(Citation: Bitdefender Trickbot VNC module Whitepaper 2021),lateral-movement,collection|discovery,0.8489995460489396,TrickBot,T1021.005,VNC
[SeaDuke](https://attack.mitre.org/software/S0053) uses an event filter in WMI code to execute a previously dropped executable shortly after system startup.(Citation: FireEye WMI 2015),persistence|privilege-escalation,execution|persistence|privilege-escalation,0.8483289208000327,SeaDuke,T1546.003,Windows Management Instrumentation Event Subscription
[OilBooster](https://attack.mitre.org/software/S1172) can stage files in the `tempFiles` directory for exfiltration.(Citation: ESET OilRig Downloaders DEC 2023),collection,collection|exfiltration,0.8482378504808123,OilBooster,T1074.001,Local Data Staging
"[StrelaStealer](https://attack.mitre.org/software/S1183) searches for and if found collects the contents of files such as `logins.json` and `key4.db` in the `$APPDATA%\Thunderbird\Profiles\` directory, associated with the Thunderbird email application.(Citation: DCSO StrelaStealer 2022)(Citation: Fortgale StrelaStealer 2023)",credential-access,collection|discovery,0.847655878163073,StrelaStealer,T1552.001,Credentials In Files
[Emotet](https://attack.mitre.org/software/S0367) uses obfuscated URLs to download a ZIP file.(Citation: emotet_trendmicro_mar2023),stealth,command-and-control|stealth,0.8474269042504536,Emotet,T1027.013,Encrypted/Encoded File
[APT-C-36](https://attack.mitre.org/groups/G0099) has used a compromised account to send a phishing email to an address likely used and monitored by the IT team within the same targeted organization.(Citation: Zscaler BlindEagle DEC 2025),lateral-movement,initial-access,0.84681678869002,APT-C-36,T1534,Internal Spearphishing
[LAMEHUG](https://attack.mitre.org/software/S9035) can use SSH to transfer information to C2.(Citation: Splunk LAMEHUG SEP 2025),command-and-control,command-and-control|exfiltration|lateral-movement,0.8465565779572553,LAMEHUG,T1573.002,Asymmetric Cryptography
"During [RedPenguin](https://attack.mitre.org/campaigns/C0056), [UNC3886](https://attack.mitre.org/groups/G1048) used malware to clear the `HISTFILE` environmental variable and to inject into Junos OS processes to inhibit logging.(Citation: Mandiant UNC3886 Juniper Routers MAR 2025)(Citation: Juniper RedPenguin MAR 2025)",defense-impairment,privilege-escalation|stealth,0.846506316426795,RedPenguin,T1690,Prevent Command History Logging
[CrackMapExec](https://attack.mitre.org/software/S0488) can discover the password policies applied to the target system.(Citation: CME Github September 2018),discovery,credential-access|discovery,0.8459787654051552,CrackMapExec,T1201,Password Policy Discovery
[Axiom](https://attack.mitre.org/groups/G0001) has acquired dynamic DNS services for use in the targeting of intended victims.(Citation: Novetta-Axiom),resource-development,reconnaissance|resource-development,0.8459154407874845,Axiom,T1583.002,DNS Server
[AADInternals](https://attack.mitre.org/software/S0677) can dump secrets from the Local Security Authority.(Citation: AADInternals Documentation),credential-access,collection|credential-access,0.8454766209619963,AADInternals,T1003.004,LSA Secrets
[BlackEnergy](https://attack.mitre.org/software/S0089) has run a plug-in on a victim to spread through the local network by using [PsExec](https://attack.mitre.org/software/S0029) and accessing admin shares.(Citation: Securelist BlackEnergy Nov 2014),lateral-movement,initial-access|lateral-movement,0.8450432067876055,BlackEnergy,T1021.002,SMB/Windows Admin Shares
[Kali365](https://attack.mitre.org/software/S9044) has the ability to modify email rules to delete email based notifications prior to the victim seeing them.(Citation: SpyCloud Kali365 June 2026),stealth,collection|defense-impairment|stealth,0.8445261685763494,Kali365,T1564.008,Email Hiding Rules
[Indrik Spider](https://attack.mitre.org/groups/G0119) has used Group Policy Objects to deploy batch scripts.(Citation: Crowdstrike Indrik November 2018)(Citation: Mandiant_UNC2165),defense-impairment|privilege-escalation,defense-impairment|execution|privilege-escalation,0.8438749093420918,Indrik Spider,T1484.001,Group Policy Modification
[LockBit 2.0](https://attack.mitre.org/software/S1199) can use the PowerShell module `InvokeGPUpdate` to modify Group Policy.(Citation: FBI Lockbit 2.0 FEB 2022)(Citation: Palo Alto Lockbit 2.0 JUN 2022),execution,defense-impairment,0.8438148477968171,LockBit 2.0,T1059.001,PowerShell
"[ZIPLINE](https://attack.mitre.org/software/S1114) can identify a specific string in intercepted network traffic, `SSH-2.0-OpenSSH_0.3xx.`, to trigger its command functionality.(Citation: Mandiant Cutting Edge January 2024)",command-and-control|persistence|stealth,discovery,0.8437984320226377,ZIPLINE,T1205,Traffic Signaling
"[Stuxnet](https://attack.mitre.org/software/S0603) uses a driver registered as a boot start service as the main load-point.(Citation: Nicolas Falliere, Liam O Murchu, Eric Chien February 2011)",persistence|privilege-escalation,execution|persistence|privilege-escalation,0.8437974011749011,Stuxnet,T1543.003,Windows Service
[FIN13](https://attack.mitre.org/groups/G1016) has logged the keystrokes of victims to escalate privileges.(Citation: Mandiant FIN13 Aug 2022),collection|credential-access,collection|credential-access|privilege-escalation,0.8437925457027778,FIN13,T1056.001,Keylogging
[FIN6](https://attack.mitre.org/groups/G0037) has sent stolen payment card data to remote servers via HTTP POSTs.(Citation: Trend Micro FIN6 October 2019),exfiltration,command-and-control|exfiltration|initial-access,0.8436480346420119,FIN6,T1048.003,Exfiltration Over Unencrypted Non-C2 Protocol
[Koadic](https://attack.mitre.org/software/S0250) can scan local network for open SMB.(Citation: Github Koadic),discovery,discovery|lateral-movement,0.8435106811403953,Koadic,T1135,Network Share Discovery
[Lizar](https://attack.mitre.org/software/S0681) can collect email accounts from Microsoft Outlook and Mozilla Thunderbird.(Citation: BiZone Lizar May 2021),discovery,collection,0.8432688582271923,Lizar,T1087.003,Email Account
[LockBit 3.0](https://attack.mitre.org/software/S1202) can use a compromised local account for lateral movement.(Citation: Joint Cybersecurity Advisory LockBit 3.0 MAR 2023),initial-access|persistence|privilege-escalation|stealth,lateral-movement|persistence|privilege-escalation,0.8428318511781183,LockBit 3.0,T1078.003,Local Accounts
[DarkTortilla](https://attack.mitre.org/software/S1066) can detect profilers by verifying the `COR_ENABLE_PROFILING` environment variable is present and active.(Citation: Secureworks DarkTortilla Aug 2022),execution|stealth,discovery,0.8427905157178157,DarkTortilla,T1574.012,COR_PROFILER
[Starloader](https://attack.mitre.org/software/S0188) decrypts and executes shellcode from a file called Stars.jps.(Citation: Symantec Sowbug Nov 2017),stealth,execution|stealth,0.8425478644582194,Starloader,T1140,Deobfuscate/Decode Files or Information
The net user username \password \domain commands in [Net](https://attack.mitre.org/software/S0039) can be used to create a domain account.(Citation: Savill 1999),persistence,discovery|persistence,0.8424884867605904,Net,T1136.002,Domain Account
[WellMess](https://attack.mitre.org/software/S0514) can use junk data in the Base64 string for additional obfuscation.(Citation: CISA WellMess July 2020),command-and-control,command-and-control|stealth,0.8419490194923378,WellMess,T1001.001,Junk Data
[KillDisk](https://attack.mitre.org/software/S0607) deletes system files to make the OS unbootable. [KillDisk](https://attack.mitre.org/software/S0607) also targets and deletes files with 35 different file extensions.(Citation: ESEST Black Energy Jan 2016),impact,impact|stealth,0.8416728249695512,KillDisk,T1485,Data Destruction
[REvil](https://attack.mitre.org/software/S0496) can launch an instance of itself with administrative rights using runas.(Citation: Secureworks REvil September 2019),privilege-escalation|stealth,persistence|privilege-escalation,0.841420785790302,REvil,T1134.002,Create Process with Token
[xCaon](https://attack.mitre.org/software/S0653) has leveraged native OS function calls to retrieve victim's network adapter's information using GetAdapterInfo() API.(Citation: Checkpoint IndigoZebra July 2021),execution,discovery|execution,0.8410322378417385,xCaon,T1106,Native API
"During the [2025 Poland Wiper Attacks](https://attack.mitre.org/campaigns/C0063), the adversaries used compromised Cisco routers for network communications.(Citation: CERT Polska)",resource-development,command-and-control,0.84098153142324,2025 Poland Wiper Attacks,T1584.008,Network Devices
"[BPFDoor](https://attack.mitre.org/software/S1161) uses BPF bytecode to attach a filter to a network socket to view ICMP, UDP, or TCP packets coming through ports 22 (ssh), 80 (http), and 443 (https). When [BPFDoor](https://attack.mitre.org/software/S1161) finds a packet containing its “magic” bytes, it parses out two fields and forks itself. The parent process continues to monitor filtered traffic while the child process executes the instructions from the parsed fields.(Citation: Sandfly BPFDoor 2022)(Citation: Deep Instinct BPFDoor 2023)",command-and-control|persistence|stealth,command-and-control|stealth,0.8408360735508092,BPFDoor,T1205.002,Socket Filters
[DarkTortilla](https://attack.mitre.org/software/S1066) can implement the `kernel32.dll` Sleep function to delay execution for up to 300 seconds before implementing persistence or processing an addon package.(Citation: Secureworks DarkTortilla Aug 2022),discovery|stealth,persistence|stealth,0.8408183551955609,DarkTortilla,T1497.003,Time Based Checks
The [AADInternals](https://attack.mitre.org/software/S0677) `Set-AADIntUserMFA` command can be used to disable MFA for a specified user.,credential-access|defense-impairment|persistence,defense-impairment,0.8407946638001272,AADInternals,T1556.006,Multi-Factor Authentication
"[KARAE](https://attack.mitre.org/software/S0215) was distributed through torrent file-sharing websites to South Korean victims, using a YouTube video downloader application as a lure.(Citation: FireEye APT37 Feb 2018)",initial-access,command-and-control|initial-access,0.8407448831289586,KARAE,T1189,Drive-by Compromise
[FIN13](https://attack.mitre.org/groups/G1016) has used scheduled tasks names such as `acrotyr` and `AppServicesr` to mimic the same names in a compromised network's `C:\Windows` directory.(Citation: Mandiant FIN13 Aug 2022),stealth,execution|persistence|privilege-escalation,0.840568600432152,FIN13,T1036.004,Masquerade Task or Service
[TrickBot](https://attack.mitre.org/software/S0266) collects email addresses from Outlook.(Citation: Trend Micro Trickbot Nov 2018),discovery,collection,0.8400574572636343,TrickBot,T1087.003,Email Account
"During [C0011](https://attack.mitre.org/campaigns/C0011), [Transparent Tribe](https://attack.mitre.org/groups/G0134) relied on a student target to open a malicious document delivered via email.(Citation: Cisco Talos Transparent Tribe Education Campaign July 2022)",execution,execution|initial-access,0.8391676984003236,C0011,T1204.002,Malicious File
"[KGH_SPY](https://attack.mitre.org/software/S0526) has the ability to steal data from the Chrome, Edge, Firefox, Thunderbird, and Opera browsers.(Citation: Cybereason Kimsuky November 2020)",credential-access,collection|credential-access,0.8379754435031719,KGH_SPY,T1555.003,Credentials from Web Browsers
[BADNEWS](https://attack.mitre.org/software/S0128) has a command to take a screenshot and send it to the C2 server.(Citation: Forcepoint Monsoon)(Citation: PaloAlto Patchwork Mar 2018),collection,collection|command-and-control,0.8375008040038513,BADNEWS,T1113,Screen Capture
[SUNSPOT](https://attack.mitre.org/software/S0562) used Windows API functions such as MoveFileEx and NtQueryInformationProcess as part of the [SUNBURST](https://attack.mitre.org/software/S0559) injection process.(Citation: CrowdStrike SUNSPOT Implant January 2021),execution,execution|stealth,0.8370880135694773,SUNSPOT,T1106,Native API
[FIN13](https://attack.mitre.org/groups/G1016) has replaced legitimate KeePass binaries with trojanized versions to collect passwords from numerous applications.(Citation: Mandiant FIN13 Aug 2022),credential-access|defense-impairment|persistence,credential-access,0.8366232691712578,FIN13,T1556,Modify Authentication Process
[Winnti for Linux](https://attack.mitre.org/software/S0430) can encode its configuration file with single-byte XOR encoding.(Citation: Chronicle Winnti for Linux May 2019),stealth,command-and-control|stealth,0.8364707077769825,Winnti for Linux,T1027.013,Encrypted/Encoded File
[TONESHELL](https://attack.mitre.org/software/S1239) has used randomized padding to obfuscate payloads.(Citation: Zscaler)(Citation: Unit42 Chinese VSCode 06 September 2024),stealth,command-and-control|stealth,0.8355802982108883,TONESHELL,T1027.001,Binary Padding
[Industroyer](https://attack.mitre.org/software/S0604) has a data wiper component that enumerates keys in the Registry HKEY_LOCAL_MACHINE\SYSTEM\CurrentControlSet\Services .(Citation: ESET Industroyer),discovery,defense-impairment|discovery|persistence,0.8355509269016952,Industroyer,T1012,Query Registry
[OopsIE](https://attack.mitre.org/software/S0264) encodes data in hexadecimal format over the C2 channel.(Citation: Unit 42 OopsIE! Feb 2018),command-and-control,command-and-control|exfiltration,0.8354107746932109,OopsIE,T1132.001,Standard Encoding
[Agent.btz](https://attack.mitre.org/software/S0092) saves system information into an XML file that is then XOR-encoded.(Citation: ThreatExpert Agent.btz),collection,stealth,0.8351097740667706,Agent.btz,T1560.003,Archive via Custom Method
[StrelaStealer](https://attack.mitre.org/software/S1183) encrypts the payload of HTTP POST communications using the same XOR key used for the malware's DLL payload.(Citation: DCSO StrelaStealer 2022),command-and-control,command-and-control|stealth,0.8350882279773747,StrelaStealer,T1001,Data Obfuscation
[SMOKEDHAM](https://attack.mitre.org/software/S0649) has created user accounts.(Citation: FireEye SMOKEDHAM June 2021),persistence,persistence|privilege-escalation|stealth,0.8344722639385053,SMOKEDHAM,T1136.001,Local Account
[StrelaStealer](https://attack.mitre.org/software/S1183) variants only execute if the keyboard layout or language matches a set list of variables.(Citation: Fortgale StrelaStealer 2023)(Citation: IBM StrelaStealer 2024),stealth,discovery,0.8333012636454367,StrelaStealer,T1480,Execution Guardrails
"During [C0015](https://attack.mitre.org/campaigns/C0015), the threat actors used RDP to access specific network hosts of interest.(Citation: DFIR Conti Bazar Nov 2021)",lateral-movement,discovery|lateral-movement,0.8331299551220667,C0015,T1021.001,Remote Desktop Protocol
[FIN13](https://attack.mitre.org/groups/G1016) has harvested the NTDS.DIT file and leveraged the [Impacket](https://attack.mitre.org/software/S0357) tool on the compromised domain controller to locally decrypt it.(Citation: Sygnia Elephant Beetle Jan 2022),credential-access,stealth,0.8323224674781498,FIN13,T1003.003,NTDS
[APT29](https://attack.mitre.org/groups/G0016) can create new users through Azure AD.(Citation: MSTIC Nobelium Oct 2021),persistence,persistence|privilege-escalation,0.8322367233162826,APT29,T1136.003,Cloud Account
[Pillowmint](https://attack.mitre.org/software/S0517) has stored a compressed payload in the Registry key HKLM\SOFTWARE\Microsoft\DRM .(Citation: Trustwave Pillowmint June 2020),stealth,defense-impairment|persistence|stealth,0.830280762369403,Pillowmint,T1027.011,Fileless Storage
[Axiom](https://attack.mitre.org/groups/G0001) has used large groups of compromised machines for use as proxy nodes.(Citation: Novetta-Axiom),resource-development,command-and-control,0.8302304879741688,Axiom,T1584.005,Botnet
[UPSTYLE](https://attack.mitre.org/software/S1164) restores timestamps to original values following modification.(Citation: Volexity UPSTYLE 2024),stealth,persistence|stealth,0.8299272909096012,UPSTYLE,T1070.006,Timestomp
[EnvyScout](https://attack.mitre.org/software/S0634) can collect sensitive NTLM material from a compromised host.(Citation: MSTIC Nobelium Toolset May 2021),collection,collection|discovery,0.8296626145011556,EnvyScout,T1005,Data from Local System
[LockBit 2.0](https://attack.mitre.org/software/S1199) can execute command line arguments in a hidden window.(Citation: Palo Alto Lockbit 2.0 JUN 2022),stealth,execution|stealth,0.8295028420545912,LockBit 2.0,T1564.003,Hidden Window
[CHOPSTICK](https://attack.mitre.org/software/S0023) may store RC4 encrypted configuration information in the Windows Registry.(Citation: FireEye APT28),stealth,defense-impairment|stealth,0.8292690872890388,CHOPSTICK,T1027.011,Fileless Storage
"[PAKLOG](https://attack.mitre.org/software/S1233) has collected a timestamp to log the precise time a key was pressed, formatted as %Y-%m-%d %H:%M:%S.(Citation: Zscaler PAKLOG CorkLog SplatCloak Splatdropper April 2025)",discovery,discovery|stealth,0.8290995274884756,PAKLOG,T1124,System Time Discovery
"[BlackByte Ransomware](https://attack.mitre.org/software/S1180) enumerates the Registry, specifically the `HKLM\SOFTWARE\Microsoft\Windows NT\CurrentVersion\Image File Execution Options` key.(Citation: Trustwave BlackByte 2021)",discovery,discovery|persistence,0.8286703052003924,BlackByte Ransomware,T1012,Query Registry
[BlackByte Ransomware](https://attack.mitre.org/software/S1180) adds .JS and .EXE extensions to the Microsoft Defender exclusion list. [BlackByte Ransomware](https://attack.mitre.org/software/S1180) terminates and removes the Raccine anti-ransomware utility.(Citation: Trustwave BlackByte 2021),defense-impairment,defense-impairment|impact,0.8284323977610173,BlackByte Ransomware,T1685,Disable or Modify Tools
[PlugX](https://attack.mitre.org/software/S0013) has made calls to Windows API `CheckRemoteDebuggerPresent` and exits if it detects a debugger.(Citation: Sophos Mustang Panda PLUGX),discovery|stealth,execution|stealth,0.8273815853182861,PlugX,T1622,Debugger Evasion
[DCRAT](https://attack.mitre.org/software/S9017) can patch Microsoft’s Antimalware Scan Interface (AMSI) to evade detection.(Citation: Zscaler BlindEagle DEC 2025),defense-impairment,defense-impairment|stealth,0.8260493274885915,DCRAT,T1685,Disable or Modify Tools
[WellMess](https://attack.mitre.org/software/S0514) can decode and decrypt data received from C2.(Citation: PWC WellMess July 2020)(Citation: PWC WellMess C2 August 2020)(Citation: CISA WellMess July 2020),stealth,command-and-control|stealth,0.8251235427448135,WellMess,T1140,Deobfuscate/Decode Files or Information
"During [Operation Dream Job](https://attack.mitre.org/campaigns/C0022), [Lazarus Group](https://attack.mitre.org/groups/G0032) used malicious Trojans and DLL files to exfiltrate data from an infected host.(Citation: ClearSky Lazarus Aug 2020)(Citation: McAfee Lazarus Jul 2020)",collection,exfiltration,0.8234566593293499,Operation Dream Job,T1005,Data from Local System
Part of [APT28](https://attack.mitre.org/groups/G0007)'s operation involved using [CHOPSTICK](https://attack.mitre.org/software/S0023) modules to copy itself to air-gapped machines and using files written to USB sticks to transfer data and command traffic.(Citation: FireEye APT28)(Citation: Microsoft SIR Vol 19)(Citation: Secureworks IRON TWILIGHT Active Measures March 2017),initial-access|lateral-movement,collection|command-and-control|lateral-movement,0.8232237944040203,CHOPSTICK,T1091,Replication Through Removable Media
[SideCopy](https://attack.mitre.org/groups/G1008) has collected browser information from a compromised host.(Citation: MalwareBytes SideCopy Dec 2021),discovery,collection|discovery,0.8231247468011591,SideCopy,T1518,Software Discovery
"[Skidmap](https://attack.mitre.org/software/S0468) has the ability to download, unpack, and decrypt tar.gz files .(Citation: Trend Micro Skidmap)",stealth,command-and-control|stealth,0.822647795576453,Skidmap,T1140,Deobfuscate/Decode Files or Information
"[Manjusaka](https://attack.mitre.org/software/S1156) extracts credentials from the Windows Registry associated with Premiumsoft Navicat, a utility used to facilitate access to various database types.(Citation: Talos Manjusaka 2022)",credential-access,credential-access|persistence,0.8224730396676209,Manjusaka,T1555,Credentials from Password Stores
"During [C0015](https://attack.mitre.org/campaigns/C0015), the threat actors used WMI to load [Cobalt Strike](https://attack.mitre.org/software/S0154) onto additional hosts within a compromised network.(Citation: DFIR Conti Bazar Nov 2021)",lateral-movement,command-and-control|execution,0.8217032161429543,C0015,T1570,Lateral Tool Transfer
[UPPERCUT](https://attack.mitre.org/software/S0275) has been sideloaded through a legitimately signed application from the JustSystems Corporation.(Citation: ESET MirrorFace 2025),execution|stealth,defense-impairment|stealth,0.8216993506255996,UPPERCUT,T1574.001,DLL
[Qilin](https://attack.mitre.org/software/S1242) can use an embedded [Mimikatz](https://attack.mitre.org/software/S0002) module for token manipulation.(Citation: Picus Qilin MAR 2025),privilege-escalation|stealth,credential-access|privilege-escalation|stealth,0.8216909265683302,Qilin,T1134,Access Token Manipulation
"[Stuxnet](https://attack.mitre.org/software/S0603) used xp_cmdshell to store and execute SQL code.(Citation: Nicolas Falliere, Liam O Murchu, Eric Chien February 2011)",persistence,execution,0.8205240470966639,Stuxnet,T1505.001,SQL Stored Procedures
"[MESSAGETAP](https://attack.mitre.org/software/S0443) uses the libpcap library to listen to all traffic and parses network protocols starting with Ethernet and IP layers. It continues parsing protocol layers including SCTP, SCCP, and TCAP and finally extracts SMS message data and routing metadata. (Citation: FireEye MESSAGETAP October 2019)",credential-access|discovery,command-and-control,0.8198642789917523,MESSAGETAP,T1040,Network Sniffing
[Embargo](https://attack.mitre.org/software/S1247) has obtained active services running on the victim’s system through the functions `OpenSCManagerW()` and `EnumServicesStatusExW()`.(Citation: Cyble Embargo Ransomware May 2024),discovery,discovery|impact,0.8195120290696118,Embargo,T1007,System Service Discovery
[Pacu](https://attack.mitre.org/software/S1091) can allowlist IP addresses in AWS GuardDuty.(Citation: GitHub Pacu),defense-impairment,discovery,0.819402653096655,Pacu,T1686.001,Cloud Firewall
[APT-C-36](https://attack.mitre.org/groups/G0099) has used compromised Google Drive accounts including one associated with a Colombian government organization.(Citation: Recorded Future TAG-144 AUG 2025),resource-development,initial-access|resource-development,0.8187369755962896,APT-C-36,T1586.003,Cloud Accounts
[Latrodectus](https://attack.mitre.org/software/S1160) can send registration information to C2 via HTTP `POST`.(Citation: Latrodectus APR 2024)(Citation: Elastic Latrodectus May 2024)(Citation: Bitsight Latrodectus June 2024),command-and-control,command-and-control|exfiltration,0.818681941057985,Latrodectus,T1071.001,Web Protocols
[Indrik Spider](https://attack.mitre.org/groups/G0119) has used [PsExec](https://attack.mitre.org/software/S0029) to stop services prior to the execution of ransomware.(Citation: Symantec WastedLocker June 2020),impact,execution|impact,0.8184648413472133,Indrik Spider,T1489,Service Stop
[LockBit 3.0](https://attack.mitre.org/software/S1202) can make execution dependent on specific parameters including a unique passphrase and the system language of the targeted host not being found on a set exclusion list. (Citation: Joint Cybersecurity Advisory LockBit JUN 2023)(Citation: Sentinel Labs LockBit 3.0 JUL 2022)(Citation: Joint Cybersecurity Advisory LockBit 3.0 MAR 2023),stealth,discovery,0.8182703590165008,LockBit 3.0,T1480,Execution Guardrails
"[CHOPSTICK](https://attack.mitre.org/software/S0023) provides access to the Windows Registry, which can be used to gather information.(Citation: FireEye APT28)",discovery,defense-impairment|discovery,0.8181114540711709,CHOPSTICK,T1012,Query Registry
[HyperBro](https://attack.mitre.org/software/S0398) has the ability to start and stop a specified service.(Citation: Unit42 Emissary Panda May 2019),execution,impact,0.8176069789809968,HyperBro,T1569.002,Service Execution
[Troll Stealer](https://attack.mitre.org/software/S1196) creates and can execute a BAT script that will delete the malware.(Citation: S2W Troll Stealer 2024),stealth,execution|stealth,0.8148264287337514,Troll Stealer,T1070.004,File Deletion
[BPFDoor](https://attack.mitre.org/software/S1161) clears the file location `/proc/ /environ` removing all environment variables for the process.(Citation: Sandfly BPFDoor 2022),stealth,defense-impairment|discovery|stealth,0.814222870675228,BPFDoor,T1070,Indicator Removal
[Koadic](https://attack.mitre.org/software/S0250) can use Regsvr32 to execute additional payloads.(Citation: Github Koadic),stealth,command-and-control|stealth,0.8138161975608041,Koadic,T1218.010,Regsvr32
[Cuckoo Stealer](https://attack.mitre.org/software/S1153) has captured passwords by prompting victims with a “macOS needs to access System Settings” GUI window.(Citation: Kandji Cuckoo April 2024),collection|credential-access,credential-access,0.8133434611965848,Cuckoo Stealer,T1056.002,GUI Input Capture
[REvil](https://attack.mitre.org/software/S0496) has used PowerShell to delete volume shadow copies and download files.(Citation: Secureworks GandCrab and REvil September 2019)(Citation: Talos Sodinokibi April 2019)(Citation: Intel 471 REvil March 2020)(Citation: Group IB Ransomware May 2020),execution,execution|impact,0.8133216955575284,REvil,T1059.001,PowerShell
"During [RedPenguin](https://attack.mitre.org/campaigns/C0056), [UNC3886](https://attack.mitre.org/groups/G1048) used rootkits such as [REPTILE](https://attack.mitre.org/software/S1219) and [MEDUSA](https://attack.mitre.org/software/S1220).(Citation: Mandiant UNC3886 Juniper Routers MAR 2025)",stealth,resource-development|stealth,0.8123826269116013,RedPenguin,T1014,Rootkit
[PAKLOG](https://attack.mitre.org/software/S1233) has used Windows API `SetWindowsHookExW` with `idHook` set to `WH_KEYBOARD_LL` and a custom hook procedure to support its keylogging functions.(Citation: Zscaler PAKLOG CorkLog SplatCloak Splatdropper April 2025),execution,collection|credential-access,0.8123455263368989,PAKLOG,T1106,Native API
"During [RedPenguin](https://attack.mitre.org/campaigns/C0056), [UNC3886](https://attack.mitre.org/groups/G1048) used malware capable of launching an interactive shell.(Citation: Mandiant UNC3886 Juniper Routers MAR 2025)(Citation: Juniper RedPenguin MAR 2025)",execution,execution|resource-development,0.8119991546242098,RedPenguin,T1059.004,Unix Shell
[POSHSPY](https://attack.mitre.org/software/S0150) appends a file signature header (randomly selected from six file types) to encrypted data prior to upload or download.(Citation: FireEye POSHSPY April 2017),stealth,collection|command-and-control,0.8115136380240393,POSHSPY,T1027,Obfuscated Files or Information
"[NPPSPY](https://attack.mitre.org/software/S1131) captures credentials by recording them through an alternative network listener registered to the mpnotify.exe process, allowing for cleartext recording of logon information.(Citation: Huntress NPPSPY 2022)",credential-access,collection|credential-access,0.811475848490432,NPPSPY,T1552,Unsecured Credentials
[AADInternals](https://attack.mitre.org/software/S0677) can create new Azure AD users.(Citation: AADInternals Documentation),persistence,persistence|privilege-escalation,0.8106766441821569,AADInternals,T1136.003,Cloud Account
[StrelaStealer](https://attack.mitre.org/software/S1183) variants collect victim system information for exfiltration.(Citation: IBM StrelaStealer 2024),discovery,collection|discovery|exfiltration,0.8097647024256425,StrelaStealer,T1082,System Information Discovery
[THINCRUST](https://attack.mitre.org/software/S1223) can deobfuscate RSA encrypted C2 commands received through the DEVICEID cookie.(Citation: Mandiant Fortinet Zero Day),stealth,command-and-control|stealth,0.8093008440469942,THINCRUST,T1140,Deobfuscate/Decode Files or Information
[DustySky](https://attack.mitre.org/software/S0062) searches for network drives and removable media and duplicates itself onto them.(Citation: DustySky),lateral-movement,discovery|lateral-movement,0.8080051912804536,DustySky,T1570,Lateral Tool Transfer
[Qilin](https://attack.mitre.org/software/S1242) can require a specific password to be passed by command-line argument during execution which must match a pre-defined value in the configuration in order for it to continue execution.(Citation: Picus Qilin MAR 2025)(Citation: Trend Micro Agenda Ransomware OCT 2025),stealth,execution|stealth,0.8065424710689264,Qilin,T1480,Execution Guardrails
[Koadic](https://attack.mitre.org/software/S0250) can retrieve the current content of the user clipboard.(Citation: Github Koadic),collection,collection|discovery,0.8064075501878477,Koadic,T1115,Clipboard Data
[Akira](https://attack.mitre.org/groups/G1024) has used PowerShell scripts for credential harvesting and privilege escalation.(Citation: Cisco Akira Ransomware OCT 2024),execution,execution|privilege-escalation,0.8063519698610021,Akira,T1059.001,PowerShell
[AADInternals](https://attack.mitre.org/software/S0677) can gather information about a tenant’s domains using public Microsoft APIs.(Citation: AADInternals Documentation)(Citation: Azure AD Recon),reconnaissance,discovery,0.8058181206310616,AADInternals,T1590.001,Domain Properties
[LAMEHUG](https://attack.mitre.org/software/S9035) has been executed through victim interaction with malicious email attachments made to look like legitimate AI applications or documents.(Citation: Splunk LAMEHUG SEP 2025),execution,execution|initial-access,0.8054760239504423,LAMEHUG,T1204.002,Malicious File
[FIN13](https://attack.mitre.org/groups/G1016) has used `Ping` and `tracert` for network reconnaissance efforts.(Citation: Mandiant FIN13 Aug 2022),discovery,discovery|resource-development,0.8053211079053888,FIN13,T1016.001,Internet Connection Discovery
"After checking for the existence of two files, keyword_parm.txt and parm.txt, [MESSAGETAP](https://attack.mitre.org/software/S0443) XOR decodes and read the contents of the files. (Citation: FireEye MESSAGETAP October 2019)",stealth,discovery|stealth,0.8048066923811702,MESSAGETAP,T1140,Deobfuscate/Decode Files or Information
"[StrelaStealer](https://attack.mitre.org/software/S1183) has been distributed in ISO archives.(Citation: DCSO StrelaStealer 2022) [StrelaStealer](https://attack.mitre.org/software/S1183) has been delivered in encrypted, password-protected ZIP archives.(Citation: IBM StrelaStealer 2024)",stealth,initial-access|stealth,0.8028350798198739,StrelaStealer,T1027,Obfuscated Files or Information
[Qilin](https://attack.mitre.org/software/S1242) can embed a copy of [PsExec](https://attack.mitre.org/software/S0029) within its payload and place it in the %Temp% directory under a randomly generated filename.(Citation: Picus Qilin MAR 2025)(Citation: Cisco Talos Qilin Ransomware OCT 2025),lateral-movement,stealth,0.802653640833091,Qilin,T1021.002,SMB/Windows Admin Shares
[Impacket](https://attack.mitre.org/software/S0357) modules like ntlmrelayx and smbrelayx can be used in conjunction with [Network Sniffing](https://attack.mitre.org/techniques/T1040) and [Name Resolution Poisoning and SMB Relay](https://attack.mitre.org/techniques/T1557/001) to gather NetNTLM credentials for [Brute Force](https://attack.mitre.org/techniques/T1110) or relay attacks that can gain code execution.(Citation: Impacket Tools),collection|credential-access,credential-access|lateral-movement,0.8024737940173263,Impacket,T1557.001,Name Resolution Poisoning and SMB Relay
"During [RedPenguin](https://attack.mitre.org/campaigns/C0056), [UNC3886](https://attack.mitre.org/groups/G1048) uploaded specified files from compromised devices to a remote server. (Citation: Mandiant UNC3886 Juniper Routers MAR 2025)",exfiltration,collection|resource-development,0.8022059292377917,RedPenguin,T1041,Exfiltration Over C2 Channel
"[NPPSPY](https://attack.mitre.org/software/S1131) opens a new network listener for the mpnotify.exe process that is typically contacted by the Winlogon process in Windows. A new, alternative RPC channel is set up with a malicious DLL recording plaintext credentials entered into Winlogon, effectively intercepting and redirecting the logon information.(Citation: Huntress NPPSPY 2022)",collection|credential-access,privilege-escalation,0.8014777536511027,NPPSPY,T1557,Adversary-in-the-Middle
[MultiLayer Wiper](https://attack.mitre.org/software/S1135) changes the original path information of deleted files to make recovery efforts more difficult.(Citation: Unit42 Agrius 2023),impact,impact|stealth,0.8001949375084656,MultiLayer Wiper,T1565.001,Stored Data Manipulation
"[Qilin](https://attack.mitre.org/software/S1242) can detect virtual machine environments including ESXi hosts, datacenters, and clusters within vCenter environments.(Citation: Halcyon Qilin.B OCT 2024)(Citation: Cisco Talos Qilin Ransomware OCT 2025)",discovery,discovery|impact|stealth,0.7991250437706755,Qilin,T1673,Virtual Machine Discovery
"[Stuxnet](https://attack.mitre.org/software/S0603) attempts to access network resources with a domain account’s credentials.(Citation: Nicolas Falliere, Liam O Murchu, Eric Chien February 2011)",initial-access|persistence|privilege-escalation|stealth,credential-access|initial-access|persistence|privilege-escalation,0.7989785426768139,Stuxnet,T1078.002,Domain Accounts
"[LAPSUS$](https://attack.mitre.org/groups/G1004) has targeted various collaboration tools like Slack, Teams, JIRA, Confluence, and others to hunt for exposed credentials to support privilege escalation and lateral movement.(Citation: MSTIC DEV-0537 Mar 2022)",credential-access,initial-access|privilege-escalation|stealth,0.7984604788612355,LAPSUS$,T1552.008,Chat Messages
[EXOTIC LILY](https://attack.mitre.org/groups/G1011) has used malicious documents containing exploits for CVE-2021-40444 affecting Microsoft MSHTML.(Citation: Google EXOTIC LILY March 2022),execution,execution|initial-access,0.7977977256390093,EXOTIC LILY,T1203,Exploitation for Client Execution
[Pikabot Distribution February 2024](https://attack.mitre.org/campaigns/C0036) utilized emails with hyperlinks leading to malicious ZIP archive files containing scripts to download and install [Pikabot](https://attack.mitre.org/software/S1145).(Citation: Elastic Pikabot 2024),initial-access,execution|initial-access,0.7970178952990011,Pikabot Distribution February 2024,T1566.002,Spearphishing Link
"During [RedPenguin](https://attack.mitre.org/campaigns/C0056), [UNC3886](https://attack.mitre.org/groups/G1048) leveraged JunoOS CLI queries to obtain the interface index which contains system and network details.(Citation: Mandiant UNC3886 Juniper Routers MAR 2025)(Citation: Juniper RedPenguin MAR 2025)",discovery,discovery|execution|resource-development,0.7948780409083811,RedPenguin,T1016,System Network Configuration Discovery
[Qilin](https://attack.mitre.org/software/S1242) can use WinSCP for the secure file transfer of the Linux ransomware binary to a targeted system.(Citation: Trend Micro Agenda Ransomware OCT 2025),command-and-control,impact,0.7946166421660354,Qilin,T1071.002,File Transfer Protocols
[AADInternals](https://attack.mitre.org/software/S0677) can create a backdoor by converting a domain to a federated domain which will be able to authenticate any user across the tenant. [AADInternals](https://attack.mitre.org/software/S0677) can also modify DesktopSSO information.(Citation: AADInternals Documentation)(Citation: Azure AD Federation Vulnerability),defense-impairment|privilege-escalation,defense-impairment|persistence|privilege-escalation,0.7943332562267493,AADInternals,T1484.002,Trust Modification
The net user username \password commands in [Net](https://attack.mitre.org/software/S0039) can be used to create a local account.(Citation: Savill 1999),persistence,discovery,0.7938782523524953,Net,T1136.001,Local Account
[Qilin](https://attack.mitre.org/software/S1242) can exclude specific directories and files from encryption.(Citation: Trend Micro Agenda Ransomware AUG 2022)(Citation: Trend Micro Agenda Ransomware OCT 2025),discovery,impact,0.7937137287396933,Qilin,T1083,File and Directory Discovery
[Empire](https://attack.mitre.org/software/S0363) contains modules that can discover and exploit path interception opportunities in the PATH environment variable.(Citation: Github PowerShell Empire),execution|stealth,execution,0.7936788975172617,Empire,T1574.007,Path Interception by PATH Environment Variable
[Pupy](https://attack.mitre.org/software/S0192) can obtain a list of SIDs and provide the option for selecting process tokens to impersonate.(Citation: GitHub Pupy),privilege-escalation|stealth,discovery|privilege-escalation|stealth,0.7936632929844021,Pupy,T1134.001,Token Impersonation/Theft
[Grandoreiro](https://attack.mitre.org/software/S0531) can store its configuration in the Registry at `HKCU\Software\` under frequently changing names including %USERNAME% and ToolTech-RM .(Citation: ESET Grandoreiro April 2020),stealth,defense-impairment|discovery|persistence|stealth,0.7935199264226007,Grandoreiro,T1027.011,Fileless Storage
"[Daggerfly](https://attack.mitre.org/groups/G1034) used [Reg](https://attack.mitre.org/software/S0075) to dump the Security Account Manager (SAM), System, and Security Windows registry hives from victim machines.(Citation: Symantec Daggerfly 2023)",discovery,credential-access|defense-impairment,0.7927460609727253,Daggerfly,T1012,Query Registry
[BoomBox](https://attack.mitre.org/software/S0635) has gained execution through user interaction with a malicious file.(Citation: MSTIC Nobelium Toolset May 2021),execution,execution|stealth,0.7902012778718316,BoomBox,T1204.002,Malicious File
"When it first starts, [BADNEWS](https://attack.mitre.org/software/S0128) crawls the victim's local drives and collects documents with the following extensions: .doc, .docx, .pdf, .ppt, .pptx, and .txt.(Citation: Forcepoint Monsoon)(Citation: PaloAlto Patchwork Mar 2018)",collection,collection|discovery,0.7900993677729446,BADNEWS,T1005,Data from Local System
[APT29](https://attack.mitre.org/groups/G0016) has used repeated MFA requests to gain access to victim accounts.(Citation: Suspected Russian Activity Targeting Government and Business Entities Around the Globe)(Citation: NCSC et al APT29 2024),credential-access,initial-access|persistence|stealth,0.7899462616344587,APT29,T1621,Multi-Factor Authentication Request Generation
[APT33](https://attack.mitre.org/groups/G0064) has used a variety of publicly available tools like [LaZagne](https://attack.mitre.org/software/S0349) to gather credentials.(Citation: Symantec Elfin Mar 2019)(Citation: FireEye APT33 Guardrail),credential-access,credential-access|resource-development,0.7885778827343068,APT33,T1552.001,Credentials In Files
[Impacket](https://attack.mitre.org/software/S0357) can be used to sniff network traffic via an interface or raw socket.(Citation: Impacket Tools),credential-access|discovery,command-and-control|lateral-movement,0.7884558618482076,Impacket,T1040,Network Sniffing
"[Emotet](https://attack.mitre.org/software/S0367) can brute force a local admin password, then use it to facilitate lateral movement.(Citation: Malwarebytes Emotet Dec 2017)",initial-access|persistence|privilege-escalation|stealth,credential-access|lateral-movement,0.7879793419711761,Emotet,T1078.003,Local Accounts
[Indrik Spider](https://attack.mitre.org/groups/G0119) has served fake updates via legitimate websites that have been compromised.(Citation: Crowdstrike Indrik November 2018),resource-development,initial-access|stealth,0.7875536209640464,Indrik Spider,T1584.004,Server
[BlackByte Ransomware](https://attack.mitre.org/software/S1180) is distributed as an obfuscated JavaScript launcher file.(Citation: Trustwave BlackByte 2021),stealth,execution|stealth,0.787454419305423,BlackByte Ransomware,T1140,Deobfuscate/Decode Files or Information
[BlackByte Ransomware](https://attack.mitre.org/software/S1180) is distributed as an encrypted payload.(Citation: Trustwave BlackByte 2021),stealth,impact|stealth,0.7862437777326801,BlackByte Ransomware,T1027.013,Encrypted/Encoded File
[AshTag](https://attack.mitre.org/software/S9031) can use a .NET program to execute WMI queries and send unique victim IDs to C2.(Citation: Palo Alto Ashen Lepus DEC 2025),execution,command-and-control|execution,0.7846355453228818,AshTag,T1047,Windows Management Instrumentation
[Brute Ratel C4](https://attack.mitre.org/software/S1063) can call `NtDelayExecution` to pause execution.(Citation: Palo Alto Brute Ratel July 2022)(Citation: MDSec Brute Ratel August 2022),discovery|stealth,execution,0.7838253154594861,Brute Ratel C4,T1497.003,Time Based Checks
[APT29](https://attack.mitre.org/groups/G0016) used WMI to steal credentials and execute backdoors at a future time.(Citation: Mandiant No Easy Breach),execution,credential-access|execution|persistence,0.7836141473846824,APT29,T1047,Windows Management Instrumentation
[AADInternals](https://attack.mitre.org/software/S0677) can be used to create SAML tokens using the AD Federated Services token signing certificate.(Citation: AADInternals Documentation),credential-access,credential-access|defense-impairment|privilege-escalation,0.7823877726947844,AADInternals,T1606.002,SAML Tokens
[StoneDrill](https://attack.mitre.org/software/S0380) has downloaded and dropped temporary files containing scripts; it additionally has a function to upload files from the victims machine.(Citation: Kaspersky StoneDrill 2017),command-and-control,collection|command-and-control,0.7821516163747534,StoneDrill,T1105,Ingress Tool Transfer
[LockBit 3.0](https://attack.mitre.org/software/S1202) can delete log files on targeted systems.(Citation: Joint Cybersecurity Advisory LockBit JUN 2023)(Citation: Joint Cybersecurity Advisory LockBit 3.0 MAR 2023),defense-impairment,stealth,0.7821184022117358,LockBit 3.0,T1685.005,Clear Windows Event Logs
"[Pacu](https://attack.mitre.org/software/S1091) can set up S3 bucket notifications to trigger a malicious Lambda function when a CloudFormation template is uploaded to the bucket. It can also create Lambda functions that trigger upon the creation of users, roles, and groups.(Citation: GitHub Pacu)",persistence|privilege-escalation,persistence,0.7817890663262037,Pacu,T1546,Event Triggered Execution
[Industroyer](https://attack.mitre.org/software/S0604) can use supplied user credentials to execute processes and stop services.(Citation: ESET Industroyer),initial-access|persistence|privilege-escalation|stealth,impact|persistence|privilege-escalation,0.7809140378321511,Industroyer,T1078,Valid Accounts
[POSHSPY](https://attack.mitre.org/software/S0150) uploads data in 2048-byte chunks.(Citation: FireEye POSHSPY April 2017),exfiltration,command-and-control|exfiltration,0.7806732628560275,POSHSPY,T1030,Data Transfer Size Limits
[Higaisa](https://attack.mitre.org/groups/G0126) sent the victim computer identifier in a User-Agent string back to the C2 server every 10 minutes.(Citation: PTSecurity Higaisa 2020),exfiltration,discovery|exfiltration,0.7798992716815583,Higaisa,T1029,Scheduled Transfer
[Kali365](https://attack.mitre.org/software/S9044) has utilized an Exchange Admin module that captured admin tokens to create rogue mailbox connectors and change mail-flow rules.(Citation: Huntress Kali365 Device Code June 2026),lateral-movement,collection|privilege-escalation|stealth,0.7798644972676297,Kali365,T1550.001,Application Access Token
[Qilin](https://attack.mitre.org/software/S1242) has the ability to delay execution.(Citation: Trend Micro Agenda Ransomware OCT 2025),stealth,discovery|stealth,0.7789058411566416,Qilin,T1678,Delay Execution
"[APT29](https://attack.mitre.org/groups/G0016) has used residential proxies, including Azure Virtual Machines, to obfuscate their access to victim environments.(Citation: Mandiant APT29 Microsoft 365 2022)",resource-development,stealth,0.7784022582124067,APT29,T1586.003,Cloud Accounts
"[Troll Stealer](https://attack.mitre.org/software/S1196) collects information from Chromium-based browsers and Firefox such as cookies, history, downloads, and extensions.(Citation: S2W Troll Stealer 2024)(Citation: Symantec Troll Stealer 2024)",discovery,credential-access|discovery,0.7781061112608534,Troll Stealer,T1217,Browser Information Discovery
[FIN13](https://attack.mitre.org/groups/G1016) has compressed the dump output of compromised credentials with a 7zip binary.(Citation: Sygnia Elephant Beetle Jan 2022),collection,collection|credential-access|stealth,0.7780189264783492,FIN13,T1560.001,Archive via Utility
"[Cuckoo Stealer](https://attack.mitre.org/software/S1153) can collect bookmarks, cookies, and history from Safari.(Citation: Kandji Cuckoo April 2024)",discovery,collection|credential-access|discovery,0.7779460656115584,Cuckoo Stealer,T1217,Browser Information Discovery
[ShimRatReporter](https://attack.mitre.org/software/S0445) used the Windows function GetExtendedUdpTable to detect connected UDP endpoints.(Citation: FOX-IT May 2016 Mofang),discovery,discovery|stealth,0.7778443177921417,ShimRatReporter,T1049,System Network Connections Discovery
"During [RedPenguin](https://attack.mitre.org/campaigns/C0056), [UNC3886](https://attack.mitre.org/groups/G1048) used malware capaple of removing scripts after execution.(Citation: Mandiant UNC3886 Juniper Routers MAR 2025)",stealth,execution|stealth,0.7771031389314789,RedPenguin,T1070.004,File Deletion
[APT33](https://attack.mitre.org/groups/G0064) has used password spraying to gain access to target systems.(Citation: FireEye APT33 Guardrail)(Citation: Microsoft Holmium June 2020),credential-access,credential-access|initial-access,0.7755230840211822,APT33,T1110.003,Password Spraying
[Latrodectus](https://attack.mitre.org/software/S1160) has used Google Firebase to download malicious installation scripts.(Citation: Palo Alto Latrodectus Activity June 2024),command-and-control,command-and-control|execution,0.7747687200572221,Latrodectus,T1102,Web Service
TrickBot has used a hidden VNC (hVNC) window to monitor the victim and collect information stealthily.(Citation: Emotet Deploys TrickBot),stealth,collection|discovery,0.7735942640515442,TrickBot,T1564.003,Hidden Window
[DarkTortilla](https://attack.mitre.org/software/S1066) can use WMI queries to obtain system information.(Citation: Secureworks DarkTortilla Aug 2022),execution,discovery|execution,0.7735788470373933,DarkTortilla,T1047,Windows Management Instrumentation
[FIN13](https://attack.mitre.org/groups/G1016) has obtained administrative credentials by browsing through local files on a compromised machine.(Citation: Sygnia Elephant Beetle Jan 2022),credential-access,initial-access,0.7729325684371285,FIN13,T1552.001,Credentials In Files
[StrelaStealer](https://attack.mitre.org/software/S1183) relies on user execution of a malicious file for installation.(Citation: DCSO StrelaStealer 2022),execution,execution|stealth,0.7719508227742446,StrelaStealer,T1204.002,Malicious File
"During [RedPenguin](https://attack.mitre.org/campaigns/C0056), [UNC3886](https://attack.mitre.org/groups/G1048) used a passive backdoor to act as a libpcap-based packet sniffer.(Citation: Mandiant UNC3886 Juniper Routers MAR 2025)",credential-access|discovery,command-and-control|resource-development,0.7718694111063836,RedPenguin,T1040,Network Sniffing
[Embargo](https://attack.mitre.org/software/S1247) has created a service named irnagentd that executed the MDeployer loader after the system is rebooted in Safe Mode.(Citation: ESET Embargo Ransomware October 2024),execution,execution|impact|persistence|stealth,0.7691427730239311,Embargo,T1569.002,Service Execution
[ANDROMEDA](https://attack.mitre.org/software/S1074) has been spread via infected USB keys.(Citation: Mandiant Suspected Turla Campaign February 2023),initial-access|lateral-movement,initial-access,0.7681762092768145,ANDROMEDA,T1091,Replication Through Removable Media
[Emotet](https://attack.mitre.org/software/S0367) can download follow-on payloads and items via malicious `url` parameters in obfuscated PowerShell code.(Citation: Pincus Emotet 2020),command-and-control,command-and-control|execution|stealth,0.7679379621231115,Emotet,T1105,Ingress Tool Transfer
[Skidmap](https://attack.mitre.org/software/S0468) has installed itself via crontab.(Citation: Trend Micro Skidmap),execution|persistence|privilege-escalation,execution|persistence|privilege-escalation|stealth,0.7657103431404754,Skidmap,T1053.003,Cron
[LockBit 3.0](https://attack.mitre.org/software/S1202) can create and check for a mutex containing a hash of the `MachineGUID` value at execution to prevent running more than one instance.(Citation: Joint Cybersecurity Advisory LockBit 3.0 MAR 2023),stealth,discovery,0.7656991950642448,LockBit 3.0,T1480.002,Mutual Exclusion
[Emissary](https://attack.mitre.org/software/S0082) has the capability to execute the command net start to interact with services.(Citation: Emissary Trojan Feb 2016),discovery,execution,0.7654091327611814,Emissary,T1007,System Service Discovery
The [AshTag](https://attack.mitre.org/software/S9031) AshenOrchestrator component has process management functionality.(Citation: Palo Alto Ashen Lepus DEC 2025),discovery,stealth,0.7652728950943342,AshTag,T1057,Process Discovery
"During the [2025 Poland Wiper Attacks](https://attack.mitre.org/campaigns/C0063), the adversaries configured a native CLI to gather a targeted elevated users password using `grep`.(Citation: CERT Polska)",credential-access,credential-access|execution,0.7652633738252705,2025 Poland Wiper Attacks,T1555,Credentials from Password Stores
[Empire](https://attack.mitre.org/software/S0363) can upload and download to and from a victim machine.(Citation: Github PowerShell Empire),command-and-control,collection|command-and-control,0.7637877464832985,Empire,T1105,Ingress Tool Transfer
[BackConfig](https://attack.mitre.org/software/S0475) has used compressed and decimal encoded VBS scripts.(Citation: Unit 42 BackConfig May 2020),stealth,execution|stealth,0.7635164397567243,BackConfig,T1027.010,Command Obfuscation
[AADInternals](https://attack.mitre.org/software/S0677) can gather encryption keys from Azure AD services such as ADSync and Active Directory Federated Services servers.(Citation: AADInternals Documentation),credential-access,credential-access|discovery,0.7632048558190331,AADInternals,T1552.004,Private Keys
[PlugX](https://attack.mitre.org/software/S0013) can use API hashing and modify the names of strings to evade detection.(Citation: Trend Micro DRBControl February 2020)(Citation: Proofpoint TA416 Europe March 2022),stealth,defense-impairment|stealth,0.7629503747690182,PlugX,T1027,Obfuscated Files or Information
"[Kali365](https://attack.mitre.org/software/S9044) has directed victims to actor-controlled phishing pages through malicious links, initiating device code authorization flows or adversary-in-the-middle session capture. (Citation: Artic Wolf Labs Kali365 Device Code April 2026)(Citation: Huntress Kali365 Device Code June 2026)",execution,initial-access,0.7629309667788443,Kali365,T1204.001,Malicious Link
[Empire](https://attack.mitre.org/software/S0363) contains modules for executing commands over SSH as well as in-memory VNC agent injection.(Citation: Github PowerShell Empire),lateral-movement,execution,0.76286951041157,Empire,T1021.004,SSH
[KOPILUWAK](https://attack.mitre.org/software/S1075) can gather information from compromised hosts.(Citation: Mandiant Suspected Turla Campaign February 2023),collection,collection|discovery,0.7627295665244653,KOPILUWAK,T1005,Data from Local System
"[BPFDoor](https://attack.mitre.org/software/S1161) overwrites the `argv[0]` value used by the Linux `/proc` filesystem to determine the command line and command name to display for each process. [BPFDoor](https://attack.mitre.org/software/S1161) selects a name from 10 hardcoded names that resemble Linux system daemons, such as; `/sbin/udevd -d`, `dbus-daemon --system`, `avahi-daemon: chroot helper`, `/sbin/auditd -n`, and `/usr/lib/systemd/systemd-journald`.(Citation: Sandfly BPFDoor 2022)",stealth,discovery,0.7626477366567803,BPFDoor,T1036.011,Overwrite Process Arguments
[Pacu](https://attack.mitre.org/software/S1091) can generate SSH and API keys for AWS infrastructure and additional API keys for other IAM users.(Citation: GitHub Pacu),persistence|privilege-escalation,credential-access,0.7622949069480203,Pacu,T1098.001,Additional Cloud Credentials
"During the [2025 Poland Wiper Attacks](https://attack.mitre.org/campaigns/C0063), the adversaries gathered and used the FortiGate bookmarks defined in the configuration file to include the statically defined credentials that facilitated RDP connections to jump hosts.(Citation: CERT Polska)",collection,credential-access,0.7621830073360502,2025 Poland Wiper Attacks,T1602.002,Network Device Configuration Dump
[ShimRat](https://attack.mitre.org/software/S0444) can impersonate Windows services and antivirus products to avoid detection on compromised systems.(Citation: FOX-IT May 2016 Mofang),stealth,discovery|stealth,0.7605690472775877,ShimRat,T1036.004,Masquerade Task or Service
[Embargo](https://attack.mitre.org/software/S1247) has encrypted both MDeployer and MS4 Killer payloads with RC4.(Citation: ESET Embargo Ransomware October 2024),stealth,impact|stealth,0.759607340437489,Embargo,T1027.013,Encrypted/Encoded File
[Dtrack](https://attack.mitre.org/software/S0567)’s RAT makes a persistent target file with auto execution on the host start.(Citation: Securelist Dtrack),persistence|privilege-escalation,execution|persistence|privilege-escalation,0.7588474625005429,Dtrack,T1547,Boot or Logon Autostart Execution
The net start and net stop commands can be used in [Net](https://attack.mitre.org/software/S0039) to execute or stop Windows services.(Citation: Savill 1999),execution,execution|impact,0.7583573791944002,Net,T1569.002,Service Execution
[StrelaStealer](https://attack.mitre.org/software/S1183) automatically sends gathered email credentials following collection to command and control servers via HTTP POST.(Citation: DCSO StrelaStealer 2022)(Citation: IBM StrelaStealer 2024),exfiltration,collection|exfiltration,0.7583518491291061,StrelaStealer,T1020,Automated Exfiltration
[Doki](https://attack.mitre.org/software/S0600) has used a script that gathers information from a hardcoded list of IP addresses and uploads to an Ngrok URL.(Citation: Intezer Doki July 20),exfiltration,discovery,0.7580748202327985,Doki,T1020,Automated Exfiltration
[meek](https://attack.mitre.org/software/S0175) uses Domain Fronting to disguise the destination of network traffic as another server that is hosted in the same Content Delivery Network (CDN) as the intended destination.,command-and-control,command-and-control|stealth,0.757951676207107,meek,T1090.004,Domain Fronting
[Kali365](https://attack.mitre.org/software/S9044) has dynamically generated legitimate device codes that displays on the victims screen alongside instructions to copy and paste the device code to initiate and complete a successful authentication process.(Citation: Artic Wolf Labs Kali365 Device Code April 2026)(Citation: Artic Wolf Kali365 Device Code OAuth June 2026)(Citation: FBI IC3 Alert I-052126 Kali365 May 2026)(Citation: Huntress Kali365 Device Code June 2026)(Citation: SpyCloud Kali365 June 2026),execution,stealth,0.7564326001610698,Kali365,T1204.004,Malicious Copy and Paste
[APT12](https://attack.mitre.org/groups/G0005) has used blogs and WordPress for C2 infrastructure.(Citation: Meyers Numbered Panda),command-and-control,command-and-control|resource-development,0.7554166150177173,APT12,T1102.002,Bidirectional Communication
[Pupy](https://attack.mitre.org/software/S0192) can user PowerView to execute “net user” commands and create local system accounts.(Citation: GitHub Pupy),persistence,discovery|execution|persistence|privilege-escalation,0.7549151188334762,Pupy,T1136.001,Local Account
[HermeticWiper](https://attack.mitre.org/software/S0697) has the ability to receive a command parameter to sleep prior to carrying out destructive actions on a targeted host.(Citation: Crowdstrike DriveSlayer February 2022),discovery|stealth,discovery,0.753272508263959,HermeticWiper,T1497.003,Time Based Checks
"Part of [APT28](https://attack.mitre.org/groups/G0007)'s operation involved using [CHOPSTICK](https://attack.mitre.org/software/S0023) modules to copy itself to air-gapped machines, using files written to USB sticks to transfer data and command traffic.(Citation: FireEye APT28)(Citation: ESET Sednit Part 2)(Citation: Microsoft SIR Vol 19)",command-and-control,collection|command-and-control|lateral-movement,0.7519086421896107,CHOPSTICK,T1092,Communication Through Removable Media
"[RogueRobin](https://attack.mitre.org/software/S0270) uses WMI to check BIOS version for VBOX, bochs, qemu, virtualbox, and vm to check for evidence that the script might be executing within an analysis environment. (Citation: Unit 42 DarkHydrus July 2018)(Citation: Unit42 DarkHydrus Jan 2019)",discovery|stealth,discovery|execution|stealth,0.751689584783645,RogueRobin,T1497.001,System Checks
[Crutch](https://attack.mitre.org/software/S0538) has used the WinRAR utility to compress and encrypt stolen files.(Citation: ESET Crutch December 2020),collection,collection|stealth,0.7511612877328624,Crutch,T1560.001,Archive via Utility
"[Pacu](https://attack.mitre.org/software/S1091) can search for sensitive data: for example, in Code Build environment variables, EC2 user data, and Cloud Formation templates.(Citation: GitHub Pacu)",credential-access,discovery,0.7510386568991417,Pacu,T1552,Unsecured Credentials
[APT-C-36](https://attack.mitre.org/groups/G0099) has set the ShowWindow property of the Win32_ProcessStartup object to zero to hide PowerShell execution.(Citation: Zscaler BlindEagle DEC 2025),stealth,execution|stealth,0.7505232991560499,APT-C-36,T1564.003,Hidden Window
[StrelaStealer](https://attack.mitre.org/software/S1183) has been distributed as a DLL/HTML polyglot file.(Citation: DCSO StrelaStealer 2022)(Citation: IBM StrelaStealer 2024),stealth,initial-access|stealth,0.7487732629042154,StrelaStealer,T1036.008,Masquerade File Type
"[HARDRAIN](https://attack.mitre.org/software/S0246) uses the command cmd.exe /c netsh firewall add portopening TCP 443 ""adp"" and makes the victim machine function as a proxy server.(Citation: US-CERT HARDRAIN March 2018)",command-and-control,command-and-control|execution,0.7477865528633335,HARDRAIN,T1090,Proxy
"During [RedPenguin](https://attack.mitre.org/campaigns/C0056), [UNC3886](https://attack.mitre.org/groups/G1048) used malware implants to deobfuscate incoming C2 messages and encoded archives.(Citation: Mandiant UNC3886 Juniper Routers MAR 2025)(Citation: Juniper RedPenguin MAR 2025)",stealth,command-and-control|stealth,0.7477711153645249,RedPenguin,T1140,Deobfuscate/Decode Files or Information
The [Komplex](https://attack.mitre.org/software/S0162) C2 channel uses an 11-byte XOR algorithm to hide data.(Citation: Sofacy Komplex Trojan),command-and-control,command-and-control|stealth,0.7477094669659106,Komplex,T1573.001,Symmetric Cryptography
[TA551](https://attack.mitre.org/groups/G0127) has used a DGA to generate URLs from executed macros.(Citation: Unit 42 TA551 Jan 2021)(Citation: Secureworks GOLD CABIN),command-and-control,execution,0.7474157607067229,TA551,T1568.002,Domain Generation Algorithms
"[Stuxnet](https://attack.mitre.org/software/S0603) propagates to available network shares.(Citation: Nicolas Falliere, Liam O Murchu, Eric Chien February 2011)",lateral-movement,discovery|lateral-movement,0.7473115736431871,Stuxnet,T1021.002,SMB/Windows Admin Shares
[TONESHELL](https://attack.mitre.org/software/S1239) has utilized a magic value in C2 communications and only executes in memory when response packets match specific values.(Citation: Trend Micro Mustang Panda Earth Preta Toneshell February 2025)(Citation: 2022 November_TrendMicro_Earth Preta_Toneshell_Pubload)(Citation: Trend Micro Mustang Panda Earth Preta TONESHELL June 2023),command-and-control|persistence|stealth,command-and-control|stealth,0.747089442535479,TONESHELL,T1205,Traffic Signaling
[MirrorFace](https://attack.mitre.org/groups/G1054) has used remote template injection to retrieve malicious payloads from the C2.(Citation: ITOCHU LODEINFO JAN 2024),stealth,command-and-control|stealth,0.7457951896053027,MirrorFace,T1221,Template Injection
"[Lizar](https://attack.mitre.org/software/S0681) has decrypted its configuration data, such as the C2 IP address, ports and other network communication.(Citation: BiZone Lizar May 2021)(Citation: SekoiaBourhis_DiceLoader_Feb2024)",stealth,command-and-control|stealth,0.7443490634988037,Lizar,T1140,Deobfuscate/Decode Files or Information
"During [Operation Dream Job](https://attack.mitre.org/campaigns/C0022), [Lazarus Group](https://attack.mitre.org/groups/G0032) digitally signed their malware and the dbxcli utility.(Citation: ESET Lazarus Jun 2020)",resource-development,defense-impairment|resource-development,0.7440470016388518,Operation Dream Job,T1587.002,Code Signing Certificates
[Empire](https://attack.mitre.org/software/S0363) can find shared drives on the local system.(Citation: Github PowerShell Empire),discovery,collection|discovery,0.7439266538285658,Empire,T1135,Network Share Discovery
"During [RedPenguin](https://attack.mitre.org/campaigns/C0056), [UNC3886](https://attack.mitre.org/groups/G1048) leveraged malware capable of inpecting packets for a magic-string to activate backdoor functionalities.(Citation: Mandiant UNC3886 Juniper Routers MAR 2025)",command-and-control|persistence|stealth,command-and-control|persistence|resource-development,0.7436719891243924,RedPenguin,T1205,Traffic Signaling
"[OLDBAIT](https://attack.mitre.org/software/S0138) installs itself in %ALLUSERPROFILE%\\Application Data\Microsoft\MediaPlayer\updatewindws.exe ; the directory name is missing a space and the file name is missing the letter ""o.""(Citation: FireEye APT28)",stealth,discovery|stealth,0.7434690943790628,OLDBAIT,T1036.005,Match Legitimate Resource Name or Location
[EnvyScout](https://attack.mitre.org/software/S0634) can determine whether the ISO payload was received by a Windows or iOS device.(Citation: MSTIC Nobelium Toolset May 2021),discovery,discovery|stealth,0.7427038417575007,EnvyScout,T1082,System Information Discovery
[TONESHELL](https://attack.mitre.org/software/S1239) has used regsvr32.exe to execute the windows `DLLRegisterServer` function.(Citation: Trend Micro Mustang Panda Earth Preta Toneshell February 2025),stealth,execution|stealth,0.7420375881934206,TONESHELL,T1218.010,Regsvr32
"[Pacu](https://attack.mitre.org/software/S1091) can enumerate and download files stored in AWS storage services, such as S3 buckets.(Citation: GitHub Pacu)",collection,command-and-control|discovery,0.7420198914815475,Pacu,T1530,Data from Cloud Storage
"[TrickBot](https://attack.mitre.org/software/S0266) has been known to use PowerShell to download new payloads, open documents, and upload data to command and control servers. (Citation: Bitdefender Trickbot VNC module Whitepaper 2021)",execution,command-and-control|execution,0.7383069649752968,TrickBot,T1059.001,PowerShell
[Brute Ratel C4](https://attack.mitre.org/software/S1063) can decode Kerberos 5 tickets and convert it to hashcat format for subsequent cracking.(Citation: Palo Alto Brute Ratel July 2022),credential-access,credential-access|stealth,0.7381312121179319,Brute Ratel C4,T1558.003,Kerberoasting
[APT29](https://attack.mitre.org/groups/G0016) has abused misconfigured AD CS certificate templates to impersonate admin users and create additional authentication certificates.(Citation: Mandiant APT29 Trello),credential-access,credential-access|defense-impairment|persistence,0.7378355970186903,APT29,T1649,Steal or Forge Authentication Certificates
[Emotet](https://attack.mitre.org/software/S0367) has encrypted data before sending to the C2 server.(Citation: Fortinet Emotet May 2017),command-and-control,collection|command-and-control,0.7372992592731622,Emotet,T1573,Encrypted Channel
[FIN13](https://attack.mitre.org/groups/G1016) has searched for infrastructure that can provide remote access to an environment for targeting efforts.(Citation: Mandiant FIN13 Aug 2022),reconnaissance,discovery|reconnaissance|resource-development,0.7370460773397167,FIN13,T1590.004,Network Topology
"[Diskpart](https://attack.mitre.org/software/S9002) can execute a disk partition script file, which attempts to mount a virtual hard disk.(Citation: Halcyon_CloakRansomware_Dec2024) [Diskpart](https://attack.mitre.org/software/S9002) can also assign and mount virtual disks.(Citation: Halcyon_CloakRansomware_Dec2024)",execution,impact|stealth,0.7367398787765886,Diskpart,T1059.003,Windows Command Shell
"When it first starts, [BADNEWS](https://attack.mitre.org/software/S0128) crawls the victim's mapped drives and collects documents with the following extensions: .doc, .docx, .pdf, .ppt, .pptx, and .txt.(Citation: Forcepoint Monsoon)",collection,collection|discovery,0.7363295235409721,BADNEWS,T1039,Data from Network Shared Drive
[Mis-Type](https://attack.mitre.org/software/S0084) may create a temporary user on the system named `Lost_{Unique Identifier}`.(Citation: Cylance Dust Storm),persistence,discovery,0.7363063043838233,Mis-Type,T1136.001,Local Account
[LockBit 2.0](https://attack.mitre.org/software/S1199) can automatically terminate processes that may interfere with the encryption or file extraction processes.(Citation: SentinelOne LockBit 2.0),impact,impact|stealth,0.7359474735999935,LockBit 2.0,T1489,Service Stop
[Emotet](https://attack.mitre.org/software/S0367) has copied itself to remote systems using the `service.exe` filename.(Citation: Binary Defense Emotes Wi-Fi Spreader),lateral-movement,lateral-movement|stealth,0.7356849675742947,Emotet,T1570,Lateral Tool Transfer
"[Pysa](https://attack.mitre.org/software/S0583) has used brute force attempts against a central management console, as well as some Active Directory accounts.(Citation: CERT-FR PYSA April 2020)",credential-access,credential-access|stealth,0.7340152024383342,Pysa,T1110,Brute Force
[UPPERCUT](https://attack.mitre.org/software/S0275) can upload files to the C2 from infected machines.(Citation: Trend Micro Earth Kasha Updates APR 2025)(Citation: Trend Micro Earth Kasha Anel NOV 2024),collection,collection|command-and-control,0.7334802477434296,UPPERCUT,T1005,Data from Local System
[PlugX](https://attack.mitre.org/software/S0013) has leveraged a mutex in its infection process.(Citation: Eset PlugX Korplug Mustang Panda March 2022)(Citation: Sophos Mustang Panda PLUGX),stealth,execution|stealth,0.733479403965291,PlugX,T1480.002,Mutual Exclusion
[BlackByte Ransomware](https://attack.mitre.org/software/S1180) spreads itself laterally by writing the JavaScript launcher file to mapped shared folders.(Citation: Trustwave BlackByte 2021),lateral-movement,execution|lateral-movement,0.7328087422545443,BlackByte Ransomware,T1570,Lateral Tool Transfer
[ShimRatReporter](https://attack.mitre.org/software/S0445) listed all non-privileged and privileged accounts available on the machine.(Citation: FOX-IT May 2016 Mofang),discovery,discovery|privilege-escalation|stealth,0.7326361559672858,ShimRatReporter,T1087,Account Discovery
[LAPSUS$](https://attack.mitre.org/groups/G1004) has created new virtual machines within the target's cloud environment after leveraging credential access to cloud assets.(Citation: MSTIC DEV-0537 Mar 2022),defense-impairment,initial-access|persistence|stealth,0.7320963268286248,LAPSUS$,T1578.002,Create Cloud Instance
[HUI Loader](https://attack.mitre.org/software/S1097) can be deployed to targeted systems via legitimate programs that are vulnerable to DLL search order hijacking.(Citation: SecureWorks BRONZE STARLIGHT Ransomware Operations June 2022),execution|stealth,stealth,0.7319928871399191,HUI Loader,T1574.001,DLL
[CHOPSTICK](https://attack.mitre.org/software/S0023) is capable of performing remote file transmission.(Citation: Crowdstrike DNC June 2016),command-and-control,lateral-movement,0.7319573636501644,CHOPSTICK,T1105,Ingress Tool Transfer
[MirrorFace](https://attack.mitre.org/groups/G1054) has used RDP to exfiltrate files of interest.(Citation: Trend Micro Earth Kasha NOV 2024),lateral-movement,exfiltration,0.731749824347163,MirrorFace,T1021.001,Remote Desktop Protocol
[LAPSUS$](https://attack.mitre.org/groups/G1004) has removed a targeted organization's global admin accounts to lock the organization out of all access.(Citation: MSTIC DEV-0537 Mar 2022),impact,initial-access|persistence|privilege-escalation|stealth,0.7312793746736981,LAPSUS$,T1531,Account Access Removal
"[APT29](https://attack.mitre.org/groups/G0016) used sticky-keys to obtain unauthenticated, privileged console access.(Citation: Mandiant No Easy Breach)(Citation: FireEye APT29 Domain Fronting)",persistence|privilege-escalation,credential-access|persistence|privilege-escalation,0.7312047756001158,APT29,T1546.008,Accessibility Features
"[Stuxnet](https://attack.mitre.org/software/S0603) transforms encrypted binary data into an ASCII string in order to use it as a URL parameter value.(Citation: Nicolas Falliere, Liam O Murchu, Eric Chien February 2011)",command-and-control,command-and-control|stealth,0.7307454247583971,Stuxnet,T1132.001,Standard Encoding
[FIN6](https://attack.mitre.org/groups/G0037) has collected schemas and user accounts from systems running SQL Server.(Citation: Visa FIN6 Feb 2019),collection,collection|discovery,0.7297995585321083,FIN6,T1213.006,Databases
[Brute Ratel C4](https://attack.mitre.org/software/S1063) can detect EDR userland hooks.(Citation: Palo Alto Brute Ratel July 2022),discovery,credential-access|discovery,0.7296202739664379,Brute Ratel C4,T1518.001,Security Software Discovery
[Emotet](https://attack.mitre.org/software/S0367) has installed itself as a new service with the service name `Windows Defender System Service` and display name `WinDefService`.(Citation: Binary Defense Emotes Wi-Fi Spreader),stealth,persistence|privilege-escalation,0.7285775802815617,Emotet,T1036.004,Masquerade Task or Service
"[LAPSUS$](https://attack.mitre.org/groups/G1004) has gained access to internet-facing systems and applications, including virtual private network (VPN), remote desktop protocol (RDP), and virtual desktop infrastructure (VDI) including Citrix. (Citation: MSTIC DEV-0537 Mar 2022)(Citation: NCC Group LAPSUS Apr 2022)",initial-access|persistence,lateral-movement|resource-development,0.7267784675141654,LAPSUS$,T1133,External Remote Services
[APT-C-36](https://attack.mitre.org/groups/G0099) has generated email content impersonating official notifications and documents that direct victims to execute malicious payloads.(Citation: Kaspersky BlindEagle AUG 2024),resource-development,execution,0.7266272536234425,APT-C-36,T1683.001,Written Content
"During [Operation AkaiRyū](https://attack.mitre.org/campaigns/C0060), [MirrorFace](https://attack.mitre.org/groups/G1054) abused a signed McAfee executable to load [UPPERCUT](https://attack.mitre.org/software/S0275).(Citation: ESET MirrorFace 2025)",defense-impairment,execution,0.7264387086706399,Operation AkaiRyū,T1553.002,Code Signing
[Emotet](https://attack.mitre.org/software/S0367) has sent Microsoft Word documents with embedded macros that will invoke scripts to download additional payloads. (Citation: Symantec Emotet Jul 2018)(Citation: Talos Emotet Jan 2019)(Citation: Trend Micro Emotet Jan 2019)(Citation: Picus Emotet Dec 2018)(Citation: Carbon Black Emotet Apr 2019),execution,command-and-control|execution,0.7251510970865919,Emotet,T1059.005,Visual Basic
[Empire](https://attack.mitre.org/software/S0363) contains modules that can discover and exploit unquoted path vulnerabilities.(Citation: Github PowerShell Empire),execution|stealth,execution,0.7247453363869216,Empire,T1574.009,Path Interception by Unquoted Path
[Mis-Type](https://attack.mitre.org/software/S0084) may create a file containing the results of the command cmd.exe /c net user {Username} .(Citation: Cylance Dust Storm),discovery,discovery|execution,0.7246128012171799,Mis-Type,T1087.001,Local Account
"For [Operation Dream Job](https://attack.mitre.org/campaigns/C0022), [Lazarus Group](https://attack.mitre.org/groups/G0032) used LinkedIn to identify and target employees within a chosen organization.(Citation: ESET Lazarus Jun 2020)",reconnaissance,reconnaissance|resource-development,0.7242417772743417,Operation Dream Job,T1593.001,Social Media
"[Qilin](https://attack.mitre.org/software/S1242) has used [PsExec](https://attack.mitre.org/software/S0029) to distribute a second encryptor, named encryptor_1.exe, across the targeted environment.(Citation: Cisco Talos Qilin Ransomware OCT 2025)",lateral-movement,impact|stealth,0.7239928326332327,Qilin,T1570,Lateral Tool Transfer
"During [APT28 Nearest Neighbor Campaign](https://attack.mitre.org/campaigns/C0051), [APT28](https://attack.mitre.org/groups/G0007) accessed volume shadow copies through executing vssadmin in order to dump the NTDS.dit file.(Citation: Nearest Neighbor Volexity)",stealth,credential-access,0.7232350268401161,APT28 Nearest Neighbor Campaign,T1006,Direct Volume Access
[Kapeka](https://attack.mitre.org/software/S1190) can identify system proxy settings via `WinHttpGetIEProxyConfigForCurrentUser()` during initialization and utilize these settings for subsequent command and control operations.(Citation: WithSecure Kapeka 2024),command-and-control,command-and-control|discovery,0.7232106558108696,Kapeka,T1090,Proxy
[FIN13](https://attack.mitre.org/groups/G1016) has utilized `nmap` for reconnaissance efforts. [FIN13](https://attack.mitre.org/groups/G1016) has also scanned for internal MS-SQL servers in a compromised network.(Citation: Mandiant FIN13 Aug 2022)(Citation: Sygnia Elephant Beetle Jan 2022),discovery,resource-development,0.7228563043694052,FIN13,T1046,Network Service Discovery
[TONESHELL](https://attack.mitre.org/software/S1239) has utilized TCP-based reverse shells.(Citation: 2022 November_TrendMicro_Earth Preta_Toneshell_Pubload),command-and-control,execution,0.7210043290758087,TONESHELL,T1095,Non-Application Layer Protocol
[Elise](https://attack.mitre.org/software/S0081) is capable of launching a remote shell on the host to delete itself.(Citation: Accenture Dragonfish Jan 2018),stealth,execution|stealth,0.7200209907253868,Elise,T1070.004,File Deletion
[LAPSUS$](https://attack.mitre.org/groups/G1004) has accessed internet-facing identity providers such as Azure Active Directory and Okta to target specific organizations.(Citation: MSTIC DEV-0537 Mar 2022),initial-access,discovery,0.7187456587818075,LAPSUS$,T1199,Trusted Relationship
[Qilin](https://attack.mitre.org/software/S1242) can use symbolic links to redirect file paths for remote and local objects and can use `chmod +x` to make its payload binary executable.(Citation: Picus Qilin MAR 2025)(Citation: Cisco Talos Qilin Ransomware OCT 2025),defense-impairment,execution|stealth,0.7178792169021782,Qilin,T1222,File and Directory Permissions Modification
[EnvyScout](https://attack.mitre.org/software/S0634) can use protocol handlers to coax the operating system to send NTLMv2 authentication responses to attacker-controlled infrastructure.(Citation: MSTIC Nobelium Toolset May 2021),credential-access,command-and-control,0.7176457784444035,EnvyScout,T1187,Forced Authentication
[Penquin](https://attack.mitre.org/software/S0587) can add the executable flag to a downloaded file.(Citation: Leonardo Turla Penquin May 2020),defense-impairment,command-and-control|stealth,0.717538757481965,Penquin,T1222.002,Linux and Mac Permissions
[LockBit 2.0](https://attack.mitre.org/software/S1199) will not execute on hosts where the system language is set to a language spoken in the Commonwealth of Independent States region.(Citation: FBI Lockbit 2.0 FEB 2022)(Citation: Palo Alto Lockbit 2.0 JUN 2022),stealth,discovery,0.7146691583888048,LockBit 2.0,T1480,Execution Guardrails
[LAPSUS$](https://attack.mitre.org/groups/G1004) has deleted the target's systems and resources in the cloud to trigger the organization's incident and crisis response process.(Citation: MSTIC DEV-0537 Mar 2022),defense-impairment,stealth,0.7145585631597061,LAPSUS$,T1578.003,Delete Cloud Instance
"[Wingbird](https://attack.mitre.org/software/S0176) uses services.exe to register a new autostart service named ""Audit Service"" using a copy of the local lsass.exe file.(Citation: Microsoft SIR Vol 21)(Citation: Microsoft Wingbird Nov 2017)",execution,persistence|privilege-escalation,0.7142931222115998,Wingbird,T1569.002,Service Execution
[BackConfig](https://attack.mitre.org/software/S0475) has compromised victims via links to URLs hosting malicious content.(Citation: Unit 42 BackConfig May 2020),execution,execution|initial-access,0.7142852396221369,BackConfig,T1204.001,Malicious Link
[EXOTIC LILY](https://attack.mitre.org/groups/G1011) has searched for information on targeted individuals on business databases including RocketReach and CrunchBase.(Citation: Google EXOTIC LILY March 2022),reconnaissance,discovery|reconnaissance,0.7138382174242772,EXOTIC LILY,T1597,Search Closed Sources
[Kali365](https://attack.mitre.org/software/S9044) has leveraged an Exchange Admin module that utilizes Graph to enumerate mailboxes in victim environments.(Citation: Huntress Kali365 Device Code June 2026),discovery,discovery|stealth,0.7125222445255753,Kali365,T1087.003,Email Account
[LazyWiper](https://attack.mitre.org/software/S9039) can halt execution if `[System.Net.Dns]::GetHostName()` or `$env:COMPUTERNAME` contains `“pe-dc”`.(Citation: CERT Polska),stealth,discovery|stealth,0.7113902096711114,LazyWiper,T1480,Execution Guardrails
[EXOTIC LILY](https://attack.mitre.org/groups/G1011) has established social media profiles to mimic employees of targeted companies.(Citation: Google EXOTIC LILY March 2022),resource-development,reconnaissance|resource-development,0.7106178271557824,EXOTIC LILY,T1585.001,Social Media Accounts
[Doki](https://attack.mitre.org/software/S0600) has used the dogechain.info API to generate a C2 address.(Citation: Intezer Doki July 20),command-and-control,command-and-control|execution,0.7104055306366139,Doki,T1102,Web Service
[KOMPROGO](https://attack.mitre.org/software/S0156) is capable of running WMI queries.(Citation: FireEye APT32 May 2017),execution,discovery|execution,0.708677231931021,KOMPROGO,T1047,Windows Management Instrumentation
[MirrorFace](https://attack.mitre.org/groups/G1054) has used the the PuTTY suite Secure Copy Protocol (SCP) client for file transfer.(Citation: ESET MirrorFace DEC 2022),command-and-control,lateral-movement,0.7084975970380387,MirrorFace,T1071.002,File Transfer Protocols
[LAPSUS$](https://attack.mitre.org/groups/G1004) has deleted the target's systems and resources both on-premises and in the cloud.(Citation: MSTIC DEV-0537 Mar 2022)(Citation: NCC Group LAPSUS Apr 2022),impact,stealth,0.7083804542464891,LAPSUS$,T1485,Data Destruction
[PureCrypter](https://attack.mitre.org/software/S9019) has executed `Set-MpPreference -ExclusionPath` to exclude files or folders from Windows Defender scans.(Citation: Zscaler PureCrypter JUN 2022),defense-impairment,stealth,0.7080542166529474,PureCrypter,T1685,Disable or Modify Tools
[AADInternals](https://attack.mitre.org/software/S0677) can register a device to Azure AD.(Citation: AADInternals Documentation),persistence|privilege-escalation,defense-impairment|discovery|persistence,0.7061350177133172,AADInternals,T1098.005,Device Registration
"During the [2025 Poland Wiper Attacks](https://attack.mitre.org/campaigns/C0063), the adversaries attempted to reuse password hash values to gain access to other systems.(Citation: CERT Polska)",lateral-movement,credential-access|defense-impairment|lateral-movement,0.7061263093456935,2025 Poland Wiper Attacks,T1550.002,Pass the Hash
"During [Operation Dream Job](https://attack.mitre.org/campaigns/C0022), [Lazarus Group](https://attack.mitre.org/groups/G0032) lured users into executing a malicious link to disclose private account information or provide initial access.(Citation: ClearSky Lazarus Aug 2020)(Citation: ESET Lazarus Jun 2020)",execution,execution|initial-access,0.7034342782554196,Operation Dream Job,T1204.001,Malicious Link
[xCaon](https://attack.mitre.org/software/S0653) has encrypted data sent to the C2 server using a XOR key.(Citation: Checkpoint IndigoZebra July 2021),command-and-control,command-and-control|exfiltration,0.7028735926731593,xCaon,T1573.001,Symmetric Cryptography
[Water Galura](https://attack.mitre.org/groups/G1050) has encrypted files on victim networks through the generation of [Qilin](https://attack.mitre.org/software/S1242) ransomware payloads.(Citation: BushidoToken Qilin RaaS JUN 2024),impact,impact|stealth,0.7014482986720799,Water Galura,T1486,Data Encrypted for Impact
"During [Operation AkaiRyū](https://attack.mitre.org/campaigns/C0060), [MirrorFace](https://attack.mitre.org/groups/G1054) loaded malicious Word templates containing VBA code leading to installation of [UPPERCUT](https://attack.mitre.org/software/S0275).(Citation: ESET MirrorFace 2025)",persistence,execution|stealth,0.7012012508268055,Operation AkaiRyū,T1137.001,Office Template Macros
[Penquin](https://attack.mitre.org/software/S0587) can report the disk space of a compromised host to C2.(Citation: Leonardo Turla Penquin May 2020),discovery,command-and-control|discovery,0.6995623630419084,Penquin,T1680,Local Storage Discovery
[TONESHELL](https://attack.mitre.org/software/S1239) has created a mutex to avoid duplicate execution.(Citation: 2025_IBM_PUBLOAD_TONESHELL_HIUPAN_CLAIMLOADER_MUSTANG PANDA),stealth,execution|stealth,0.6982354033336701,TONESHELL,T1480.002,Mutual Exclusion
"During [APT28 Nearest Neighbor Campaign](https://attack.mitre.org/campaigns/C0051), [APT28](https://attack.mitre.org/groups/G0007) added rules to a victim's Windows firewall to set up a series of port-forwards allowing traffic to target systems.(Citation: Nearest Neighbor Volexity)",defense-impairment,command-and-control|defense-impairment,0.6981622179434154,APT28 Nearest Neighbor Campaign,T1686.003,Windows Host Firewall
"During [Operation AkaiRyū](https://attack.mitre.org/campaigns/C0060), [MirrorFace](https://attack.mitre.org/groups/G1054) used links to direct victims to malicious files hosted on OneDrive.(Citation: Trend Micro Earth Kasha Anel NOV 2024)(Citation: ESET MirrorFace 2025)",resource-development,execution|initial-access,0.6975307552609362,Operation AkaiRyū,T1608.005,Link Target
[Empire](https://attack.mitre.org/software/S0363) can use Invoke-RunAs to make tokens.(Citation: Github PowerShell Empire),privilege-escalation|stealth,execution|privilege-escalation|stealth,0.697171405539376,Empire,T1134.002,Create Process with Token
[ZIPLINE](https://attack.mitre.org/software/S1114) can add itself to the exclusion list for the Ivanti Connect Secure Integrity Checker Tool if the `--exclude` parameter is passed by the `tar` process.(Citation: Mandiant Cutting Edge January 2024),defense-impairment,discovery|persistence,0.6967614183840849,ZIPLINE,T1685,Disable or Modify Tools
"[APT29](https://attack.mitre.org/groups/G0016) has enrolled their own devices into compromised cloud tenants, including enrolling a device in MFA to an Azure AD environment following a successful password guessing attack against a dormant account.(Citation: Mandiant APT29 Microsoft 365 2022)(Citation: NCSC et al APT29 2024)",persistence|privilege-escalation,credential-access|initial-access|persistence|privilege-escalation,0.6964508361073273,APT29,T1098.005,Device Registration
[Empire](https://attack.mitre.org/software/S0363) can use various modules to search for files containing passwords.(Citation: Github PowerShell Empire),credential-access,credential-access|execution,0.695076896966524,Empire,T1552.001,Credentials In Files
[SMOKEDHAM](https://attack.mitre.org/software/S0649) has used Google Drive and Dropbox to host files downloaded by victims via malicious links.(Citation: FireEye Shining A Light on DARKSIDE May 2021),command-and-control,command-and-control|initial-access,0.6942063420390225,SMOKEDHAM,T1102,Web Service
[TrickBot](https://attack.mitre.org/software/S0266) can implant malicious code into a compromised device's firmware.(Citation: Eclypsium Trickboot December 2020),persistence|stealth,stealth,0.6925013558446427,TrickBot,T1542.003,Bootkit
"[Lizar](https://attack.mitre.org/software/S0681) has obfuscated the fingerprint of the victim system, the local IP address, and the Fowler-Noll-V 1 (FNV-1) hash of the local IP address using an XOR operation. The data is then sent to the C2 server.(Citation: SekoiaBourhis_DiceLoader_Feb2024)",stealth,discovery,0.6895361483947389,Lizar,T1027,Obfuscated Files or Information
[Kali365](https://attack.mitre.org/software/S9044)'s desktop client has made Microsoft Graph API calls using the distinct User-Agent string `kali365-live/1.0.0` to access victim mailboxes and enumerate account data following OAuth token capture.(Citation: Artic Wolf Labs Kali365 Device Code April 2026),command-and-control,collection|privilege-escalation,0.6895160077789038,Kali365,T1071.001,Web Protocols
"During [Operation AkaiRyū](https://attack.mitre.org/campaigns/C0060), [MirrorFace](https://attack.mitre.org/groups/G1054) used remote access tools including PuTTY.(Citation: ESET MirrorFace 2025)",command-and-control,resource-development,0.6892096873005459,Operation AkaiRyū,T1219,Remote Access Tools
[PlugX](https://attack.mitre.org/software/S0013) has the ability to execute a command on a hidden desktop.(Citation: Eset PlugX Korplug Mustang Panda March 2022),stealth,execution|stealth,0.6868475924401266,PlugX,T1564.003,Hidden Window
"During [Operation AkaiRyū](https://attack.mitre.org/campaigns/C0060), [MirrorFace](https://attack.mitre.org/groups/G1054) used [Arp](https://attack.mitre.org/software/S0099) and `dir` for discovery in compromised environments.(Citation: Trend Micro Earth Kasha Anel NOV 2024)",discovery,discovery|execution,0.6860032403597233,Operation AkaiRyū,T1016,System Network Configuration Discovery
"During [Operation AkaiRyū](https://attack.mitre.org/campaigns/C0060), [MirrorFace](https://attack.mitre.org/groups/G1054) collected system information.(Citation: Trend Micro Earth Kasha Anel NOV 2024)",discovery,collection|discovery,0.6858848017909832,Operation AkaiRyū,T1082,System Information Discovery
[MESSAGETAP](https://attack.mitre.org/software/S0443) has XOR-encrypted and stored contents of SMS messages that matched its target list. (Citation: FireEye MESSAGETAP October 2019),collection,stealth,0.6850628529145989,MESSAGETAP,T1560.003,Archive via Custom Method
"During the [2025 Poland Wiper Attacks](https://attack.mitre.org/campaigns/C0063), the adversaries configured the FortiGate devices to send notifications to an attacker-controlled Slack channel. During the [2025 Poland Wiper Attacks](https://attack.mitre.org/campaigns/C0063), the adversaries had also staged tools and files on services such as Dropbox and Pastebin.(Citation: CERT Polska)",resource-development,command-and-control|exfiltration|resource-development,0.6847223971685915,2025 Poland Wiper Attacks,T1583.006,Web Services
[AADInternals](https://attack.mitre.org/software/S0677) can directly download cloud user data such as OneDrive files.(Citation: AADInternals Documentation),exfiltration,command-and-control,0.684667443271073,AADInternals,T1048,Exfiltration Over Alternative Protocol
[SDBbot](https://attack.mitre.org/software/S0461) has the ability to use RDP to connect to victim's machines.(Citation: Proofpoint TA505 October 2019),lateral-movement,command-and-control,0.6839014657984887,SDBbot,T1021.001,Remote Desktop Protocol
"During the [2025 Poland Wiper Attacks](https://attack.mitre.org/campaigns/C0063), the adversaries leveraged stolen credentials within cloud services to gather data and email messages from Exchange services related to OT topics and technical work carried out within organizations.(Citation: CERT Polska)",collection,collection|initial-access,0.6826142847530416,2025 Poland Wiper Attacks,T1114.002,Remote Email Collection
[Daggerfly](https://attack.mitre.org/groups/G1034) utilizes victim machine operating system information to create custom User Agent strings for subsequent command and control communication.(Citation: ESET EvasivePanda 2024),discovery,command-and-control,0.6822127373473759,Daggerfly,T1082,System Information Discovery
[APT38](https://attack.mitre.org/groups/G0082) has used DYEPACK to manipulate SWIFT messages en route to a printer.(Citation: FireEye APT38 Oct 2018),impact,persistence|stealth,0.681918075513979,APT38,T1565.002,Transmitted Data Manipulation
"During [Operation Dream Job](https://attack.mitre.org/campaigns/C0022), [Lazarus Group](https://attack.mitre.org/groups/G0032) removed all previously delivered files from a compromised computer.(Citation: ESET Lazarus Jun 2020)",stealth,collection|stealth,0.681371225370706,Operation Dream Job,T1070.004,File Deletion
[Emotet](https://attack.mitre.org/software/S0367) has used Powershell to retrieve the malicious payload and download additional resources like [Mimikatz](https://attack.mitre.org/software/S0002). (Citation: Symantec Emotet Jul 2018)(Citation: Trend Micro Emotet Jan 2019)(Citation: Picus Emotet Dec 2018)(Citation: Red Canary Emotet Feb 2019)(Citation: Carbon Black Emotet Apr 2019),execution,command-and-control|execution,0.6794605045189757,Emotet,T1059.001,PowerShell
[BackConfig](https://attack.mitre.org/software/S0475) has the ability to use hidden columns in Excel spreadsheets to store executable files or commands for VBA macros.(Citation: Unit 42 BackConfig May 2020),persistence,execution|stealth,0.6794407413501601,BackConfig,T1137.001,Office Template Macros
[KillDisk](https://attack.mitre.org/software/S0607) has called the Windows API to retrieve the hard disk handle and shut down the machine.(Citation: Trend Micro KillDisk 1),execution,discovery|impact,0.6785796680132401,KillDisk,T1106,Native API
"For early [Gazer](https://attack.mitre.org/software/S0168) versions, the compilation timestamp was faked.(Citation: ESET Gazer Aug 2017)",stealth,discovery|stealth,0.6747013151898389,Gazer,T1070.006,Timestomp
"[APT38](https://attack.mitre.org/groups/G0082) has used DYEPACK to create, delete, and alter records in databases used for SWIFT transactions.(Citation: FireEye APT38 Oct 2018)",impact,stealth,0.6717159398967483,APT38,T1565.001,Stored Data Manipulation
[Turian](https://attack.mitre.org/software/S0647) has the ability to use a XOR decryption key to extract C2 server domains and IP addresses.(Citation: ESET BackdoorDiplomacy Jun 2021),stealth,command-and-control,0.6703791070228927,Turian,T1140,Deobfuscate/Decode Files or Information
[DarkTortilla](https://attack.mitre.org/software/S1066) can download a clipboard information stealer module.(Citation: Secureworks DarkTortilla Aug 2022),collection,collection|command-and-control,0.6698629421968068,DarkTortilla,T1115,Clipboard Data
[Empire](https://attack.mitre.org/software/S0363) can perform port scans from an infected host.(Citation: Github PowerShell Empire),discovery,collection|discovery,0.6687510972830324,Empire,T1046,Network Service Discovery
[StrelaStealer](https://attack.mitre.org/software/S1183) variants include the use of mutex values based on the victim system name to prevent reinfection.(Citation: Fortgale StrelaStealer 2023),stealth,discovery|stealth,0.6677244158872151,StrelaStealer,T1480.002,Mutual Exclusion
[ShimRat](https://attack.mitre.org/software/S0444) can sleep when instructed to do so by the C2.(Citation: FOX-IT May 2016 Mofang),exfiltration,command-and-control|stealth,0.6654082195587707,ShimRat,T1029,Scheduled Transfer
"During [Operation AkaiRyū](https://attack.mitre.org/campaigns/C0060), [MirrorFace](https://attack.mitre.org/groups/G1054) deleted delivered tools and files from compromised hosts.(Citation: ESET MirrorFace 2025)",stealth,collection|stealth,0.6653059523483194,Operation AkaiRyū,T1070.004,File Deletion
[LockBit 2.0](https://attack.mitre.org/software/S1199) can delete log files through the use of wevtutil.(Citation: FBI Lockbit 2.0 FEB 2022)(Citation: Palo Alto Lockbit 2.0 JUN 2022)(Citation: Cybereason Lockbit 2.0)(Citation: SentinelOne LockBit 2.0),defense-impairment,stealth,0.6648840249983926,LockBit 2.0,T1685.005,Clear Windows Event Logs
[Elise](https://attack.mitre.org/software/S0081) exfiltrates data using cookie values that are Base64-encoded.(Citation: Lotus Blossom Jun 2015),command-and-control,exfiltration|stealth,0.6641300223666313,Elise,T1132.001,Standard Encoding
"[BPFDoor](https://attack.mitre.org/software/S1161) starts a shell on a high TCP port starting at 42391 up to 43391, then changes the local `iptables` rules to redirect all packets from the attacker to the shell port.(Citation: Sandfly BPFDoor 2022)",defense-impairment,persistence,0.6626453134606294,BPFDoor,T1686,Disable or Modify System Firewall
[Mis-Type](https://attack.mitre.org/software/S0084) may create a file containing the results of the command cmd.exe /c ipconfig /all .(Citation: Cylance Dust Storm),discovery,execution,0.662268027842632,Mis-Type,T1016,System Network Configuration Discovery
[Empire](https://attack.mitre.org/software/S0363) can be used to conduct packet captures on target hosts.(Citation: Github PowerShell Empire),credential-access|discovery,collection,0.6614684072010194,Empire,T1040,Network Sniffing
[LAMEHUG](https://attack.mitre.org/software/S9035) can target directories on victim machines for file collection.(Citation: Splunk LAMEHUG SEP 2025)(Citation: Nov AI Threat Tracker),discovery,collection|discovery,0.6614368252885837,LAMEHUG,T1083,File and Directory Discovery
"[LAPSUS$](https://attack.mitre.org/groups/G1004) has recruited target organization employees or contractors who provide credentials and approve an associated MFA prompt, or install remote management software onto a corporate workstation, allowing [LAPSUS$](https://attack.mitre.org/groups/G1004) to take control of an authenticated system.(Citation: MSTIC DEV-0537 Mar 2022)",execution,lateral-movement,0.6593006191380415,LAPSUS$,T1204,User Execution
[LAMEHUG](https://attack.mitre.org/software/S9035) can xcopy for file collection on targeted systems.(Citation: Splunk LAMEHUG SEP 2025),collection,discovery,0.6580762616952511,LAMEHUG,T1560.001,Archive via Utility
"[CoinTicker](https://attack.mitre.org/software/S0369) downloads the EggShell mach-o binary using curl, which does not set the quarantine flag.(Citation: CoinTicker 2019)",defense-impairment,command-and-control,0.6574840544917324,CoinTicker,T1553.001,Gatekeeper Bypass
[Qilin](https://attack.mitre.org/software/S1242) can enable SSH access on ESXi hosts.(Citation: Cisco Talos Qilin Ransomware OCT 2025),lateral-movement,impact|lateral-movement,0.6559810934528578,Qilin,T1021.004,SSH
[Emissary](https://attack.mitre.org/software/S0082) has the capability to execute gpresult .(Citation: Emissary Trojan Feb 2016),discovery,execution,0.6558107900354353,Emissary,T1615,Group Policy Discovery
[SslMM](https://attack.mitre.org/software/S0058) sends the logged-on username to its hard-coded C2.(Citation: Baumgartner Naikon 2015),discovery,command-and-control|discovery,0.6541623350274196,SslMM,T1033,System Owner/User Discovery
[MESSAGETAP](https://attack.mitre.org/software/S0443) stored targeted SMS messages that matched its target list in CSV files on the compromised system.(Citation: FireEye MESSAGETAP October 2019),collection,discovery,0.6528976717872677,MESSAGETAP,T1074.001,Local Data Staging
"[Diskpart](https://attack.mitre.org/software/S9002) can be used to display, set, or clear attributes of a disk or volume.(Citation: Microsoft_diskpart_Feb2023)",defense-impairment,impact|stealth,0.6523757952857945,Diskpart,T1222.001,Windows Permissions
[Kivars](https://attack.mitre.org/software/S0437) has the ability to remotely trigger keyboard input and mouse clicks. (Citation: TrendMicro BlackTech June 2017),lateral-movement,collection,0.6520255391469795,Kivars,T1021,Remote Services
[Spark](https://attack.mitre.org/software/S0543) has used a splash screen to check whether an user actively clicks on the screen before running malicious code.(Citation: Unit42 Molerat Mar 2020),discovery|stealth,discovery,0.6513193705634339,Spark,T1497.002,User Activity Based Checks
[TrickBot](https://attack.mitre.org/software/S0266) uses web injects and browser redirection to trick the user into providing their login credentials on a fake or modified web page.(Citation: Fidelis TrickBot Oct 2016)(Citation: IBM TrickBot Nov 2016)(Citation: Microsoft Totbrick Oct 2017)(Citation: Trend Micro Trickbot Nov 2018),collection,credential-access|persistence|privilege-escalation|stealth,0.6497317767377978,TrickBot,T1185,Browser Session Hijacking
"During [RedPenguin](https://attack.mitre.org/campaigns/C0056), [UNC3886](https://attack.mitre.org/groups/G1048) peformed a local memory patching attack to modify the snmpd and mgd Junos OS daemons.(Citation: Juniper RedPenguin MAR 2025)",persistence,defense-impairment|persistence,0.6483109476327009,RedPenguin,T1554,Compromise Host Software Binary
[MirrorFace](https://attack.mitre.org/groups/G1054) has used tools including the Secure Copy Protocol (SCP) client from PuTTY and [Cobalt Strike](https://attack.mitre.org/software/S0154).(Citation: ESET MirrorFace DEC 2022)(Citation: Trend Micro Earth Kasha NOV 2024)(Citation: JPCERT MirrorFace JUL 2024),resource-development,command-and-control,0.6483066324644976,MirrorFace,T1588.002,Tool
"[Indrik Spider](https://attack.mitre.org/groups/G0119) has encrypted domain-controlled systems using [BitPaymer](https://attack.mitre.org/software/S0570).(Citation: Crowdstrike Indrik November 2018) Additionally, [Indrik Spider](https://attack.mitre.org/groups/G0119) used [PsExec](https://attack.mitre.org/software/S0029) to execute a ransomware script.(Citation: Mandiant_UNC2165)",impact,execution,0.6478386511169391,Indrik Spider,T1486,Data Encrypted for Impact
"[Emotet](https://attack.mitre.org/software/S0367) has the ability to duplicate the user’s token.(Citation: Binary Defense Emotes Wi-Fi Spreader) For example, [Emotet](https://attack.mitre.org/software/S0367) may use a variant of Google’s ProtoBuf to send messages that specify how code will be executed.(Citation: emotet_hc3_nov2023)",privilege-escalation|stealth,stealth,0.6440820921633841,Emotet,T1134.001,Token Impersonation/Theft
[Water Galura](https://attack.mitre.org/groups/G1050) has extorted victims for ransomware decryption keys and to prevent publication of data exfiltrated to their [Tor](https://attack.mitre.org/software/S0183) data leak site.(Citation: BushidoToken Qilin RaaS JUN 2024)(Citation: HC3 Qilin Threat Profile JUN 2024),impact,exfiltration|impact,0.6437078310167409,Water Galura,T1657,Financial Theft
[HermeticWiper](https://attack.mitre.org/software/S0697) has the ability to overwrite its own file with random bites.(Citation: Crowdstrike DriveSlayer February 2022)(Citation: ESET Hermetic Wizard March 2022),stealth,impact,0.6435475550592489,HermeticWiper,T1070.004,File Deletion
"[Kali365](https://attack.mitre.org/software/S9044) has executed JavaScript within victims' browsers through a React frontend that detects browser sessions to evade automated analysis, auto-copies actor-generated device codes to the victim's clipboard, and polls the actor's C2 infrastructure every three seconds to confirm when OAuth token capture has completed..(Citation: Artic Wolf Labs Kali365 Device Code April 2026)(Citation: Artic Wolf Kali365 Device Code OAuth June 2026)(Citation: Huntress Kali365 Device Code June 2026)",execution,collection,0.6421989721380331,Kali365,T1059.007,JavaScript
[HermeticWiper](https://attack.mitre.org/software/S0697) can decompress and copy driver files using `LZCopy`.(Citation: Crowdstrike DriveSlayer February 2022),stealth,lateral-movement,0.6413666995045116,HermeticWiper,T1140,Deobfuscate/Decode Files or Information
[Emotet](https://attack.mitre.org/software/S0367) can extract names of all locally reachable Wi-Fi networks and then perform a brute-force attack to spread to new networks.(Citation: Binary Defense Emotes Wi-Fi Spreader),discovery,lateral-movement,0.6413483497037665,Emotet,T1016.002,Wi-Fi Discovery
[ShimRat](https://attack.mitre.org/software/S0444) has used a secondary C2 location if the first was unavailable.(Citation: FOX-IT May 2016 Mofang),command-and-control,command-and-control|stealth,0.6392956821186766,ShimRat,T1008,Fallback Channels
[BlackByte Ransomware](https://attack.mitre.org/software/S1180) uses the `SetThreadExecutionState` API to prevent the victim system from entering sleep.(Citation: Trustwave BlackByte 2021),execution,impact,0.6376743447670308,BlackByte Ransomware,T1106,Native API
"During [C0015](https://attack.mitre.org/campaigns/C0015), the threat actors installed the AnyDesk remote desktop application onto the compromised network.(Citation: DFIR Conti Bazar Nov 2021)",command-and-control,command-and-control|lateral-movement,0.6374595631464738,C0015,T1219.002,Remote Desktop Software
"During [APT28 Nearest Neighbor Campaign](https://attack.mitre.org/campaigns/C0051), [APT28](https://attack.mitre.org/groups/G0007) collected information on wireless interfaces within range of a compromised system.(Citation: Nearest Neighbor Volexity)",discovery,collection|discovery,0.6369451072983968,APT28 Nearest Neighbor Campaign,T1016.002,Wi-Fi Discovery
[MirrorFace](https://attack.mitre.org/groups/G1054) has deleted directories containing malware and archives with files collected from the victim environment.(Citation: ESET MirrorFace DEC 2022)(Citation: Trend Micro Earth Kasha NOV 2024)(Citation: Trend Micro Earth Kasha Updates APR 2025)(Citation: JPCERT MirrorFace JUL 2024),stealth,collection,0.6360788888442966,MirrorFace,T1070.004,File Deletion
[Grandoreiro](https://attack.mitre.org/software/S0531) has used compromised websites and Google Ads to bait victims into downloading its installer.(Citation: Securelist Brazilian Banking Malware July 2020)(Citation: IBM Grandoreiro April 2020),initial-access,command-and-control|execution|stealth,0.6354270326201343,Grandoreiro,T1189,Drive-by Compromise
"During [Operation AkaiRyū](https://attack.mitre.org/campaigns/C0060), [MirrorFace](https://attack.mitre.org/groups/G1054) abused Visual Studio Code (VS Code) remote tunnels to gain access and execute code on compromised machines.(Citation: ESET MirrorFace 2025)",command-and-control,initial-access|persistence,0.6350863084183634,Operation AkaiRyū,T1219.001,IDE Tunneling
[SEASHARPEE](https://attack.mitre.org/software/S0185) is a Web shell.(Citation: FireEye APT34 Webinar Dec 2017),persistence,execution|persistence,0.6348181486684251,SEASHARPEE,T1505.003,Web Shell
[Industroyer](https://attack.mitre.org/software/S0604) decrypts code to connect to a remote C2 server.(Citation: ESET Industroyer),stealth,command-and-control|stealth,0.6337805312979748,Industroyer,T1140,Deobfuscate/Decode Files or Information
"[CoinTicker](https://attack.mitre.org/software/S0369) downloads the following hidden files to evade detection and maintain persistence: /private/tmp/.info.enc, /private/tmp/.info.py, /private/tmp/.server.sh, ~/Library/LaunchAgents/.espl.plist, ~/Library/Containers/.[random string]/[random string].(Citation: CoinTicker 2019)",stealth,persistence|privilege-escalation|stealth,0.6320113024474189,CoinTicker,T1564.001,Hidden Files and Directories
[UPSTYLE](https://attack.mitre.org/software/S1164) clears error logs after reading embedded commands for execution.(Citation: Volexity UPSTYLE 2024),defense-impairment,execution|stealth,0.6303568337314376,UPSTYLE,T1685.006,Clear Linux or Mac System Logs
[Empire](https://attack.mitre.org/software/S0363) can ZIP directories on the target system.(Citation: Github PowerShell Empire),collection,collection|discovery,0.6296415404572928,Empire,T1560,Archive Collected Data
"During the [2025 Poland Wiper Attacks](https://attack.mitre.org/campaigns/C0063), the adversaries leveraged stolen credentials within cloud services to download targeted data from SharePoint, and Teams.(Citation: CERT Polska)",collection,collection|initial-access,0.629555159636864,2025 Poland Wiper Attacks,T1530,Data from Cloud Storage
"[Elderwood](https://attack.mitre.org/groups/G0066) has used exploitation of endpoint software, including Microsoft Internet Explorer Adobe Flash vulnerabilities, to gain execution. They have also used zero-day exploits.(Citation: Symantec Elderwood Sept 2012)",execution,execution|initial-access,0.6289201059342316,Elderwood,T1203,Exploitation for Client Execution
[KGH_SPY](https://attack.mitre.org/software/S0526) has the ability to set a Registry key to run a cmd.exe command.(Citation: Cybereason Kimsuky November 2020),execution,persistence,0.6288259856926407,KGH_SPY,T1059.003,Windows Command Shell
[APT29](https://attack.mitre.org/groups/G0016) has installed a run command on a compromised system to enable malware execution on system startup.(Citation: Mandiant APT29 Eye Spy Email Nov 22),persistence|privilege-escalation,execution|persistence|privilege-escalation,0.6283797029223589,APT29,T1037.004,RC Scripts
[MirrorFace](https://attack.mitre.org/groups/G1054) has embedded OneDrive URLs in emails leading to malicious file installation.(Citation: Trend Micro Earth Kasha Updates APR 2025),initial-access,stealth,0.6264408801231157,MirrorFace,T1566.002,Spearphishing Link
[MgBot](https://attack.mitre.org/software/S1146) includes modules for performing HTTP and server service scans.(Citation: Symantec Daggerfly 2023),discovery,command-and-control,0.6259233429105672,MgBot,T1046,Network Service Discovery
[TrickBot](https://attack.mitre.org/software/S0266) has retrieved PuTTY credentials by querying the Software\SimonTatham\Putty\Sessions registry key (Citation: TrendMicro Trickbot Feb 2019),credential-access,credential-access|persistence|privilege-escalation,0.6258265212331021,TrickBot,T1552.002,Credentials in Registry
[Cuckoo Stealer](https://attack.mitre.org/software/S1153) can create and populate property list (plist) files to enable execution.(Citation: Kandji Cuckoo April 2024)(Citation: SentinelOne Cuckoo Stealer May 2024),defense-impairment,execution,0.6252158751054917,Cuckoo Stealer,T1647,Plist File Modification
[Pikabot Distribution February 2024](https://attack.mitre.org/campaigns/C0036) utilized obfuscated JavaScript files for initial [Pikabot](https://attack.mitre.org/software/S1145) payload download.(Citation: Elastic Pikabot 2024),execution,execution|stealth,0.6245963291938266,Pikabot Distribution February 2024,T1059.007,JavaScript
[Emissary](https://attack.mitre.org/software/S0082) has the capability to execute ver and systeminfo commands.(Citation: Emissary Trojan Feb 2016),discovery,execution,0.6242739480972576,Emissary,T1082,System Information Discovery
[WastedLocker](https://attack.mitre.org/software/S0612) created and established a service that runs until the encryption process is complete.(Citation: NCC Group WastedLocker June 2020),persistence|privilege-escalation,impact|persistence,0.6234414181006324,WastedLocker,T1543.003,Windows Service
[RogueRobin](https://attack.mitre.org/software/S0270) uses Windows Script Components.(Citation: Unit42 DarkHydrus Jan 2019)(Citation: Unit 42 DarkHydrus July 2018),execution,execution|stealth,0.6221420255264353,RogueRobin,T1059.003,Windows Command Shell
[APT19](https://attack.mitre.org/groups/G0073) used Regsvr32 to bypass application control techniques.(Citation: FireEye APT19),stealth,defense-impairment|stealth,0.6212190306431358,APT19,T1218.010,Regsvr32
[APT-C-36](https://attack.mitre.org/groups/G0099) has used a botnet management interface to control large numbers of compromised hosts.(Citation: LevelBlue Blind Eagle Proton66 JUN 2025),resource-development,command-and-control|lateral-movement,0.6191430174186257,APT-C-36,T1584.005,Botnet
[Pillowmint](https://attack.mitre.org/software/S0517) has been compressed and stored within a registry key.(Citation: Trustwave Pillowmint June 2020),stealth,defense-impairment|persistence|stealth,0.6179030666813196,Pillowmint,T1027.015,Compression
[Penquin](https://attack.mitre.org/software/S0587) can report the file system type of a compromised host to C2.(Citation: Leonardo Turla Penquin May 2020),discovery,command-and-control|discovery,0.6176984254019597,Penquin,T1082,System Information Discovery
[Kali365](https://attack.mitre.org/software/S9044) has gathered browser session information and allows affiliate threat actors to replay stolen browser sessions within their own environment.(Citation: Artic Wolf Labs Kali365 Device Code April 2026),collection,discovery,0.6146371096676757,Kali365,T1185,Browser Session Hijacking
[Industroyer](https://attack.mitre.org/software/S0604) sends information about hardware profiles and previously-received commands back to the C2 server in a POST-request.(Citation: ESET Industroyer),exfiltration,command-and-control,0.6135721315297344,Industroyer,T1041,Exfiltration Over C2 Channel
"During [APT28 Nearest Neighbor Campaign](https://attack.mitre.org/campaigns/C0051), [APT28](https://attack.mitre.org/groups/G0007) unarchived data using the GUI version of WinRAR.(Citation: Nearest Neighbor Volexity)",stealth,collection,0.6123464189829175,APT28 Nearest Neighbor Campaign,T1140,Deobfuscate/Decode Files or Information
[NETWIRE](https://attack.mitre.org/software/S0198) has used a custom encryption algorithm to encrypt collected data.(Citation: FireEye NETWIRE March 2019),collection,collection|command-and-control,0.6110216941727632,NETWIRE,T1560.003,Archive via Custom Method
[TrickBot](https://attack.mitre.org/software/S0266) uses vncDll module to remote control the victim machine.(Citation: ESET Trickbot Oct 2020)(Citation: Bitdefender Trickbot March 2020),command-and-control,command-and-control|execution,0.6106247735073543,TrickBot,T1219,Remote Access Tools
[Empire](https://attack.mitre.org/software/S0363) can exploit vulnerabilities such as MS16-032 and MS16-135.(Citation: Github PowerShell Empire),privilege-escalation,execution,0.6083473131553123,Empire,T1068,Exploitation for Privilege Escalation
"[MirrorFace](https://attack.mitre.org/groups/G1054) has employed malicious macros and native Windows tools such as csvde.exe, nltest.exe and quser.exe for discovery.(Citation: ITOCHU LODEINFO JAN 2024)(Citation: Trend Micro Earth Kasha NOV 2024)(Citation: JPCERT MirrorFace JUL 2024)",discovery,execution,0.6074858442798664,MirrorFace,T1082,System Information Discovery
[APT29](https://attack.mitre.org/groups/G0016) has used encoded PowerShell scripts uploaded to [CozyCar](https://attack.mitre.org/software/S0046) installations to download and install [SeaDuke](https://attack.mitre.org/software/S0053).(Citation: Symantec Seaduke 2015)(Citation: Mandiant No Easy Breach)(Citation: ESET T3 Threat Report 2021)(Citation: Secureworks IRON HEMLOCK Profile),execution,command-and-control|execution,0.6055127679799889,APT29,T1059.001,PowerShell
[Pacu](https://attack.mitre.org/software/S1091) leverages the AWS CLI for its operations.(Citation: GitHub Pacu),execution,resource-development,0.6052742923246879,Pacu,T1059.009,Cloud API
"After loading the keyword and phone data files, [MESSAGETAP](https://attack.mitre.org/software/S0443) begins monitoring all network connections to and from the victim server. (Citation: FireEye MESSAGETAP October 2019)",discovery,collection,0.6036271291750172,MESSAGETAP,T1049,System Network Connections Discovery
"During [RedPenguin](https://attack.mitre.org/campaigns/C0056), [UNC3886](https://attack.mitre.org/groups/G1048) used a backdoor that binds to port 45678 by default.(Citation: Mandiant UNC3886 Juniper Routers MAR 2025)",command-and-control,command-and-control|resource-development|stealth,0.6034811703678473,RedPenguin,T1571,Non-Standard Port
"[Indrik Spider](https://attack.mitre.org/groups/G0119) has collected credentials from infected systems, including domain accounts.(Citation: Crowdstrike Indrik November 2018)",initial-access|persistence|privilege-escalation|stealth,collection|credential-access,0.6008659135710068,Indrik Spider,T1078.002,Domain Accounts
[TONESHELL](https://attack.mitre.org/software/S1239) has been initiated using LNK files that were programmed to display a PDF icon to entice the victim to click on the file to execute an office.exe binary.(Citation: CSIRT CTI MUSTANG PANDA PUBLOAD TONESHELL JAN 2024),stealth,execution|stealth,0.5992834042288178,TONESHELL,T1027.012,LNK Icon Smuggling
[FIN6](https://attack.mitre.org/groups/G0037) has used Metasploit’s [PsExec](https://attack.mitre.org/software/S0029) NTDSGRAB module to obtain a copy of the victim's Active Directory database.(Citation: FireEye FIN6 April 2016),discovery,credential-access,0.5982599437960894,FIN6,T1087.002,Domain Account
[Grandoreiro](https://attack.mitre.org/software/S0531) can parse Outlook .pst files to extract e-mail addresses.(Citation: ESET Grandoreiro April 2020),discovery,collection,0.5956573658527694,Grandoreiro,T1087.003,Email Account
"During [APT28 Nearest Neighbor Campaign](https://attack.mitre.org/campaigns/C0051), [APT28](https://attack.mitre.org/groups/G0007) compromised third-party infrastructure in physical proximity to targets of interest for follow-on activities.(Citation: Nearest Neighbor Volexity)",resource-development,reconnaissance|resource-development,0.594650468980493,APT28 Nearest Neighbor Campaign,T1584,Compromise Infrastructure
[LAPSUS$](https://attack.mitre.org/groups/G1004) has spammed target users with MFA prompts in the hope that the legitimate user will grant necessary approval.(Citation: MSTIC DEV-0537 Mar 2022),credential-access,stealth,0.5938447917452576,LAPSUS$,T1621,Multi-Factor Authentication Request Generation
"[Crutch](https://attack.mitre.org/software/S0538) can persist via DLL search order hijacking on Google Chrome, Mozilla Firefox, or Microsoft OneDrive.(Citation: ESET Crutch December 2020)",execution|stealth,stealth,0.5929088619695873,Crutch,T1574.001,DLL
[SharpDisco](https://attack.mitre.org/software/S1089) has been used to download a Python interpreter to `C:\Users\Public\WinTN\WinTN.exe` as well as other plugins from external sources.(Citation: MoustachedBouncer ESET August 2023),command-and-control,execution,0.5922290056796362,SharpDisco,T1105,Ingress Tool Transfer
"[FIN6](https://attack.mitre.org/groups/G0037) has encoded data gathered from the victim with a simple substitution cipher and single-byte XOR using the 0xAA key, and Base64 with character permutation.(Citation: FireEye FIN6 April 2016)(Citation: Trend Micro FIN6 October 2019)",collection,stealth,0.5890953764362395,FIN6,T1560.003,Archive via Custom Method
[Grandoreiro](https://attack.mitre.org/software/S0531) can obtain C2 information from Google Docs.(Citation: Securelist Brazilian Banking Malware July 2020),command-and-control,command-and-control|discovery,0.5881934419605618,Grandoreiro,T1102.001,Dead Drop Resolver
[Axiom](https://attack.mitre.org/groups/G0001) has used VPS hosting providers in targeting of intended victims.(Citation: Novetta-Axiom),resource-development,reconnaissance|resource-development,0.5857089179903943,Axiom,T1583.003,Virtual Private Server
[TA551](https://attack.mitre.org/groups/G0127) has used spoofed company emails that were acquired from email clients on previously infected hosts to target other individuals.(Citation: Unit 42 TA551 Jan 2021),reconnaissance,resource-development,0.5846808545189563,TA551,T1589.002,Email Addresses
[SharpDisco](https://attack.mitre.org/software/S1089) can identify recently opened files by using an LNK format parser to extract the original file path from LNK files found in either `%USERPROFILE%\Recent` (Windows XP) or `%APPDATA%\Microsoft\Windows\Recent` (newer Windows versions) .(Citation: MoustachedBouncer ESET August 2023),discovery,collection|discovery,0.582341060685387,SharpDisco,T1083,File and Directory Discovery
[Elise](https://attack.mitre.org/software/S0081) executes systeminfo after initial communication is made to the remote server.(Citation: Lotus Blossom Jun 2015),discovery,command-and-control,0.5822300479970403,Elise,T1082,System Information Discovery
[TA551](https://attack.mitre.org/groups/G0127) has retrieved DLLs and installer binaries for malware execution from C2.(Citation: Unit 42 TA551 Jan 2021),command-and-control,stealth,0.5821437963063053,TA551,T1105,Ingress Tool Transfer
[APT33](https://attack.mitre.org/groups/G0064) has used compromised Office 365 accounts in tandem with [Ruler](https://attack.mitre.org/software/S0358) in an attempt to gain control of endpoints.(Citation: Microsoft Holmium June 2020),initial-access|persistence|privilege-escalation|stealth,initial-access|persistence,0.580115094311628,APT33,T1078.004,Cloud Accounts
[LockBit 3.0](https://attack.mitre.org/software/S1202) can exclude files associated with core system functions from encryption.(Citation: Joint Cybersecurity Advisory LockBit 3.0 MAR 2023),discovery,collection,0.5791938188507284,LockBit 3.0,T1083,File and Directory Discovery
[USBStealer](https://attack.mitre.org/software/S0136) drops itself onto removable media and relies on Autorun to execute the malicious file when a user opens the removable media on another system.(Citation: ESET Sednit USBStealer 2014),initial-access|lateral-movement,execution,0.572196953846926,USBStealer,T1091,Replication Through Removable Media
[Troll Stealer](https://attack.mitre.org/software/S1196) collects all data in victim `.ssh` folders by creating a compressed copy that is subsequently exfiltrated to command and control infrastructure. [Troll Stealer](https://attack.mitre.org/software/S1196) also collects key information associated with the Government Public Key Infrastructure (GPKI) service for South Korean government information systems.(Citation: S2W Troll Stealer 2024)(Citation: Symantec Troll Stealer 2024),credential-access,exfiltration,0.5715586278725185,Troll Stealer,T1552.004,Private Keys
[Lizar](https://attack.mitre.org/software/S0681) can execute PE files in the address space of the specified process.(Citation: BiZone Lizar May 2021),privilege-escalation|stealth,discovery|privilege-escalation|stealth,0.5711928783674278,Lizar,T1055.002,Portable Executable Injection
[Cuckoo Stealer](https://attack.mitre.org/software/S1153) can use `xattr -d com.apple.quarantine` to remove the quarantine flag attribute.(Citation: Kandji Cuckoo April 2024)(Citation: SentinelOne Cuckoo Stealer May 2024),defense-impairment,stealth,0.5710608580875276,Cuckoo Stealer,T1553.001,Gatekeeper Bypass
"During the [2025 Poland Wiper Attacks](https://attack.mitre.org/campaigns/C0063), the adversaries obtained details on the configuration of the victim Fortinet perimeter device to include publicly disclosed details on an online forum used by criminal communities.(Citation: CERT Polska)",reconnaissance,discovery,0.5695757891954712,2025 Poland Wiper Attacks,T1590.006,Network Security Appliances
[HermeticWiper](https://attack.mitre.org/software/S0697) can overwrite the `C:\Windows\System32\winevt\Logs` file on a targeted system.(Citation: ESET Hermetic Wizard March 2022),defense-impairment,impact,0.568810856683592,HermeticWiper,T1685.005,Clear Windows Event Logs
[Brute Ratel C4](https://attack.mitre.org/software/S1063) can call and dynamically resolve hashed APIs.(Citation: Palo Alto Brute Ratel July 2022),stealth,execution,0.5685362837546025,Brute Ratel C4,T1027.007,Dynamic API Resolution
"[SilverTerrier](https://attack.mitre.org/groups/G0083) targets organizations in high technology, higher education, and manufacturing for business email compromise (BEC) campaigns with the goal of financial theft.(Citation: Unit42 SilverTerrier 2018)(Citation: Unit42 SilverTerrier 2016)",impact,impact|reconnaissance,0.5676113259963353,SilverTerrier,T1657,Financial Theft
"[Troll Stealer](https://attack.mitre.org/software/S1196) gathers information from the Government Public Key Infrastructure (GPKI) folder, associated with South Korean government public key infrastructure, on infected systems.(Citation: S2W Troll Stealer 2024)(Citation: Symantec Troll Stealer 2024)",collection,discovery,0.5663939168643213,Troll Stealer,T1213,Data from Information Repositories
[APT38](https://attack.mitre.org/groups/G0082) has used a custom MBR wiper named BOOTWRECK to render systems inoperable.(Citation: FireEye APT38 Oct 2018),impact,stealth,0.5652569272265152,APT38,T1561.002,Disk Structure Wipe
[HermeticWiper](https://attack.mitre.org/software/S0697) has the ability to deploy through an infected system's default domain policy.(Citation: ESET Hermetic Wizard March 2022),defense-impairment|privilege-escalation,defense-impairment,0.5646967186050886,HermeticWiper,T1484.001,Group Policy Modification
[TrickBot](https://attack.mitre.org/software/S0266) has come with a signed downloader component.(Citation: Cyberreason Anchor December 2019),defense-impairment,command-and-control,0.5643374179238113,TrickBot,T1553.002,Code Signing
[HermeticWiper](https://attack.mitre.org/software/S0697) can disable the VSS service on a compromised host using the service control manager.(Citation: Crowdstrike DriveSlayer February 2022)(Citation: ESET Hermetic Wizard March 2022)(Citation: Qualys Hermetic Wiper March 2022),impact,execution,0.5633061738554653,HermeticWiper,T1490,Inhibit System Recovery
[APT29](https://attack.mitre.org/groups/G0016) has used Azure Run Command and Azure Admin-on-Behalf-of (AOBO) to execute code on virtual machines.(Citation: MSTIC Nobelium Oct 2021),execution,execution|stealth,0.5631532493894541,APT29,T1651,Cloud Administration Command
"For [C0015](https://attack.mitre.org/campaigns/C0015), the threat actors used DLL files that had invalid certificates.(Citation: DFIR Conti Bazar Nov 2021)",defense-impairment,resource-development|stealth,0.562423931770277,C0015,T1553.002,Code Signing
[China Chopper](https://attack.mitre.org/software/S0020)'s server component can spider authentication portals.(Citation: FireEye Periscope March 2018),discovery,persistence,0.5607972198538872,China Chopper,T1046,Network Service Discovery
[EXOTIC LILY](https://attack.mitre.org/groups/G1011) has used the e-mail notification features of legitimate file sharing services for spearphishing.(Citation: Google EXOTIC LILY March 2022),initial-access,resource-development,0.5599556421581884,EXOTIC LILY,T1566.003,Spearphishing via Service
[ShimRat](https://attack.mitre.org/software/S0444) has installed shim databases in the AppPatch folder.(Citation: FOX-IT May 2016 Mofang),persistence|privilege-escalation,privilege-escalation,0.5575559305927387,ShimRat,T1546.011,Application Shimming
[Rising Sun](https://attack.mitre.org/software/S0448) can clear a memory blog in the process by overwriting it with junk bytes.(Citation: McAfee Sharpshooter December 2018),stealth,privilege-escalation|stealth,0.5571638459917696,Rising Sun,T1070,Indicator Removal
[KOPILUWAK](https://attack.mitre.org/software/S1075) has piped the results from executed C2 commands to `%TEMP%\result2.dat` on the local machine.(Citation: Mandiant Suspected Turla Campaign February 2023),collection,execution,0.5566066929784278,KOPILUWAK,T1074.001,Local Data Staging
[Elise](https://attack.mitre.org/software/S0081) executes net user after initial communication is made to the remote server.(Citation: Lotus Blossom Jun 2015),discovery,command-and-control,0.5559242371811788,Elise,T1087.001,Local Account
[Higaisa](https://attack.mitre.org/groups/G0126) discovered system proxy settings and used them if available.(Citation: Zscaler Higaisa 2020),command-and-control,discovery,0.5547484493089462,Higaisa,T1090.001,Internal Proxy
[Elise](https://attack.mitre.org/software/S0081) executes net start after initial communication is made to the remote server.(Citation: Lotus Blossom Jun 2015),discovery,command-and-control,0.5541221906568697,Elise,T1007,System Service Discovery
[LAPSUS$](https://attack.mitre.org/groups/G1004) has leverage NordVPN for its egress points when targeting intended victims.(Citation: MSTIC DEV-0537 Mar 2022),command-and-control,reconnaissance|resource-development,0.5536879188867732,LAPSUS$,T1090,Proxy
[Emotet](https://attack.mitre.org/software/S0367) has used `CreateProcess` to create a new process to run its executable and `WNetEnumResourceW` to enumerate non-hidden shares.(Citation: Binary Defense Emotes Wi-Fi Spreader),execution,execution|stealth,0.5488213650533188,Emotet,T1106,Native API
[FIN13](https://attack.mitre.org/groups/G1016) has utilized web shells and Java tools for tunneling capabilities to and from compromised assets.(Citation: Sygnia Elephant Beetle Jan 2022),command-and-control,command-and-control|resource-development,0.5487044358036193,FIN13,T1572,Protocol Tunneling
[NPPSPY](https://attack.mitre.org/software/S1131) captures user input into the Winlogon process by redirecting RPC traffic from legitimate listening DLLs within the operating system to a newly registered malicious item that allows for recording logon information in cleartext.(Citation: Huntress NPPSPY 2022),collection|credential-access,defense-impairment,0.5414186801049201,NPPSPY,T1056,Input Capture
[Keydnap](https://attack.mitre.org/software/S0276) adds the setuid flag to a binary so it can easily elevate in the future.(Citation: OSX Keydnap malware),privilege-escalation,privilege-escalation|stealth,0.5376850414476783,Keydnap,T1548.001,Setuid and Setgid
[Qilin](https://attack.mitre.org/software/S1242) has run `cmd /C [PsExec] -accepteula \\IP Address -c -f -h -d -i C:\Users\xxx\ .exe --password [PASSWORD] --spread --spread-process` to execute its encryptor to target multiple network shares.(Citation: Cisco Talos Qilin Ransomware OCT 2025),execution,lateral-movement,0.5365544711995713,Qilin,T1059.003,Windows Command Shell
[Impacket](https://attack.mitre.org/software/S0357) modules like GetUserSPNs can be used to get Service Principal Names (SPNs) for user accounts. The output is formatted to be compatible with cracking tools like John the Ripper and Hashcat.(Citation: Impacket Tools),credential-access,stealth,0.5328146414617596,Impacket,T1558.003,Kerberoasting
[Indrik Spider](https://attack.mitre.org/groups/G0119) used wmic.exe to add a new user to the system.(Citation: Symantec WastedLocker June 2020),persistence,execution,0.5326388201913961,Indrik Spider,T1136,Create Account
[TONESHELL](https://attack.mitre.org/software/S1239) has generated unique GUIDs to identify victim devices.(Citation: Trend Micro Mustang Panda Earth Preta Toneshell February 2025)(Citation: 2022 November_TrendMicro_Earth Preta_Toneshell_Pubload)(Citation: Zscaler) [TONESHELL](https://attack.mitre.org/software/S1239) has leveraged environmental keying in payload delivery using the victim computer name and other configuration values.(Citation: 2025_IBM_PUBLOAD_TONESHELL_HIUPAN_CLAIMLOADER_MUSTANG PANDA) [TONESHELL](https://attack.mitre.org/software/S1239) has also tracked IDs associated with reverse shell subprocesses to manage interactions and terminations from C2.(Citation: Trend Micro Mustang Panda Earth Preta Toneshell February 2025)(Citation: Zscaler),stealth,discovery,0.5314376654507946,TONESHELL,T1480.001,Environmental Keying
[APT19](https://attack.mitre.org/groups/G0073) downloaded and launched code within a SCT file.(Citation: FireEye APT19),execution,stealth,0.5299692083417316,APT19,T1059,Command and Scripting Interpreter
"[Stuxnet](https://attack.mitre.org/software/S0603) infected WinCC machines via a hardcoded database server password.(Citation: Nicolas Falliere, Liam O Murchu, Eric Chien February 2011)",initial-access|persistence|privilege-escalation|stealth,credential-access,0.5278849088172064,Stuxnet,T1078.001,Default Accounts
"During [RedPenguin](https://attack.mitre.org/campaigns/C0056), [UNC3886](https://attack.mitre.org/groups/G1048) exploited CVE-2025-21590 to bypass Veriexec protections in Junos OS designed to prevent unauthorized binary execution.(Citation: Mandiant UNC3886 Juniper Routers MAR 2025)(Citation: Juniper RedPenguin MAR 2025)",execution,privilege-escalation,0.5260961803369618,RedPenguin,T1203,Exploitation for Client Execution
"[EXOTIC LILY](https://attack.mitre.org/groups/G1011) has uploaded malicious payloads to file-sharing services including TransferNow, TransferXL, WeTransfer, and OneDrive.(Citation: Google EXOTIC LILY March 2022)",resource-development,command-and-control|exfiltration,0.5244130899566927,EXOTIC LILY,T1608.001,Upload Malware
[LockBit 2.0](https://attack.mitre.org/software/S1199) can exclude files associated with core system functions from encryption.(Citation: FBI Lockbit 2.0 FEB 2022),discovery,stealth,0.5217896625650443,LockBit 2.0,T1083,File and Directory Discovery
[Emotet](https://attack.mitre.org/software/S0367) has been observed to hook network APIs to monitor network traffic. (Citation: Trend Micro Banking Malware Jan 2019),credential-access|discovery,command-and-control,0.521759236425291,Emotet,T1040,Network Sniffing
"[BlackEnergy](https://attack.mitre.org/software/S0089) 2 contains a ""Destroy"" plug-in that destroys data stored on victim hard drives by overwriting file contents.(Citation: Securelist BlackEnergy Feb 2015)(Citation: ESET BlackEnergy Jan 2016)",impact,collection,0.5213865229339193,BlackEnergy,T1485,Data Destruction
"[TrickBot](https://attack.mitre.org/software/S0266) module ""Trickboot"" can write or erase the UEFI/BIOS firmware of a compromised device.(Citation: Eclypsium Trickboot December 2020)",impact,persistence,0.518432363311993,TrickBot,T1495,Firmware Corruption
[LAPSUS$](https://attack.mitre.org/groups/G1004) has set an Office 365 tenant level mail transport rule to send all mail in and out of the targeted organization to the newly created account.(Citation: MSTIC DEV-0537 Mar 2022),collection,persistence|resource-development,0.5152183669713171,LAPSUS$,T1114.003,Email Forwarding Rule
"During [Operation Dream Job](https://attack.mitre.org/campaigns/C0022), [Lazarus Group](https://attack.mitre.org/groups/G0032) used Windows API `ObtainUserAgentString` to obtain the victim's User-Agent and used the value to connect to their C2 server.(Citation: McAfee Lazarus Jul 2020)",execution,discovery,0.5143589807380411,Operation Dream Job,T1106,Native API
[Kivars](https://attack.mitre.org/software/S0437) has the ability to uninstall malware from the infected host.(Citation: TrendMicro BlackTech June 2017),stealth,discovery,0.511893940221051,Kivars,T1070.004,File Deletion
[PACEMAKER](https://attack.mitre.org/software/S1109) can enter a loop to read `/proc/` entries every 2 seconds in order to read a target application's memory.(Citation: Mandiant Pulse Secure Zero-Day April 2021),collection,persistence,0.5096137635755061,PACEMAKER,T1119,Automated Collection
[Empire](https://attack.mitre.org/software/S0363) can utilize built-in modules to modify service binaries and restore them to their original state.(Citation: Github PowerShell Empire),persistence|privilege-escalation,execution,0.5076964626585302,Empire,T1543.003,Windows Service
[Doki](https://attack.mitre.org/software/S0600) has resolved the path of a process PID to use as a script argument.(Citation: Intezer Doki July 20),discovery,stealth,0.5075070977087742,Doki,T1083,File and Directory Discovery
[Grandoreiro](https://attack.mitre.org/software/S0531) can monitor browser activity for online banking actions and display full-screen overlay images to block user access to the intended site or present additional data fields.(Citation: Securelist Brazilian Banking Malware July 2020)(Citation: IBM Grandoreiro April 2020)(Citation: ESET Grandoreiro April 2020),collection,discovery,0.5033801447727805,Grandoreiro,T1185,Browser Session Hijacking
"During [C0015](https://attack.mitre.org/campaigns/C0015), the threat actors used [Conti](https://attack.mitre.org/software/S0575) ransomware to encrypt a compromised network.(Citation: DFIR Conti Bazar Nov 2021)",impact,command-and-control,0.5032079917363237,C0015,T1486,Data Encrypted for Impact
[Empire](https://attack.mitre.org/software/S0363) has a dylib hijacker module that generates a malicious dylib given the path to a legitimate dylib of a vulnerable application.(Citation: Github PowerShell Empire),execution|stealth,,0.4997957370119185,Empire,T1574.004,Dylib Hijacking
"[FIN6](https://attack.mitre.org/groups/G0037) has used scripting to iterate through a list of compromised PoS systems, copy data to a log file, and remove the original data files.(Citation: FireEye FIN6 April 2016)(Citation: FireEye FIN6 Apr 2019)",execution,,0.49955080749045544,FIN6,T1059,Command and Scripting Interpreter
[Brute Ratel C4](https://attack.mitre.org/software/S1063) has the ability to hide memory artifacts and to patch Event Tracing for Windows (ETW) and the Anti Malware Scan Interface (AMSI).(Citation: Palo Alto Brute Ratel July 2022)(Citation: MDSec Brute Ratel August 2022),defense-impairment,,0.49943629308621146,Brute Ratel C4,T1685,Disable or Modify Tools
[Empire](https://attack.mitre.org/software/S0363) includes various modules for finding files of interest on hosts and network shares.(Citation: Github PowerShell Empire),discovery,,0.499391162351419,Empire,T1083,File and Directory Discovery
[Grandoreiro](https://attack.mitre.org/software/S0531) can use malicious browser extensions to steal cookies and other user information.(Citation: IBM Grandoreiro April 2020),persistence,,0.4964395113559664,Grandoreiro,T1176.001,Browser Extensions
[MirrorFace](https://attack.mitre.org/groups/G1054) has used Secure File Transfer Protocol (SFTP) for file exfiltration.(Citation: JPCERT MirrorFace JUL 2024),exfiltration,,0.4958316168836733,MirrorFace,T1048.002,Exfiltration Over Asymmetric Encrypted Non-C2 Protocol
[KillDisk](https://attack.mitre.org/software/S0607) registers as a service under the Plug-And-Play Support name.(Citation: ESET Telebots Dec 2016),stealth,,0.49302362141294215,KillDisk,T1036.004,Masquerade Task or Service
[Latrodectus](https://attack.mitre.org/software/S1160) can resolve Windows APIs dynamically by hash.(Citation: Latrodectus APR 2024),stealth,,0.4914886156671666,Latrodectus,T1027.007,Dynamic API Resolution
"[APT38](https://attack.mitre.org/groups/G0082) leveraged Sysmon to understand the processes, services in the organization.(Citation: FireEye APT38 Oct 2018)",discovery,,0.4909882375730226,APT38,T1057,Process Discovery
[Kali365](https://attack.mitre.org/software/S9044) has used Cloudflare Workers to redirect traffic and to host malicious phishing pages.(Citation: Artic Wolf Labs Kali365 Device Code April 2026)(Citation: Artic Wolf Kali365 Device Code OAuth June 2026)(Citation: SpyCloud Kali365 June 2026) [Kali365](https://attack.mitre.org/software/S9044) has also leveraged Telegram chat to facilitate administrative tasks for the panel across affiliate users.(Citation: Artic Wolf Labs Kali365 Device Code April 2026)(Citation: FBI IC3 Alert I-052126 Kali365 May 2026)(Citation: SpyCloud Kali365 June 2026),command-and-control,,0.4908072465021513,Kali365,T1102,Web Service
[FRP](https://attack.mitre.org/software/S1144) can use a dashboard and U/I to display the status of connections from the FRP client and server.(Citation: FRP GitHub),discovery,,0.4902572858740426,FRP,T1049,System Network Connections Discovery
"[Indrik Spider](https://attack.mitre.org/groups/G0119) has created email accounts to communicate with their ransomware victims, to include providing payment and decryption details.(Citation: Crowdstrike Indrik November 2018)",resource-development,,0.4890027169093587,Indrik Spider,T1585.002,Email Accounts
[Keydnap](https://attack.mitre.org/software/S0276) uses the keychaindump project to read securityd memory.(Citation: synack 2016 review),credential-access,,0.48864622003684965,Keydnap,T1555.002,Securityd Memory
"During [C0015](https://attack.mitre.org/campaigns/C0015), PowerView's file share enumeration results were stored in the file `c:\ProgramData\found_shares.txt`.(Citation: DFIR Conti Bazar Nov 2021)",collection,,0.4885015279772975,C0015,T1074.001,Local Data Staging
"During [RedPenguin](https://attack.mitre.org/campaigns/C0056), [UNC3886](https://attack.mitre.org/groups/G1048) used malware capable of reading the PID for the Junos OS snmpd daemon.(Citation: Juniper RedPenguin MAR 2025)",discovery,,0.48754574464307543,RedPenguin,T1057,Process Discovery
[Kali365](https://attack.mitre.org/software/S9044) has captured session cookies and related session artifacts when the interacted phishing lure acts as proxy for legitimate requests with login services.(Citation: Artic Wolf Labs Kali365 Device Code April 2026)(Citation: SpyCloud Kali365 June 2026),credential-access,,0.48695159371815927,Kali365,T1539,Steal Web Session Cookie
[China Chopper](https://attack.mitre.org/software/S0020)'s server component can upload local files.(Citation: FireEye Periscope March 2018)(Citation: Lee 2013)(Citation: NCSC Joint Report Public Tools)(Citation: Rapid7 HAFNIUM Mar 2021),collection,,0.4856330220305569,China Chopper,T1005,Data from Local System
[HyperBro](https://attack.mitre.org/software/S0398) can be delivered encrypted to a compromised host.(Citation: Trend Micro DRBControl February 2020),stealth,,0.4840585889583936,HyperBro,T1027.013,Encrypted/Encoded File
One variant of [BlackEnergy](https://attack.mitre.org/software/S0089) creates a new service using either a hard-coded or randomly generated name.(Citation: F-Secure BlackEnergy 2014),persistence|privilege-escalation,,0.4839423506555764,BlackEnergy,T1543.003,Windows Service
[PS1](https://attack.mitre.org/software/S0613) is distributed as a set of encrypted files and scripts.(Citation: BlackBerry CostaRicto November 2020),stealth,,0.48387343273097577,PS1,T1027.013,Encrypted/Encoded File
[Embargo](https://attack.mitre.org/software/S1247) has avoided encrypting specific files and directories by leveraging a regular expression within the ransomware binary.(Citation: Cyble Embargo Ransomware May 2024),stealth,,0.4835054920174198,Embargo,T1679,Selective Exclusion
[ConnectWise](https://attack.mitre.org/software/S0591) can record video on remote hosts.(Citation: Anomali Static Kitten February 2021),collection,,0.48309564710297576,ConnectWise,T1125,Video Capture
"During the [2025 Poland Wiper Attacks](https://attack.mitre.org/campaigns/C0063), the adversaries used the [Rubeus](https://attack.mitre.org/software/S1071) tool to forge a Diamond Ticket that is a modified legitimate Kerberos ticket.(Citation: CERT Polska)",credential-access,,0.4821559789997766,2025 Poland Wiper Attacks,T1558,Steal or Forge Kerberos Tickets
[SharpDisco](https://attack.mitre.org/software/S1089) has dropped a recent-files stealer plugin to `C:\Users\Public\WinSrcNT\It11.exe`.(Citation: MoustachedBouncer ESET August 2023),collection,,0.4820767041821914,SharpDisco,T1005,Data from Local System
[Hikit](https://attack.mitre.org/software/S0009) performs XOR encryption.(Citation: Novetta-Axiom),command-and-control,,0.48087463452452245,Hikit,T1573.001,Symmetric Cryptography
[MirrorFace](https://attack.mitre.org/groups/G1054) has used remote templates with VBA code in malware infection chains.(Citation: ITOCHU LODEINFO JAN 2024),execution,,0.4799491835921859,MirrorFace,T1059.005,Visual Basic
"[Stuxnet](https://attack.mitre.org/software/S0603) sends compromised victim information via HTTP.(Citation: Nicolas Falliere, Liam O Murchu, Eric Chien February 2011)",exfiltration,,0.47684209132494515,Stuxnet,T1041,Exfiltration Over C2 Channel
"[Kali365](https://attack.mitre.org/software/S9044) has obtained OAuth access and refresh tokens by deceiving victims into completing actor-initiated device authorization requests, and intercepting authentication sessions with legitimate identity providers through adversary-in-the-middle reverse proxy infrastructure. (Citation: Artic Wolf Labs Kali365 Device Code April 2026)(Citation: Artic Wolf Kali365 Device Code OAuth June 2026)(Citation: FBI IC3 Alert I-052126 Kali365 May 2026)(Citation: SpyCloud Kali365 June 2026)",credential-access,,0.4767697615576284,Kali365,T1528,Steal Application Access Token
[LAMEHUG](https://attack.mitre.org/software/S9035) can encode queries sent to LLMs.(Citation: Splunk LAMEHUG SEP 2025),command-and-control,,0.47486146402799284,LAMEHUG,T1132,Data Encoding
[Empire](https://attack.mitre.org/software/S0363) can enumerate Security Support Providers (SSPs) as well as utilize [PowerSploit](https://attack.mitre.org/software/S0194)'s Install-SSP and Invoke-Mimikatz to install malicious SSPs and log authentication events.(Citation: Github PowerShell Empire),persistence|privilege-escalation,,0.4731637052670132,Empire,T1547.005,Security Support Provider
[PAKLOG](https://attack.mitre.org/software/S1233) has used `GetForegroundWindow` to access the foreground window. (Citation: Zscaler PAKLOG CorkLog SplatCloak Splatdropper April 2025) [PAKLOG](https://attack.mitre.org/software/S1233) has also captured text from the foreground windows.(Citation: Zscaler PAKLOG CorkLog SplatCloak Splatdropper April 2025),discovery,,0.4730128123276401,PAKLOG,T1010,Application Window Discovery
[BlackByte Ransomware](https://attack.mitre.org/software/S1180) looks for security software products prior to full execution.(Citation: Trustwave BlackByte 2021),discovery,,0.47077058577315767,BlackByte Ransomware,T1518.001,Security Software Discovery
[PureCrypter](https://attack.mitre.org/software/S9019) can send a TLS 1.2 encrypted infection message via Discord webhook.(Citation: Zscaler PureCrypter JUN 2022),command-and-control,,0.46678629166667446,PureCrypter,T1573.002,Asymmetric Cryptography
[Sykipot](https://attack.mitre.org/software/S0018) is known to contain functionality that enables targeting of smart card technologies to proxy authentication for connections to restricted network resources using detected hardware tokens.(Citation: Alienvault Sykipot DOD Smart Cards),credential-access,,0.46534049588697285,Sykipot,T1111,Multi-Factor Authentication Interception
[ZIPLINE](https://attack.mitre.org/software/S1114) can find and append specific files on Ivanti Connect Secure VPNs based upon received commands.(Citation: Mandiant Cutting Edge January 2024),discovery,,0.4650610959508176,ZIPLINE,T1083,File and Directory Discovery
The [AshTag](https://attack.mitre.org/software/S9031) stager component can retrieve and execute the main payload.(Citation: Palo Alto Ashen Lepus DEC 2025),command-and-control,,0.4644035393876032,AshTag,T1105,Ingress Tool Transfer
"A version of [PlugX](https://attack.mitre.org/software/S0013) loads as shellcode within a .NET Framework project using msbuild.exe, presumably to bypass application control techniques.(Citation: Palo Alto PlugX June 2017)",execution|stealth,,0.46420719258820375,PlugX,T1127.001,MSBuild
[PureCrypter](https://attack.mitre.org/software/S9019) can use Telegram or Discord to send infection status messages.(Citation: Zscaler PureCrypter JUN 2022),command-and-control,,0.46256138749943393,PureCrypter,T1102,Web Service
[Troll Stealer](https://attack.mitre.org/software/S1196) encrypts gathered information on victim devices prior to exfiltrating it through command and control infrastructure.(Citation: S2W Troll Stealer 2024),collection,,0.4621337362700293,Troll Stealer,T1074.001,Local Data Staging
[SDBbot](https://attack.mitre.org/software/S0461) has the ability to access the file system on a compromised host.(Citation: Proofpoint TA505 October 2019),collection,,0.4620723313550617,SDBbot,T1005,Data from Local System
[StrelaStealer](https://attack.mitre.org/software/S1183) installers have used obfuscated PowerShell scripts to retrieve follow-on payloads from WebDAV servers.(Citation: IBM StrelaStealer 2024),command-and-control,,0.4618383353129792,StrelaStealer,T1105,Ingress Tool Transfer
[REvil](https://attack.mitre.org/software/S0496) can connect to and disable the Symantec server on the victim's network.(Citation: Cylance Sodinokibi July 2019),defense-impairment,,0.46021323786196183,REvil,T1685,Disable or Modify Tools
[StrelaStealer](https://attack.mitre.org/software/S1183) has included BAT files in some instances for installation.(Citation: Fortgale StrelaStealer 2023)(Citation: IBM StrelaStealer 2024),execution,,0.4583995988079272,StrelaStealer,T1059.003,Windows Command Shell
[BlackByte Ransomware](https://attack.mitre.org/software/S1180) enables SMBv1 during execution.(Citation: Trustwave BlackByte 2021),defense-impairment,,0.4576079336595444,BlackByte Ransomware,T1689,Downgrade Attack
"[APT-C-36](https://attack.mitre.org/groups/G0099) has customized existing malware with new capabilities including [njRAT](https://attack.mitre.org/software/S0385), [AsyncRAT](https://attack.mitre.org/software/S1087), LimeRAT, and BitRAT.(Citation: Kaspersky BlindEagle AUG 2024)",resource-development,,0.45749157738576923,APT-C-36,T1587.001,Malware
[Doki](https://attack.mitre.org/software/S0600) was run through a deployed container.(Citation: Intezer Doki July 20),execution,,0.45686666912949725,Doki,T1610,Deploy Container
[EXOTIC LILY](https://attack.mitre.org/groups/G1011) has copied data from social media sites to impersonate targeted individuals.(Citation: Google EXOTIC LILY March 2022),reconnaissance,,0.45574548304980755,EXOTIC LILY,T1593.001,Social Media
"[Empire](https://attack.mitre.org/software/S0363) has a limited number of built-in modules for exploiting remote SMB, JBoss, and Jenkins servers.(Citation: Github PowerShell Empire)",lateral-movement,,0.4555214074821628,Empire,T1210,Exploitation of Remote Services
[REvil](https://attack.mitre.org/software/S0496) can encrypt files on victim systems and demands a ransom to decrypt the files.(Citation: Kaspersky Sodin July 2019)(Citation: Cylance Sodinokibi July 2019)(Citation: Talos Sodinokibi April 2019)(Citation: McAfee REvil October 2019)(Citation: Intel 471 REvil March 2020)(Citation: Picus Sodinokibi January 2020)(Citation: Secureworks REvil September 2019)(Citation: Tetra Defense Sodinokibi March 2020),impact,,0.4532254198943301,REvil,T1486,Data Encrypted for Impact
"During [Operation Dream Job](https://attack.mitre.org/campaigns/C0022), [Lazarus Group](https://attack.mitre.org/groups/G0032) conducted internal spearphishing from within a compromised organization.(Citation: ClearSky Lazarus Aug 2020)",lateral-movement,,0.4523025987539865,Operation Dream Job,T1534,Internal Spearphishing
[TEARDROP](https://attack.mitre.org/software/S0560) ran as a Windows service from the c:\windows\syswow64 folder.(Citation: Check Point Sunburst Teardrop December 2020)(Citation: FireEye SUNBURST Backdoor December 2020),persistence|privilege-escalation,,0.45131635572531265,TEARDROP,T1543.003,Windows Service
[SideCopy](https://attack.mitre.org/groups/G1008) uses a loader DLL file to collect AV product names from an infected host.(Citation: MalwareBytes SideCopy Dec 2021),discovery,,0.4502448710529333,SideCopy,T1518.001,Security Software Discovery
"[Kapeka](https://attack.mitre.org/software/S1190) utilizes AES-256 (CBC mode), XOR, and RSA-2048 encryption schemas for various configuration and other objects.(Citation: WithSecure Kapeka 2024)",stealth,,0.44828137198223644,Kapeka,T1027.013,Encrypted/Encoded File
[MirrorFace](https://attack.mitre.org/groups/G1054) has deployed shellcode to check for Japanese Microsoft Office settings.(Citation: ITOCHU LODEINFO JAN 2024),discovery,,0.4480183923263144,MirrorFace,T1614.001,System Language Discovery
[Pupy](https://attack.mitre.org/software/S0192) has a built-in module for port scanning.(Citation: GitHub Pupy),discovery,,0.4461793473779498,Pupy,T1046,Network Service Discovery
[SEASHARPEE](https://attack.mitre.org/software/S0185) can timestomp files on victims using a Web shell.(Citation: FireEye APT34 Webinar Dec 2017),stealth,,0.44382981972713376,SEASHARPEE,T1070.006,Timestomp
"[APT29](https://attack.mitre.org/groups/G0016) has used multiple software exploits for common client software, like Microsoft Word, Exchange, and Adobe Reader, to gain code execution.(Citation: F-Secure The Dukes)(Citation: Cybersecurity Advisory SVR TTP May 2021)(Citation: MSTIC NOBELIUM May 2021)",execution,,0.4432448907121355,APT29,T1203,Exploitation for Client Execution
[PACEMAKER](https://attack.mitre.org/software/S1109) can use PTRACE to attach to a targeted process to read process memory.(Citation: Mandiant Pulse Secure Zero-Day April 2021),privilege-escalation|stealth,,0.4370857138765035,PACEMAKER,T1055.008,Ptrace System Calls
[APT-C-36](https://attack.mitre.org/groups/G0099) has downloaded binary data from a specified domain after the malicious document is opened.(Citation: QiAnXin APT-C-36 Feb2019),command-and-control,,0.43581320989128364,APT-C-36,T1105,Ingress Tool Transfer
[BlackEnergy](https://attack.mitre.org/software/S0089) has enabled the TESTSIGNING boot configuration option to facilitate loading of a driver component.(Citation: F-Secure BlackEnergy 2014),defense-impairment,,0.43494707107640657,BlackEnergy,T1553.006,Code Signing Policy Modification
[Troll Stealer](https://attack.mitre.org/software/S1196) creates a mutex during installation to prevent duplicate execution.(Citation: S2W Troll Stealer 2024),stealth,,0.43483737589863686,Troll Stealer,T1480.002,Mutual Exclusion
"During [RedPenguin](https://attack.mitre.org/campaigns/C0056), [UNC3886](https://attack.mitre.org/groups/G1048) accessed the Junos OS CLI on targeted devices.(Citation: Mandiant UNC3886 Juniper Routers MAR 2025)(Citation: Juniper RedPenguin MAR 2025)",execution,,0.4283360388284302,RedPenguin,T1059.008,Network Device CLI
"[Embargo](https://attack.mitre.org/software/S1247) has leveraged MS4Killer to deliver a vulnerable driver to the victim device, sometimes referred to as Bring Your Own Vulnerable Driver (BYOVD).(Citation: ESET Embargo Ransomware October 2024) [Embargo](https://attack.mitre.org/software/S1247) has utilized the vulnerable driver probmon.sys version 3.0.0.4 which had a revoked certificated from “ITM System Co.,LTD.”(Citation: ESET Embargo Ransomware October 2024)",privilege-escalation,,0.4273931392821816,Embargo,T1068,Exploitation for Privilege Escalation
[HTTPBrowser](https://attack.mitre.org/software/S0070) is capable of writing a file to the compromised system from the C2 server.(Citation: Dell TG-3390),command-and-control,,0.42701947961496456,HTTPBrowser,T1105,Ingress Tool Transfer
[Empire](https://attack.mitre.org/software/S0363) can add a SID-History to a user if on a domain controller.(Citation: Github PowerShell Empire),privilege-escalation|stealth,,0.42597038142861937,Empire,T1134.005,SID-History Injection
[Emotet](https://attack.mitre.org/software/S0367) inflates malicious files and malware as an evasion technique.(Citation: emotet_trendmicro_mar2023),stealth,,0.42263606436777634,Emotet,T1027.001,Binary Padding
[Javali](https://attack.mitre.org/software/S0528) can read C2 information from Google Documents and YouTube.(Citation: Securelist Brazilian Banking Malware July 2020),command-and-control,,0.4208892109887233,Javali,T1102.001,Dead Drop Resolver
[StoneDrill](https://attack.mitre.org/software/S0380) has a disk wiper module that targets files other than those in the Windows directory.(Citation: Kaspersky StoneDrill 2017),impact,,0.4194730011003116,StoneDrill,T1485,Data Destruction
[APT29](https://attack.mitre.org/groups/G0016) has ensured web servers in a victim environment are Internet accessible before copying tools or malware to it.(Citation: Mandiant APT29 Eye Spy Email Nov 22),discovery,,0.4190831205050592,APT29,T1016.001,Internet Connection Discovery
"During the [2025 Poland Wiper Attacks](https://attack.mitre.org/campaigns/C0063), the adversaries leveraged the native CLI of the targeted FortiGate device.(Citation: CERT Polska)",execution,,0.4168472572309787,2025 Poland Wiper Attacks,T1059.008,Network Device CLI
Several tools used by [Suckfly](https://attack.mitre.org/groups/G0039) have been command-line driven.(Citation: Symantec Suckfly May 2016),execution,,0.41518766689074155,Suckfly,T1059.003,Windows Command Shell
[MirrorFace](https://attack.mitre.org/groups/G1054) has sent targeted emails purporting to be from a Japanese political party’s PR department.(Citation: ESET MirrorFace DEC 2022),stealth,,0.41302812839286107,MirrorFace,T1684.001,Impersonation
[REvil](https://attack.mitre.org/software/S0496) can use vssadmin to delete volume shadow copies and bcdedit to disable recovery features.(Citation: Kaspersky Sodin July 2019)(Citation: Cylance Sodinokibi July 2019)(Citation: Secureworks GandCrab and REvil September 2019)(Citation: Talos Sodinokibi April 2019)(Citation: McAfee Sodinokibi October 2019)(Citation: Intel 471 REvil March 2020)(Citation: Picus Sodinokibi January 2020)(Citation: Secureworks REvil September 2019)(Citation: Tetra Defense Sodinokibi March 2020),impact,,0.4122936920809979,REvil,T1490,Inhibit System Recovery
[Empire](https://attack.mitre.org/software/S0363) can acquire local and domain user account information.(Citation: Github PowerShell Empire)(Citation: SecureWorks August 2019),discovery,,0.4114783100410052,Empire,T1087.002,Domain Account
[Hikit](https://attack.mitre.org/software/S0009) supports peer connections.(Citation: Novetta-Axiom),command-and-control,,0.409963222053089,Hikit,T1090.001,Internal Proxy
[MirrorFace](https://attack.mitre.org/groups/G1054) has placed specific content in phishing emails to target members of particular political parties.(Citation: ESET MirrorFace DEC 2022),reconnaissance,,0.40864904221008674,MirrorFace,T1591,Gather Victim Org Information
"During [C0015](https://attack.mitre.org/campaigns/C0015), the threat actors used `wmic` and `rundll32` to load [Cobalt Strike](https://attack.mitre.org/software/S0154) onto a target host.(Citation: DFIR Conti Bazar Nov 2021)",execution,,0.4031196491618948,C0015,T1047,Windows Management Instrumentation
[BPFDoor](https://attack.mitre.org/software/S1161) can require a password to activate the backdoor and uses RC4 encryption or static library encryption `libtomcrypt`.(Citation: Sandfly BPFDoor 2022),stealth,,0.40297993838496554,BPFDoor,T1027,Obfuscated Files or Information
[APT29](https://attack.mitre.org/groups/G0016) uses compromised residential endpoints as proxies for defense evasion and network access.(Citation: NCSC et al APT29 2024),command-and-control,,0.40162027085855523,APT29,T1090.002,External Proxy
[Empire](https://attack.mitre.org/software/S0363) has a module for creating a new domain user if permissions allow.(Citation: Github PowerShell Empire),persistence,,0.40063206387622696,Empire,T1136.002,Domain Account
[Skidmap](https://attack.mitre.org/software/S0468) has the ability to install several loadable kernel modules (LKMs) on infected machines.(Citation: Trend Micro Skidmap),persistence|privilege-escalation,,0.39882052135043045,Skidmap,T1547.006,Kernel Modules and Extensions
[Turian](https://attack.mitre.org/software/S0647) can insert pseudo-random characters into its network encryption setup.(Citation: ESET BackdoorDiplomacy Jun 2021),command-and-control,,0.39866322224907047,Turian,T1001.001,Junk Data
[MirageFox](https://attack.mitre.org/software/S0280) has a function for decrypting data containing C2 configuration information.(Citation: APT15 Intezer June 2018),stealth,,0.39776479834436634,MirageFox,T1140,Deobfuscate/Decode Files or Information
[StrelaStealer](https://attack.mitre.org/software/S1183) has been delivered via JScript files in a ZIP archive.(Citation: PaloAlto StrelaStealer 2024)(Citation: Fortgale StrelaStealer 2023),stealth,,0.397062602675985,StrelaStealer,T1027.015,Compression
[Empire](https://attack.mitre.org/software/S0363) has a module for creating a local user if permissions allow.(Citation: Github PowerShell Empire),persistence,,0.39578054470518487,Empire,T1136.001,Local Account
A variant of [Elise](https://attack.mitre.org/software/S0081) executes dir C:\progra~1 when initially run.(Citation: Lotus Blossom Jun 2015)(Citation: Accenture Dragonfish Jan 2018),discovery,,0.3880346041103447,Elise,T1083,File and Directory Discovery
"[APT-C-36](https://attack.mitre.org/groups/G0099) has used geolocation filtering in malware delivery to redirect traffic not coming from a targeted region or country, such as Ecuador or Colombia, to legitimate sites.(Citation: Kaspersky BlindEagle AUG 2024)(Citation: Recorded Future TAG-144 AUG 2025)",stealth,,0.3854019125310337,APT-C-36,T1480,Execution Guardrails
"[PACEMAKER](https://attack.mitre.org/software/S1109) can parse `/proc/""process_name""/cmdline` to look for the string `dswsd` within the command line.(Citation: Mandiant Pulse Secure Zero-Day April 2021)",discovery,,0.38485346328544995,PACEMAKER,T1083,File and Directory Discovery
[KillDisk](https://attack.mitre.org/software/S0607) has called GetCurrentProcess .(Citation: Trend Micro KillDisk 2),discovery,,0.3847493913017229,KillDisk,T1057,Process Discovery
[Hikit](https://attack.mitre.org/software/S0009) installs a self-generated certificate to the local trust store as a root CA and Trusted Publisher.(Citation: Sood and Enbody),defense-impairment,,0.3834674970806476,Hikit,T1553.004,Install Root Certificate
"The [Regin](https://attack.mitre.org/software/S0019) malware platform supports many standard protocols, including SMB.(Citation: Kaspersky Regin)",command-and-control,,0.3830342704590203,Regin,T1071.002,File Transfer Protocols
[REvil](https://attack.mitre.org/software/S0496) can use WMI to monitor for and kill specific processes listed in its configuration file.(Citation: Secureworks GandCrab and REvil September 2019)(Citation: Group IB Ransomware May 2020),execution,,0.37820370014607757,REvil,T1047,Windows Management Instrumentation
"[APT-C-36](https://attack.mitre.org/groups/G0099) has impersonated banks including Banco Davivienda, Bancolombia, and BBVA as well as government institutions such as Colombia’s National Directorate of Taxes and Customs, Ministry of Foreign Affairs, and Office of the Attorney General.(Citation: Kaspersky BlindEagle AUG 2024)(Citation: LevelBlue Blind Eagle Proton66 JUN 2025)(Citation: Recorded Future TAG-144 AUG 2025)(Citation: Zscaler BlindEagle DEC 2025)",stealth,,0.377172263817977,APT-C-36,T1684.001,Impersonation
[Brute Ratel C4](https://attack.mitre.org/software/S1063) can use WinRM for pivoting.(Citation: Palo Alto Brute Ratel July 2022),lateral-movement,,0.37363039836036777,Brute Ratel C4,T1021.006,Windows Remote Management
[Latrodectus](https://attack.mitre.org/software/S1160) has the ability to restart compromised hosts.(Citation: Elastic Latrodectus May 2024),impact,,0.3667653766169258,Latrodectus,T1529,System Shutdown/Reboot
[LAMEHUG](https://attack.mitre.org/software/S9035) has the ability to execute Windows commands returned from C2 to gather system information.(Citation: Splunk LAMEHUG SEP 2025)(Citation: Nov AI Threat Tracker),discovery,,0.3627097453024663,LAMEHUG,T1082,System Information Discovery
[TONESHELL](https://attack.mitre.org/software/S1239) used WinRAR rar.exe to archive files for exfiltration.(Citation: Palo Alto Unit42 STATELY TAURUS TONESHELL September 2023)(Citation: Unit42 Chinese VSCode 06 September 2024) [TONESHELL](https://attack.mitre.org/software/S1239) has also utilized a unique 13-character password consisting of upper lower case and digits to protect RAR archives.(Citation: Unit42 Chinese VSCode 06 September 2024),collection,,0.3612767911347984,TONESHELL,T1560.001,Archive via Utility
[LAPSUS$](https://attack.mitre.org/groups/G1004) has gathered detailed knowledge of an organization's supply chain relationships.(Citation: MSTIC DEV-0537 Mar 2022),reconnaissance,,0.3602110865931792,LAPSUS$,T1591.002,Business Relationships
"[BlackByte Ransomware](https://attack.mitre.org/software/S1180) uses the `mountvol.exe` command to mount volume names and leverages the Microsoft Discretionary Access Control List tool, `icacls.exe`, to grant the group to “Everyone” full access to the root of the drive.(Citation: Trustwave BlackByte 2021)",defense-impairment,,0.35657068394106956,BlackByte Ransomware,T1222.001,Windows Permissions
[China Chopper](https://attack.mitre.org/software/S0020)'s server component is capable of opening a command terminal.(Citation: SecureWorks BRONZE UNION June 2017)(Citation: Lee 2013)(Citation: NCSC Joint Report Public Tools),execution,,0.35580492840379924,China Chopper,T1059.003,Windows Command Shell
"[USBStealer](https://attack.mitre.org/software/S0136) drops commands for a second victim onto a removable media drive inserted into the first victim, and commands are executed when the drive is inserted into the second victim.(Citation: ESET Sednit USBStealer 2014)",command-and-control,,0.35536301974054985,USBStealer,T1092,Communication Through Removable Media
"[LazyWiper](https://attack.mitre.org/software/S9039) can specifically target multiple files by extension including: .rar, .tar.gz, .zip, .7z, .json, .bcp, .bak, .gho, .erf, .edb, .onepkg, .pst, and .ldiff.(Citation: CERT Polska)",discovery,,0.35083709161217247,LazyWiper,T1083,File and Directory Discovery
[SUNSPOT](https://attack.mitre.org/software/S0562) malware was designed and used to insert [SUNBURST](https://attack.mitre.org/software/S0559) into software builds of the SolarWinds Orion IT management product.(Citation: CrowdStrike SUNSPOT Implant January 2021),initial-access,,0.35056566774511355,SUNSPOT,T1195.002,Compromise Software Supply Chain
[Pillowmint](https://attack.mitre.org/software/S0517) can uninstall the malicious service from an infected machine.(Citation: Trustwave Pillowmint June 2020),stealth,,0.35044696469815023,Pillowmint,T1070.009,Clear Persistence
[MirrorFace](https://attack.mitre.org/groups/G1054) has used vssadmin to copy registry hives including SAM.(Citation: Trend Micro Earth Kasha NOV 2024)(Citation: JPCERT MirrorFace JUL 2024),credential-access,,0.3468990064630392,MirrorFace,T1003.002,Security Account Manager
[Elise](https://attack.mitre.org/software/S0081) executes ipconfig /all after initial communication is made to the remote server.(Citation: Lotus Blossom Jun 2015)(Citation: Accenture Dragonfish Jan 2018),discovery,,0.3428486522191904,Elise,T1016,System Network Configuration Discovery
[Skidmap](https://attack.mitre.org/software/S0468) has the ability to replace the pam_unix.so file on an infected machine with its own malicious version that accepts a specific backdoor password for all users.(Citation: Trend Micro Skidmap),credential-access|defense-impairment|persistence,,0.3415703162504529,Skidmap,T1556.003,Pluggable Authentication Modules
"During [Operation Dream Job](https://attack.mitre.org/campaigns/C0022), [Lazarus Group](https://attack.mitre.org/groups/G0032) used DOCX files to retrieve a malicious document template/DOTM file.(Citation: ClearSky Lazarus Aug 2020)(Citation: McAfee Lazarus Jul 2020)",stealth,,0.34074495705212166,Operation Dream Job,T1221,Template Injection
[PowerPunch](https://attack.mitre.org/software/S0685) can use the volume serial number from a target host to generate a unique XOR key for the next stage payload.(Citation: Microsoft Actinium February 2022),stealth,,0.3333880439853245,PowerPunch,T1480.001,Environmental Keying
[APT38](https://attack.mitre.org/groups/G0082) has prepended a space to all of their terminal commands to operate without leaving traces in the HISTCONTROL environment.(Citation: CISA AA20-239A BeagleBoyz August 2020),defense-impairment,,0.32886958353656326,APT38,T1690,Prevent Command History Logging
[Kali365](https://attack.mitre.org/software/S9044) has generated tailored branded phishing lures to target victims utilizing a myriad of reputable services and brands that entice users to interact with the content.(Citation: Artic Wolf Labs Kali365 Device Code April 2026)(Citation: Artic Wolf Kali365 Device Code OAuth June 2026)(Citation: FBI IC3 Alert I-052126 Kali365 May 2026)(Citation: Huntress Kali365 Device Code June 2026) [Kali365](https://attack.mitre.org/software/S9044) has also been enabled with AI such as Claude Sonnet that evaluates emails and generates tailored responses to facilitate BEC activities.(Citation: Huntress Kali365 Device Code June 2026),resource-development,,0.31599372504481354,Kali365,T1683.001,Written Content
[Kali365](https://attack.mitre.org/software/S9044) has created obfuscated phishing landing pages that act as an adversary in the middle infrastructure that intercepts communications between the victim host and legitimate services to steal credentials and user sessions.(Citation: Artic Wolf Labs Kali365 Device Code April 2026)(Citation: Artic Wolf Kali365 Device Code OAuth June 2026)(Citation: SpyCloud Kali365 June 2026),collection|credential-access,,0.31493621048075365,Kali365,T1557,Adversary-in-the-Middle
[REvil](https://attack.mitre.org/software/S0496) can save encryption parameters and system information in the Registry.(Citation: Cylance Sodinokibi July 2019)(Citation: Secureworks GandCrab and REvil September 2019)(Citation: McAfee Sodinokibi October 2019)(Citation: Intel 471 REvil March 2020)(Citation: Secureworks REvil September 2019),stealth,,0.3144872683101898,REvil,T1027.011,Fileless Storage
[RogueRobin](https://attack.mitre.org/software/S0270) can save a new file to the system from the C2 server.(Citation: Unit 42 DarkHydrus July 2018)(Citation: Unit42 DarkHydrus Jan 2019),command-and-control,,0.31300493865906603,RogueRobin,T1105,Ingress Tool Transfer
[Doki](https://attack.mitre.org/software/S0600)’s container was configured to bind the host root directory.(Citation: Intezer Doki July 20),privilege-escalation,,0.31207697019313474,Doki,T1611,Escape to Host
"During the [2025 Poland Wiper Attacks](https://attack.mitre.org/campaigns/C0063), the adversaries observed that their malware was initially detected by the victims EDR solutions, so they modified the payload and attempted to execute the new version within the same day.(Citation: CERT Polska)(Citation: ESET DynoWiper JAN 2026)(Citation: ESET DynoWiper Update JAN 2026)",resource-development,,0.3069118379384613,2025 Poland Wiper Attacks,T1587.001,Malware
"[APT38](https://attack.mitre.org/groups/G0082) have created firewall exemptions on specific ports, including ports 443, 6443, 8443, and 9443.(Citation: CISA AA20-239A BeagleBoyz August 2020)",defense-impairment,,0.3042432696944117,APT38,T1686,Disable or Modify System Firewall
"[Cuckoo Stealer](https://attack.mitre.org/software/S1153) can use osascript to generate a password-stealing prompt, duplicate files and folders, and set environmental variables.(Citation: Kandji Cuckoo April 2024)(Citation: SentinelOne Cuckoo Stealer May 2024)",execution,,0.30367655755486517,Cuckoo Stealer,T1059.002,AppleScript
[SDBbot](https://attack.mitre.org/software/S0461) has the ability to record video on a compromised host.(Citation: Proofpoint TA505 October 2019)(Citation: IBM TA505 April 2020),collection,,0.3023519467320841,SDBbot,T1125,Video Capture
[HermeticWiper](https://attack.mitre.org/software/S0697) can compress 32-bit and 64-bit driver files with the Lempel-Ziv algorithm.(Citation: Symantec Ukraine Wipers February 2022)(Citation: Crowdstrike DriveSlayer February 2022)(Citation: Qualys Hermetic Wiper March 2022),stealth,,0.3010530808452264,HermeticWiper,T1027.015,Compression
[Indrik Spider](https://attack.mitre.org/groups/G0119) used fake updates for FlashPlayer plugin and Google Chrome as initial infection vectors.(Citation: Crowdstrike Indrik November 2018),stealth,,0.2971920853541158,Indrik Spider,T1036.005,Match Legitimate Resource Name or Location
[MirrorFace](https://attack.mitre.org/groups/G1054) has used [ipconfig](https://attack.mitre.org/software/S0100) for reconnaissance.(Citation: JPCERT MirrorFace JUL 2024),discovery,,0.2958953920674773,MirrorFace,T1016,System Network Configuration Discovery
"[APT38](https://attack.mitre.org/groups/G0082) have created firewall exemptions on specific ports, including ports 443, 6443, 8443, and 9443. (Citation: CISA AA20-239A BeagleBoyz August 2020)",defense-impairment,,0.29401107669695375,APT38,T1686.002,Network Device Firewall
[Latrodectus](https://attack.mitre.org/software/S1160) can collect desktop filenames.(Citation: Latrodectus APR 2024)(Citation: Bitsight Latrodectus June 2024)(Citation: Elastic Latrodectus May 2024),discovery,,0.28583124198759313,Latrodectus,T1083,File and Directory Discovery
"In one instance, [menuPass](https://attack.mitre.org/groups/G0045) added [PlugX](https://attack.mitre.org/software/S0013) as a service with a display name of ""Corel Writing Tools Utility.""(Citation: FireEye APT10 April 2017)",stealth,,0.28396231287771123,PlugX,T1036.004,Masquerade Task or Service
"During [Operation Dream Job](https://attack.mitre.org/campaigns/C0022), [Lazarus Group](https://attack.mitre.org/groups/G0032) targeted Windows servers running Internet Information Systems (IIS) to install C2 components.(Citation: McAfee Lazarus Jul 2020)",persistence,,0.28036625541991506,Operation Dream Job,T1505.004,IIS Components
[TONESHELL](https://attack.mitre.org/software/S1239) has the ability to pause operations for a specified duration prior to follow-on execution of activities.(Citation: Zscaler),stealth,,0.27575559180247355,TONESHELL,T1678,Delay Execution
[DustySky](https://attack.mitre.org/software/S0062) searches for removable media and duplicates itself onto it.(Citation: DustySky),initial-access|lateral-movement,,0.27213356269478345,DustySky,T1091,Replication Through Removable Media
"During the [2025 Poland Wiper Attacks](https://attack.mitre.org/campaigns/C0063), the adversaries generated custom script with an LLM.(Citation: CERT Polska)",resource-development,,0.26718408187085924,2025 Poland Wiper Attacks,T1588.007,Artificial Intelligence
[njRAT](https://attack.mitre.org/software/S0385) can browse file systems using a file manager module.(Citation: Fidelis njRAT June 2013),discovery,,0.2628771817079731,njRAT,T1083,File and Directory Discovery
[LazyWiper](https://attack.mitre.org/software/S9039) is believed to have been generated by a large language model (LLM) due to the non-sensical comments in the code.(Citation: CERT Polska),resource-development,,0.26084891734529597,LazyWiper,T1588.007,Artificial Intelligence
[Penquin](https://attack.mitre.org/software/S0587) installs a `TCP` and `UDP` filter on the `eth0` interface.(Citation: Leonardo Turla Penquin May 2020),command-and-control|persistence|stealth,,0.2598265249918049,Penquin,T1205.002,Socket Filters
[Industroyer](https://attack.mitre.org/software/S0604) uses a custom DoS tool that leverages CVE-2015-5374 and targets hardcoded IP addresses of Siemens SIPROTEC devices.(Citation: ESET Industroyer),impact,,0.25742054828597005,Industroyer,T1499.004,Application or System Exploitation
"During the [2025 Poland Wiper Attacks](https://attack.mitre.org/campaigns/C0063), adversaries performed a factory-reset on compromised devices that hampered forensic investigations.(Citation: CERT Polska)",impact,,0.25561893306086314,2025 Poland Wiper Attacks,T1495,Firmware Corruption
"During [Operation Dream Job](https://attack.mitre.org/campaigns/C0022), [Lazarus Group](https://attack.mitre.org/groups/G0032) targeted specific individuals within an organization with tailored job vacancy announcements.(Citation: ClearSky Lazarus Aug 2020)(Citation: ESET Lazarus Jun 2020)",reconnaissance,,0.25336814770583643,Operation Dream Job,T1591.004,Identify Roles
[Dridex](https://attack.mitre.org/software/S0384) contains a module for VNC.(Citation: Dell Dridex Oct 2015),command-and-control,,0.24532252437278826,Dridex,T1219,Remote Access Tools
"[Stuxnet](https://attack.mitre.org/software/S0603) propagates using the MS10-061 Print Spooler and MS08-067 Windows Server Service vulnerabilities.(Citation: Nicolas Falliere, Liam O Murchu, Eric Chien February 2011)",lateral-movement,,0.23671062295099132,Stuxnet,T1210,Exploitation of Remote Services
[APT29](https://attack.mitre.org/groups/G0016) has used the `reg save` command to save registry hives.(Citation: Mandiant APT29 Eye Spy Email Nov 22),credential-access,,0.2313889096067263,APT29,T1003.002,Security Account Manager
"During [Operation Dream Job](https://attack.mitre.org/campaigns/C0022), [Lazarus Group](https://attack.mitre.org/groups/G0032) deployed malware designed not to run on computers set to Korean, Japanese, or Chinese in Windows language preferences.(Citation: ClearSky Lazarus Aug 2020)",discovery,,0.2279872065347471,Operation Dream Job,T1614.001,System Language Discovery
"[FIN13](https://attack.mitre.org/groups/G1016) has observed the victim's software and infrastructure over several months to understand the technical process of legitimate financial transactions, prior to attempting to conduct fraudulent transactions.(Citation: Sygnia Elephant Beetle Jan 2022)",impact,,0.21573611193656925,FIN13,T1657,Financial Theft
[Water Galura](https://attack.mitre.org/groups/G1050) operates a news channel on Telegram to make announcements for the [Qilin](https://attack.mitre.org/software/S1242) RaaS.(Citation: BushidoToken Qilin RaaS JUN 2024),resource-development,,0.21543244992687766,Water Galura,T1585.001,Social Media Accounts
[REvil](https://attack.mitre.org/software/S0496) has the capability to destroy files and folders.(Citation: Kaspersky Sodin July 2019)(Citation: Secureworks GandCrab and REvil September 2019)(Citation: McAfee Sodinokibi October 2019)(Citation: McAfee Sodinokibi October 2019)(Citation: Intel 471 REvil March 2020)(Citation: Picus Sodinokibi January 2020)(Citation: Secureworks REvil September 2019),impact,,0.20516749178732044,REvil,T1485,Data Destruction
[EnvyScout](https://attack.mitre.org/software/S0634) can write files to disk with JavaScript using a modified version of the open-source tool FileSaver.(Citation: MSTIC Nobelium Toolset May 2021),execution,,0.20424131463063117,EnvyScout,T1059.007,JavaScript
[Pacu](https://attack.mitre.org/software/S1091) can create snapshots of EBS volumes and RDS instances.(Citation: GitHub Pacu),defense-impairment,,0.1860220378902832,Pacu,T1578.001,Create Snapshot
