text,true_labels,predicted_labels,missed_labels,extra_labels,largest_decision_margin,source_name,source_type,technique_id,technique_name
APT19 configured its payload to inject into the rundll32.exe.,stealth,privilege-escalation|stealth,,privilege-escalation,3.18636394633209,APT19,intrusion-set,T1218.011,Rundll32
"Pupy can send screenshots files, keylogger data, files, and recorded audio back to the C2 server.",exfiltration,collection|exfiltration,,collection,3.0494204656296917,Pupy,tool,T1041,Exfiltration Over C2 Channel
"LockBit 3.0 can change the Registry values for Group Policy refresh time, to disable SmartScreen, and to disable Windows Defender.",defense-impairment|persistence,defense-impairment,persistence,,2.52976486187531,LockBit 3.0,malware,T1112,Modify Registry
Qilin has been delivered to victims through spearphishing emails with malicious attachments.,execution,initial-access,execution,initial-access,2.3865938882371855,Qilin,malware,T1204.002,Malicious File
Lizar has used the Reflective DLL injection module from Github to inject itself into a process’s memory.,stealth,privilege-escalation|stealth,,privilege-escalation,2.327488263408408,Lizar,malware,T1620,Reflective Code Loading
Grandoreiro can write or modify browser shortcuts to enable launching of malicious browser extensions.,persistence|privilege-escalation,defense-impairment|persistence,privilege-escalation,defense-impairment,2.3039119815023854,Grandoreiro,malware,T1547.009,Shortcut Modification
Latrodectus can set an AutoRun key to establish persistence.,persistence|privilege-escalation,initial-access|persistence|privilege-escalation,,initial-access,2.281365826523257,Latrodectus,malware,T1547.001,Registry Run Keys / Startup Folder
APT29 has gained access to a global administrator account in Azure AD and has used `Service Principal` credentials in Exchange.,initial-access|persistence|privilege-escalation|stealth,credential-access|initial-access|persistence|privilege-escalation|stealth,,credential-access,2.2725900609680503,APT29,intrusion-set,T1078.004,Cloud Accounts
GrimAgent can sleep for 195 - 205 seconds after payload execution and before deleting its task.,discovery|stealth,stealth,discovery,,2.1991450799386927,GrimAgent,malware,T1497.003,Time Based Checks
GRIFFON has used sctasks for persistence.,execution|persistence|privilege-escalation,persistence|privilege-escalation,execution,,2.085990169498964,GRIFFON,malware,T1053.005,Scheduled Task
APT38 has used web shells for persistence or to ensure redundant access.,persistence,persistence|privilege-escalation,,privilege-escalation,2.072421498600308,APT38,intrusion-set,T1505.003,Web Shell
Latrodectus can use the Windows Component Object Model (COM) to set scheduled tasks.,execution,execution|privilege-escalation,,privilege-escalation,2.06890085213701,Latrodectus,malware,T1559.001,Component Object Model
StrelaStealer payloads have used control flow obfuscation techniques such as excessively long code blocks of mathematical instructions to defeat sandboxing and related analysis methods.,discovery|stealth,stealth,discovery,,2.05353899765381,StrelaStealer,malware,T1497,Virtualization/Sandbox Evasion
TEARDROP modified the Registry to create a Windows service for itself on a compromised host.,defense-impairment|persistence,defense-impairment|persistence|privilege-escalation,,privilege-escalation,2.0201233931121516,TEARDROP,malware,T1112,Modify Registry
"During Operation Dream Job, Lazarus Group used tools that conducted a variety of system checks to detect sandboxes or VMware services.",discovery|stealth,discovery,stealth,,1.9961729492358464,Operation Dream Job,campaign,T1497.001,System Checks
Dtrack can remove its persistence and delete itself.,stealth,persistence|stealth,,persistence,1.9467966916144352,Dtrack,malware,T1070.004,File Deletion
FIN13 has created MS-SQL local accounts in a compromised network.,persistence,initial-access|persistence|privilege-escalation,,initial-access|privilege-escalation,1.9326978075766752,FIN13,intrusion-set,T1136.001,Local Account
EXOTIC LILY has relied on victims to open malicious links in e-mails for execution.,initial-access,execution,initial-access,execution,1.9002836930825637,EXOTIC LILY,intrusion-set,T1566.002,Spearphishing Link
Akira uses compromised VPN accounts for initial access to victim networks.,initial-access|persistence,initial-access|persistence|privilege-escalation|stealth,,privilege-escalation|stealth,1.8969326097118375,Akira,intrusion-set,T1133,External Remote Services
RGDoor establishes persistence on webservers as an IIS module.,persistence,persistence|privilege-escalation,,privilege-escalation,1.8857839513263441,RGDoor,malware,T1505.004,IIS Components
ShimRat can hijack the cryptbase.dll within migwiz.exe to escalate privileges and bypass UAC controls.,execution|stealth,privilege-escalation|stealth,execution,privilege-escalation,1.880986044155771,ShimRat,malware,T1574,Hijack Execution Flow
Lateral movement can be done with Net through net use commands to connect to the on remote systems.,lateral-movement,command-and-control|lateral-movement,,command-and-control,1.850871940596139,Net,tool,T1021.002,SMB/Windows Admin Shares
APT38 has used a custom secure delete function to make deleted files unrecoverable.,impact,stealth,impact,stealth,1.821494003139332,APT38,intrusion-set,T1485,Data Destruction
TONESHELL has leveraged custom exception handlers to hide code flow and stop execution of a debugger.,discovery|stealth,stealth,discovery,,1.8210609110185458,TONESHELL,malware,T1622,Debugger Evasion
"During Operation Dream Job, Lazarus Group used tools that collected `GetTickCount` and `GetSystemTimeAsFileTime` data to detect sandbox or VMware services.",discovery|stealth,discovery,stealth,,1.818599860582816,Operation Dream Job,campaign,T1497.003,Time Based Checks
Troll Stealer can enumerate and collect items from local drives and folders.,discovery,collection|discovery,,collection,1.8166657888429758,Troll Stealer,malware,T1083,File and Directory Discovery
Penquin has mimicked the Cron binary to hide itself on compromised systems.,stealth,privilege-escalation|stealth,,privilege-escalation,1.809230444732074,Penquin,malware,T1036.005,Match Legitimate Resource Name or Location
KGH_SPY can send data to C2 with HTTP POST requests.,command-and-control,command-and-control|exfiltration,,exfiltration,1.7884995333850222,KGH_SPY,malware,T1071.001,Web Protocols
UPPERCUT can use a sleep function to delay execution.,stealth,discovery|stealth,,discovery,1.7735788726629835,UPPERCUT,malware,T1678,Delay Execution
Higaisa’s JavaScript file used a legitimate Microsoft Office 2007 package to side-load the OINFO12.OCX dynamic link library.,execution|stealth,execution,stealth,,1.7727738517351703,Higaisa,intrusion-set,T1574.001,DLL
Qilin has pushed a scheduled task via a Group Policy Object for payload execution.,defense-impairment|privilege-escalation,execution|persistence|privilege-escalation,defense-impairment,execution|persistence,1.7714979956449364,Qilin,malware,T1484.001,Group Policy Modification
TrickBot used COM to setup scheduled task for persistence.,execution,execution|persistence|privilege-escalation,,persistence|privilege-escalation,1.7704481470626408,TrickBot,malware,T1559.001,Component Object Model
DOWNIISSA can create an instance of msiexec.exe and inject LODEINFO shellcode into the memory of the process.,stealth,privilege-escalation|stealth,,privilege-escalation,1.75267290692858,DOWNIISSA,malware,T1218.007,Msiexec
"HyperBro has used a legitimate application to sideload a DLL to decrypt, decompress, and run a payload.",execution|stealth,stealth,execution,,1.7487693094709458,HyperBro,malware,T1574.001,DLL
NPPSPY records data entered from the local system logon at Winlogon to capture credentials in cleartext.,collection,collection|credential-access,,credential-access,1.7461273239841897,NPPSPY,tool,T1005,Data from Local System
Spica can archive collected documents for exfiltration.,collection,collection|exfiltration,,exfiltration,1.722882670600547,Spica,malware,T1560,Archive Collected Data
Daggerfly has used strategic website compromise for initial access against victims.,initial-access,initial-access|resource-development,,resource-development,1.7192386351323279,Daggerfly,intrusion-set,T1189,Drive-by Compromise
MirageFox is likely loaded via DLL hijacking into a legitimate McAfee binary.,execution|stealth,stealth,execution,,1.7190857209013435,MirageFox,malware,T1574.001,DLL
Dridex has used the OutputDebugStringW function to avoid malware analysis as part of its anti-debugging technique.,execution,discovery|stealth,execution,discovery|stealth,1.7165906613294035,Dridex,malware,T1106,Native API
GreyEnergy modifies conditions in the Registry and adds keys.,defense-impairment|persistence,defense-impairment|persistence|privilege-escalation,,privilege-escalation,1.7117894589995235,GreyEnergy,malware,T1112,Modify Registry
Gazer stores configuration items in alternate data streams (ADSs) if the Registry is not accessible.,stealth,persistence|stealth,,persistence,1.7080712900291608,Gazer,malware,T1564.004,NTFS File Attributes
LazyWiper can enumerate the hostname of the system to determine if it is a domain controller and exclude it from being wiped if so.,stealth,discovery,stealth,discovery,1.7022476429648,LazyWiper,malware,T1679,Selective Exclusion
Kazuar has used internal nodes on the compromised network for C2 communications.,command-and-control,command-and-control|lateral-movement,,lateral-movement,1.6814220956144417,Kazuar,malware,T1090.001,Internal Proxy
Blue Mockingbird has used JuicyPotato to abuse the SeImpersonate token privilege to escalate from web application pool accounts to NT Authority\SYSTEM.,privilege-escalation|stealth,persistence|privilege-escalation|stealth,,persistence,1.6663554002530128,Blue Mockingbird,intrusion-set,T1134,Access Token Manipulation
RogueRobin created a shortcut in the Windows startup folder to launch a PowerShell script each time the user logs in to establish persistence.,persistence|privilege-escalation,execution|persistence|privilege-escalation,,execution,1.6607401213019597,RogueRobin,malware,T1547.001,Registry Run Keys / Startup Folder
Spica can use an obfuscated PowerShell command to create a scheduled task for persistence.,execution,execution|persistence|privilege-escalation,,persistence|privilege-escalation,1.6556023504527055,Spica,malware,T1059.001,PowerShell
"SMOKEDHAM has modified registry keys for persistence, to enable credential caching for credential access, and to facilitate lateral movement via RDP.",defense-impairment|persistence,credential-access|defense-impairment|persistence,,credential-access,1.6411028607588458,SMOKEDHAM,malware,T1112,Modify Registry
P8RAT can check for specific processes associated with virtual environments.,discovery,discovery|stealth,,stealth,1.6359488480119109,P8RAT,malware,T1057,Process Discovery
MirrorFace has used a tool named MRSAStealer as a password filter to collect credentials on password changes.,credential-access|defense-impairment|persistence,credential-access,defense-impairment|persistence,,1.6351015362785468,MirrorFace,intrusion-set,T1556.002,Password Filter DLL
Indrik Spider has created local system accounts and has added the accounts to privileged groups.,persistence,persistence|privilege-escalation,,privilege-escalation,1.6085041142559893,Indrik Spider,intrusion-set,T1136.001,Local Account
Stuxnet used MS10-073 and an undisclosed Task Scheduler vulnerability to escalate privileges on local Windows machines.,privilege-escalation,persistence|privilege-escalation,,persistence,1.5754630830250003,Stuxnet,malware,T1068,Exploitation for Privilege Escalation
Latrodectus can delete itself while its process is still running through the use of an alternate data stream.,stealth,privilege-escalation|stealth,,privilege-escalation,1.5380951177418847,Latrodectus,malware,T1564.004,NTFS File Attributes
TONESHELL has injected its malicious payload into a running process through Windows utility Microsoft Application Virtualization Injector `MAVInject.exe`.,stealth,privilege-escalation|stealth,,privilege-escalation,1.5315465605468475,TONESHELL,malware,T1218.013,Mavinject
SharpDisco has the ability to transfer data between SMB shares.,command-and-control,lateral-movement,command-and-control,lateral-movement,1.530474438385368,SharpDisco,malware,T1071.002,File Transfer Protocols
SideCopy has executed malware by calling the API function `CreateProcessW`.,execution,execution|stealth,,stealth,1.5198819904508176,SideCopy,intrusion-set,T1106,Native API
LockBit 2.0 can create Registry keys to bypass UAC and for persistence.,defense-impairment|persistence,defense-impairment|persistence|privilege-escalation,,privilege-escalation,1.5093247543081174,LockBit 2.0,malware,T1112,Modify Registry
"OopsIE checks for information on the CPU fan, temperature, mouse, hard disk, and motherboard as part of its anti-VM checks.",discovery,discovery|stealth,,stealth,1.504644381623395,OopsIE,malware,T1082,System Information Discovery
Axiom has used previously compromised administrative accounts to escalate privileges.,initial-access|persistence|privilege-escalation|stealth,persistence|privilege-escalation|stealth,initial-access,,1.4882764156197874,Axiom,intrusion-set,T1078,Valid Accounts
FIN13 has leveraged default credentials for authenticating myWebMethods (WMS) and QLogic web management interface to gain initial access.,initial-access|persistence|privilege-escalation|stealth,credential-access|initial-access|persistence|privilege-escalation|stealth,,credential-access,1.4853360605995602,FIN13,intrusion-set,T1078.001,Default Accounts
StrelaStealer variants have included excessive mathematical functions padding the binary and slowing execution for anti-analysis and sandbox evasion purposes.,stealth,discovery|stealth,,discovery,1.479702639761386,StrelaStealer,malware,T1027.016,Junk Code Insertion
APT29 has used a compromised global administrator account in Azure AD to backdoor a service principal with `ApplicationImpersonation` rights to start collecting emails from targeted mailboxes; APT29 has also used compromised accounts holding `ApplicationImpersonation` rights in Exchange to collect emails.,persistence|privilege-escalation,initial-access|persistence|privilege-escalation|stealth,,initial-access|stealth,1.4668629149035457,APT29,intrusion-set,T1098.002,Additional Email Delegate Permissions
Embargo has modified the Windows Registry to start a custom service named irnagentd in Safe Mode.,persistence|privilege-escalation,defense-impairment|persistence,privilege-escalation,defense-impairment,1.4587260319663717,Embargo,malware,T1547.001,Registry Run Keys / Startup Folder
"Emotet has obfuscated macros within malicious documents to hide the URLs hosting the malware, CMD.exe arguments, and PowerShell scripts.",stealth,execution|stealth,,execution,1.4216322895067561,Emotet,malware,T1027.010,Command Obfuscation
njRAT can read specific registry values.,discovery,discovery|persistence,,persistence,1.4212978387235884,njRAT,malware,T1012,Query Registry
"RogueRobin gathers BIOS versions and manufacturers, the number of CPU cores, the total physical memory, and the computer name.",discovery,discovery|stealth,,stealth,1.4017463856136843,RogueRobin,malware,T1082,System Information Discovery
DOWNIISSA can use the `URLDownloadToFileA()` API to download from remote resources.,execution,command-and-control|execution,,command-and-control,1.3970714155467032,DOWNIISSA,malware,T1106,Native API
Crutch has established persistence with a scheduled task impersonating the Outlook item finder.,stealth,persistence|privilege-escalation,stealth,persistence|privilege-escalation,1.394339591213571,Crutch,malware,T1036.004,Masquerade Task or Service
NETWIRE can automatically archive collected data.,collection,collection|exfiltration,,exfiltration,1.3767183759387747,NETWIRE,malware,T1119,Automated Collection
WastedLocker checked if UCOMIEnumConnections and IActiveScriptParseProcedure32 Registry keys were detected as part of its anti-analysis technique.,discovery|stealth,discovery,stealth,,1.3669301525045148,WastedLocker,malware,T1497.001,System Checks
"During RedPenguin, UNC3886 used malware to clear the `HISTFILE` environmental variable and to inject into Junos OS processes to inhibit logging.",defense-impairment,defense-impairment|stealth,,stealth,1.364081232242439,RedPenguin,campaign,T1690,Prevent Command History Logging
LockBit 3.0 can delete log files on targeted systems.,defense-impairment,impact|stealth,defense-impairment,impact|stealth,1.3578470918127885,LockBit 3.0,malware,T1685.005,Clear Windows Event Logs
UBoatRAT takes advantage of the /SetNotifyCmdLine option in BITSAdmin to ensure it stays running on a system to maintain persistence.,execution|persistence|stealth,persistence,execution|stealth,,1.3490405071975544,UBoatRAT,malware,T1197,BITS Jobs
AADInternals can inject a malicious DLL (`PTASpy`) into the `AzureADConnectAuthenticationAgentService` to backdoor Azure AD Pass-Through Authentication.,credential-access|defense-impairment|persistence,persistence|privilege-escalation|stealth,credential-access|defense-impairment,privilege-escalation|stealth,1.3434142080665548,AADInternals,tool,T1556.007,Hybrid Identity
MgBot includes modules for stealing stored credentials from Outlook and Foxmail email client software.,credential-access,collection|credential-access,,collection,1.342002758532699,MgBot,malware,T1555,Credentials from Password Stores
Gazer can establish persistence by creating a .lnk file in the Start menu or by modifying existing .lnk files to execute the malware through cmd.exe.,persistence|privilege-escalation,execution|persistence|privilege-escalation,,execution,1.338044374036476,Gazer,malware,T1547.009,Shortcut Modification
DustySky can compress files via RAR while staging data to be exfiltrated.,collection,collection|exfiltration,,exfiltration,1.3365364825801196,DustySky,malware,T1560.001,Archive via Utility
Pupy can compress data with Zip before sending it over C2.,collection,collection|command-and-control,,command-and-control,1.3239855465443342,Pupy,tool,T1560.001,Archive via Utility
"During Operation AkaiRyū, MirrorFace used MSBuild to compile and execute its FaceXInjector injection tool.",execution|stealth,privilege-escalation|stealth,execution,privilege-escalation,1.3226062181729838,Operation AkaiRyū,campaign,T1127.001,MSBuild
"StrelaStealer has used a renamed, legitimate `msinfo32.exe` executable to sideload the StrelaStealer payload during initial installation.",stealth,execution|stealth,,execution,1.3213615527918514,StrelaStealer,malware,T1036.003,Rename Legitimate Utilities
"During Operation AkaiRyū, MirrorFace disguised LNK and SFX (self-extracting) files as Word documents to lure victims into opening malicious files.",stealth,execution|stealth,,execution,1.3203928460183247,Operation AkaiRyū,campaign,T1036.008,Masquerade File Type
MultiLayer Wiper uses a batch script launched via a scheduled task to delete Windows Event Logs.,execution,defense-impairment|execution,,defense-impairment,1.3202551710748338,MultiLayer Wiper,malware,T1059.003,Windows Command Shell
Kazuar can overwrite files with random data before deleting them.,impact,impact|stealth,,stealth,1.3201595531018486,Kazuar,malware,T1485,Data Destruction
AshTag can use a set sleep time to delay C2 beaconing.,stealth,discovery|stealth,,discovery,1.3145217290112536,AshTag,malware,T1678,Delay Execution
TEARDROP checked that HKU\SOFTWARE\Microsoft\CTF existed before decoding its embedded payload.,discovery,discovery|stealth,,stealth,1.311436650594225,TEARDROP,malware,T1012,Query Registry
Empire can use New-GPOImmediateTask to modify a GPO that will install and execute a malicious Scheduled Task/Job.,defense-impairment|privilege-escalation,execution|persistence|privilege-escalation,defense-impairment,execution|persistence,1.3052676630962599,Empire,tool,T1484.001,Group Policy Modification
AADInternals can check for the existence of user email addresses using public Microsoft APIs.,reconnaissance,discovery,reconnaissance,discovery,1.3011315229062381,AADInternals,tool,T1589.002,Email Addresses
Koadic can use mshta to serve additional payloads and to help schedule tasks for persistence.,stealth,execution|persistence|privilege-escalation,stealth,execution|persistence|privilege-escalation,1.2922069936117888,Koadic,tool,T1218.005,Mshta
njRAT has executed PowerShell commands via auto-run registry key persistence.,execution,execution|persistence|privilege-escalation,,persistence|privilege-escalation,1.29094044996398,njRAT,malware,T1059.001,PowerShell
StoneDrill has looked in the registry to find the default browser path.,discovery,discovery|persistence,,persistence,1.2827408530182085,StoneDrill,malware,T1012,Query Registry
ShimRatReporter sent generated reports to the C2 via HTTP POST requests.,exfiltration,command-and-control|exfiltration,,command-and-control,1.2824082320689203,ShimRatReporter,tool,T1041,Exfiltration Over C2 Channel
PAKLOG has used Windows API `SetWindowsHookExW` with `idHook` set to `WH_KEYBOARD_LL` and a custom hook procedure to support its keylogging functions.,execution,collection|credential-access,execution,collection|credential-access,1.2804599771356666,PAKLOG,malware,T1106,Native API
Stuxnet searches the Registry for indicators of security programs.,discovery,defense-impairment|discovery,,defense-impairment,1.2738223311131032,Stuxnet,malware,T1012,Query Registry
AshTag can check geolocation on targeted systems.,discovery,discovery|stealth,,stealth,1.2632168859368789,AshTag,malware,T1614,System Location Discovery
Pysa has extracted credentials from the password database before encrypting the files.,credential-access,collection|credential-access,,collection,1.2623267224660288,Pysa,malware,T1552.001,Credentials In Files
FIN13 has used the PowerShell utility `Invoke-SMBExec` to execute the pass the hash method for lateral movement within an compromised environment.,lateral-movement,execution|lateral-movement,,execution,1.255668221753473,FIN13,intrusion-set,T1550.002,Pass the Hash
Koadic can download files off the target system to send back to the server.,collection,command-and-control,collection,command-and-control,1.255157874878356,Koadic,tool,T1005,Data from Local System
"GRIFFON has used a persistence module that stores the implant inside the Registry, which executes at logon.",persistence|privilege-escalation,persistence,privilege-escalation,,1.2518227976253764,GRIFFON,malware,T1547.001,Registry Run Keys / Startup Folder
BADNEWS typically loads its DLL file into a legitimate signed Java or VMware executable.,execution|stealth,stealth,execution,,1.2514910040336322,BADNEWS,malware,T1574.001,DLL
Peppy can identify specific files for exfiltration.,discovery,discovery|exfiltration,,exfiltration,1.2420961804092236,Peppy,malware,T1083,File and Directory Discovery
APT29 used Kerberos ticket attacks for lateral movement.,lateral-movement,credential-access|lateral-movement,,credential-access,1.239637643605009,APT29,intrusion-set,T1550.003,Pass the Ticket
LAPSUS$ has used compromised credentials to access cloud assets within a target organization.,initial-access|persistence|privilege-escalation|stealth,initial-access|lateral-movement|persistence|privilege-escalation|stealth,,lateral-movement,1.23493004152244,LAPSUS$,intrusion-set,T1078.004,Cloud Accounts
Higaisa used HTTP and HTTPS to send data back to its C2 server.,command-and-control,command-and-control|exfiltration,,exfiltration,1.2313124767317518,Higaisa,intrusion-set,T1071.001,Web Protocols
"Dridex can perform browser attacks via web injects to steal information such as credentials, certificates, and cookies.",collection,credential-access,collection,credential-access,1.2275349074959963,Dridex,malware,T1185,Browser Session Hijacking
LAMEHUG has the ability to collect system information and files of interest from compromised systems.,collection,collection|discovery,,discovery,1.225306768312591,LAMEHUG,malware,T1005,Data from Local System
WastedLocker has performed DLL hijacking before execution.,execution|stealth,stealth,execution,,1.2163252663009483,WastedLocker,malware,T1574.001,DLL
UPPERCUT can upload files to the C2 from infected machines.,collection,collection|command-and-control,,command-and-control,1.2144469052072684,UPPERCUT,malware,T1005,Data from Local System
SideCopy has sent Microsoft Office Publisher documents to victims that have embedded malicious macros that execute an hta file via calling `mshta.exe`.,execution,stealth,execution,stealth,1.2125055568489451,SideCopy,intrusion-set,T1059.005,Visual Basic
"For Operation Dream Job, Lazarus Group compromised domains in Italy and other countries for their C2 infrastructure.",resource-development,command-and-control|resource-development,,command-and-control,1.2084281685236995,Operation Dream Job,campaign,T1584.001,Domains
Spica has created a scheduled task named `CalendarChecker` for persistence on compromised hosts.,stealth,execution|persistence|privilege-escalation,stealth,execution|persistence|privilege-escalation,1.1990091614541776,Spica,malware,T1036.004,Masquerade Task or Service
WastedLocker can modify registry values within the Software\Microsoft\Windows\CurrentVersion\Internet Settings\ZoneMap registry key.,defense-impairment|persistence,defense-impairment|discovery|persistence,,discovery,1.195850205700445,WastedLocker,malware,T1112,Modify Registry
Cuckoo Stealer can capture files from a targeted user's keychain directory.,credential-access,collection,credential-access,collection,1.192044247959834,Cuckoo Stealer,malware,T1555.001,Keychain
APT29 has used spearphishing with a link to trick victims into clicking on a link to a zip file containing malicious files.,initial-access,execution,initial-access,execution,1.184999558689487,APT29,intrusion-set,T1566.002,Spearphishing Link
Axiom has used steganography to hide its C2 communications.,command-and-control,command-and-control|stealth,,stealth,1.1775005814070334,Axiom,intrusion-set,T1001.002,Steganography
EnvyScout has used folder icons for malicious files to lure victims into opening them.,stealth,execution,stealth,execution,1.1765627125662452,EnvyScout,malware,T1036,Masquerading
Lokibot has modified the Registry as part of its UAC bypass process.,defense-impairment|persistence,defense-impairment|persistence|privilege-escalation,,privilege-escalation,1.1730776858924545,Lokibot,malware,T1112,Modify Registry
OLDBAIT obfuscates internal strings and unpacks them at startup.,stealth,privilege-escalation|stealth,,privilege-escalation,1.1675685544355203,OLDBAIT,malware,T1027,Obfuscated Files or Information
APT29 has used a compromised account to access an organization's VPN infrastructure.,initial-access|persistence|privilege-escalation|stealth,initial-access|persistence|privilege-escalation,stealth,,1.1659498841135163,APT29,intrusion-set,T1078,Valid Accounts
Pillowmint can iterate through running processes every six seconds collecting a list of processes to capture from later.,discovery,collection|discovery,,collection,1.1583282497684029,Pillowmint,malware,T1057,Process Discovery
"Playcrypt can avoid encrypting files with a .PLAY, .exe, .msi, .dll, .lnk, or .sys file extension.",discovery,stealth,discovery,stealth,1.154210105159737,Playcrypt,malware,T1083,File and Directory Discovery
"During Operation AkaiRyū, MirrorFace exported Chrome web data including contact information, keywords, autofill data, and stored credit card information.",discovery,collection,discovery,collection,1.1519249613381186,Operation AkaiRyū,campaign,T1217,Browser Information Discovery
njRAT has used AutoIt to compile the payload and main script into a single executable after delivery.,stealth,execution|stealth,,execution,1.1502648738574297,njRAT,malware,T1027.004,Compile After Delivery
TrickBot has used Nt* Native API functions to inject code into legitimate processes such as wermgr.exe .,privilege-escalation|stealth,execution|privilege-escalation|stealth,,execution,1.1472052880754506,TrickBot,malware,T1055,Process Injection
KGH_SPY can send a file containing victim system information to C2.,collection,discovery|exfiltration,collection,discovery|exfiltration,1.1466616711841098,KGH_SPY,malware,T1005,Data from Local System
FIN6 has used encoded PowerShell commands.,stealth,execution|stealth,,execution,1.1461986971449196,FIN6,intrusion-set,T1027.010,Command Obfuscation
Latrodectus has routed C2 traffic using Keyhole VNC.,lateral-movement,command-and-control,lateral-movement,command-and-control,1.143819722128805,Latrodectus,malware,T1021.005,VNC
BlackByte Ransomware modifies the victim Registry to prevent system recovery.,defense-impairment|persistence,defense-impairment|impact|persistence,,impact,1.1420524690944296,BlackByte Ransomware,malware,T1112,Modify Registry
Hi-Zor executes using regsvr32.exe called from the Registry Run Keys / Startup Folder persistence mechanism.,stealth,persistence|privilege-escalation|stealth,,persistence|privilege-escalation,1.1420245929603532,Hi-Zor,malware,T1218.010,Regsvr32
FIN13 has injected fraudulent transactions into compromised networks that mimic legitimate behavior to siphon off incremental amounts of money.,impact,privilege-escalation|stealth,impact,privilege-escalation|stealth,1.1405938909210833,FIN13,intrusion-set,T1565,Data Manipulation
"Rising Sun can enumerate information about files from the infected system, including file size, attributes, creation time, last access time, and write time. Rising Sun can enumerate the compilation timestamp of Windows executable files.",discovery,discovery|stealth,,stealth,1.1367464372894198,Rising Sun,malware,T1083,File and Directory Discovery
Qilin can check `HKEY_LOCAL_MACHINE\System\CurrentControlSet\Control SystemStartOptions` to determine if a machine is running in safe mode.,discovery,defense-impairment|discovery,,defense-impairment,1.1364198693320042,Qilin,malware,T1012,Query Registry
"One variant of BlackEnergy locates existing driver services that have been disabled and drops its driver component into one of those service's paths, replacing the legitimate executable. The malware then sets the hijacked service to start automatically to establish persistence.",execution|stealth,persistence|privilege-escalation|stealth,execution,persistence|privilege-escalation,1.1362081813863334,BlackEnergy,malware,T1574.010,Services File Permissions Weakness
RogueRobin uses various WMI queries to check if the sample is running in a sandbox.,execution,discovery,execution,discovery,1.1299577649772852,RogueRobin,malware,T1047,Windows Management Instrumentation
LockBit 3.0 can attempt a CMSTP UAC bypass if it does not have administrative privileges.,stealth,privilege-escalation,stealth,privilege-escalation,1.128752631308048,LockBit 3.0,malware,T1218.003,CMSTP
OilBooster has the ability to execute shell commands and exfiltrate the results.,execution,execution|exfiltration,,exfiltration,1.12538057969262,OilBooster,malware,T1059.003,Windows Command Shell
Lokibot has the ability to copy itself to a hidden file and directory.,stealth,lateral-movement|stealth,,lateral-movement,1.1179347069913046,Lokibot,malware,T1564.001,Hidden Files and Directories
Diskpart can be used to delete a partition or a volume. Diskpart can also be used to remove all partitions or volume formatting from the selected disk.,impact,impact|stealth,,stealth,1.1172417389704528,Diskpart,tool,T1561.002,Disk Structure Wipe
NETWIRE can capture session logon details from a compromised host.,discovery,collection|credential-access,discovery,collection|credential-access,1.1129442155807672,NETWIRE,malware,T1049,System Network Connections Discovery
Pysa has the capability to stop antivirus services and disable Windows Defender.,defense-impairment,defense-impairment|impact,,impact,1.111238695264063,Pysa,malware,T1685,Disable or Modify Tools
KEYMARBLE has the capability to delete files off the victim’s machine.,stealth,impact|stealth,,impact,1.1101386614715547,KEYMARBLE,malware,T1070.004,File Deletion
LAPSUS$ has created global admin accounts in the targeted organization's cloud instances to gain persistence.,persistence,initial-access|persistence|privilege-escalation,,initial-access|privilege-escalation,1.1083431130680155,LAPSUS$,intrusion-set,T1136.003,Cloud Account
Troll Stealer can collect local system information.,discovery,collection|discovery,,collection,1.1019616964591368,Troll Stealer,malware,T1082,System Information Discovery
WastedLocker can perform a UAC bypass if it is not executed with administrator rights or if the infected host runs Windows Vista or later.,privilege-escalation,privilege-escalation|stealth,,stealth,1.095413555139416,WastedLocker,malware,T1548.002,Bypass User Account Control
APT33 has used base64 to encode payloads.,stealth,command-and-control|stealth,,command-and-control,1.0953586509601594,APT33,intrusion-set,T1027.013,Encrypted/Encoded File
HAWKBALL has used an OLE object that uses Equation Editor to drop the embedded shellcode.,execution,execution|stealth,,stealth,1.0919842235554356,HAWKBALL,malware,T1559.002,Dynamic Data Exchange
Stuxnet used WMI with an explorer.exe token to execute on a remote share.,execution,execution|privilege-escalation|stealth,,privilege-escalation|stealth,1.0791990308657713,Stuxnet,malware,T1047,Windows Management Instrumentation
"APT-C-36 has used a macro function to set scheduled tasks, disguised as those used by Google.",execution|persistence|privilege-escalation,execution|persistence,privilege-escalation,,1.0757879231619603,APT-C-36,intrusion-set,T1053.005,Scheduled Task
"For Operation Spalax, the threat actors used a variety of packers and droppers to decrypt malicious payloads.",stealth,resource-development|stealth,,resource-development,1.0745360256428884,Operation Spalax,campaign,T1140,Deobfuscate/Decode Files or Information
LockBit 2.0 can bypass UAC through creating the Registry key `HKEY_LOCAL_MACHINE\SOFTWARE\WOW6432Node\Microsoft\Windows NT\CurrentVersion\ICM\Calibration`.,privilege-escalation,defense-impairment|persistence|privilege-escalation,,defense-impairment|persistence,1.070639995667558,LockBit 2.0,malware,T1548.002,Bypass User Account Control
DarkTortilla can download a keylogging module.,collection|credential-access,collection|command-and-control|credential-access,,command-and-control,1.0664466384803004,DarkTortilla,malware,T1056.001,Keylogging
Koadic has used PowerShell to establish persistence.,execution,execution|persistence|privilege-escalation,,persistence|privilege-escalation,1.0652849291982371,Koadic,tool,T1059.001,PowerShell
DarkTortilla has used the `WshShortcut` COM object to create a .lnk shortcut file in the Windows startup folder.,execution,persistence|privilege-escalation,execution,persistence|privilege-escalation,1.0646077188752914,DarkTortilla,malware,T1559.001,Component Object Model
"During RedPenguin, UNC3886 used rootkits such as REPTILE and MEDUSA.",stealth,resource-development|stealth,,resource-development,1.062717805754481,RedPenguin,campaign,T1014,Rootkit
"Indrik Spider has downloaded tools, such as the Advanced Port Scanner utility and Lansweeper, to conduct internal reconnaissance of the victim network. Indrik Spider has also accessed the victim’s VMware VCenter, which had information about host configuration, clusters, etc.",reconnaissance,discovery,reconnaissance,discovery,1.058853977036999,Indrik Spider,intrusion-set,T1590,Gather Victim Network Information
SMOKEDHAM has modified the Registry to hide created user accounts from the Windows logon screen.,stealth,defense-impairment|persistence|stealth,,defense-impairment|persistence,1.0500587193022424,SMOKEDHAM,malware,T1564.002,Hidden Users
"BADNEWS identifies files with certain extensions from USB devices, then copies them to a predefined directory.",discovery,collection,discovery,collection,1.049522678527993,BADNEWS,malware,T1083,File and Directory Discovery
APT38 has used the legitimate application `ieinstal.exe` to bypass UAC.,privilege-escalation,privilege-escalation|stealth,,stealth,1.045036441941415,APT38,intrusion-set,T1548.002,Bypass User Account Control
LAPSUS$ has searched a victim's network for collaboration platforms like Confluence and JIRA to discover further high-privilege account credentials.,collection,discovery,collection,discovery,1.0441567617297012,LAPSUS$,intrusion-set,T1213.001,Confluence
"Winnti for Linux has used a modified copy of the open-source userland rootkit Azazel, named libxselinux.so, to hide the malware's operations and network activity.",stealth,resource-development|stealth,,resource-development,1.0427790175985439,Winnti for Linux,malware,T1014,Rootkit
UPSTYLE creates a `.pth` file beginning with the text `import` so that any time another process or script attempts to reference the modified item the malicious code will also run.,persistence|privilege-escalation,privilege-escalation|stealth,persistence,stealth,1.0426853954628645,UPSTYLE,malware,T1546,Event Triggered Execution
PureCrypter can execute a PowerShell command to self-delete.,stealth,execution|stealth,,execution,1.040636829742197,PureCrypter,malware,T1070.004,File Deletion
Pillowmint has collected credit card data using native API functions.,collection,collection|execution,,execution,1.0270423667118957,Pillowmint,malware,T1005,Data from Local System
LAPSUS$ has searched a victim's network for collaboration platforms like SharePoint to discover further high-privilege account credentials.,collection,discovery,collection,discovery,1.0218603621235132,LAPSUS$,intrusion-set,T1213.002,Sharepoint
AADInternals can be used to forge Kerberos tickets using the password hash of the AZUREADSSOACC account.,credential-access,lateral-movement,credential-access,lateral-movement,1.0202727476701297,AADInternals,tool,T1558.002,Silver Ticket
Latrodectus can send RC4 encrypted data over C2 channels.,command-and-control,command-and-control|exfiltration,,exfiltration,1.0174028324863287,Latrodectus,malware,T1573.001,Symmetric Cryptography
"Pupy can use an add on feature when creating payloads that allows you to create custom Python scripts (“scriptlets”) to perform tasks offline (without requiring a session) such as sandbox detection, adding persistence, etc.",execution,execution|persistence,,persistence,1.0158073861687984,Pupy,tool,T1059.006,Python
PlugX has leveraged an initial executable disguised as a legitimate document to trick the target into opening it.,execution,execution|stealth,,stealth,1.0155325443013035,PlugX,malware,T1204.002,Malicious File
Dtrack can collect a variety of information from victim machines.,collection,collection|discovery,,discovery,1.014914327110354,Dtrack,malware,T1005,Data from Local System
"Cuckoo Stealer can send information about the targeted system to C2 including captured passwords, OS build, hostname, and username.",exfiltration,discovery,exfiltration,discovery,1.0143697025042662,Cuckoo Stealer,malware,T1041,Exfiltration Over C2 Channel
Indrik Spider has purchased access to victim VPNs to facilitate access to victim environments.,resource-development,initial-access|persistence,resource-development,initial-access|persistence,1.0137559870090005,Indrik Spider,intrusion-set,T1583,Acquire Infrastructure
LockBit 2.0 can execute command line arguments in a hidden window.,stealth,execution|stealth,,execution,1.0129537556144046,LockBit 2.0,malware,T1564.003,Hidden Window
Stuxnet can propagate via removable media using an autorun.inf file or the CVE-2010-2568 LNK vulnerability.,initial-access|lateral-movement,initial-access|lateral-movement|privilege-escalation,,privilege-escalation,1.0126797247865529,Stuxnet,malware,T1091,Replication Through Removable Media
"APT33 has used a variety of publicly available tools like LaZagne, Mimikatz, and ProcDump to dump credentials.",credential-access,credential-access|resource-development,,resource-development,1.0062239880221848,APT33,intrusion-set,T1003.001,LSASS Memory
PureCrypter can execute PowerShell commands to exclude files from EDR and to self-delete.,execution,execution|stealth,,stealth,1.001038485187986,PureCrypter,malware,T1059.001,PowerShell
KillDisk loads and executes functions from a DLL.,execution,execution|stealth,,stealth,1.0004739924686605,KillDisk,malware,T1129,Shared Modules
FIN13 has utilized custom malware to maintain persistence in a compromised environment.,resource-development,persistence,resource-development,persistence,0.9984396686614507,FIN13,intrusion-set,T1587.001,Malware
PlugX can identify removable media attached to compromised hosts.,discovery,discovery|initial-access,,initial-access,0.9956055793327324,PlugX,malware,T1120,Peripheral Device Discovery
T9000 searches through connected drives for removable storage devices.,discovery,discovery|lateral-movement,,lateral-movement,0.9948126339022946,T9000,malware,T1120,Peripheral Device Discovery
Kazuar obtains a list of running processes through WMI querying.,execution,discovery,execution,discovery,0.9905792241964101,Kazuar,malware,T1047,Windows Management Instrumentation
Kapeka will clear registry values used for persistent configuration storage when uninstalled.,stealth,defense-impairment|persistence|stealth,,defense-impairment|persistence,0.9840706055418327,Kapeka,malware,T1070.009,Clear Persistence
FIN6 has used kill.bat script to disable security tools.,execution,defense-impairment,execution,defense-impairment,0.9837194643081637,FIN6,intrusion-set,T1059.003,Windows Command Shell
HermeticWiper has the ability to set the `HKLM:\SYSTEM\\CurrentControlSet\\Control\\CrashControl\CrashDumpEnabled` Registry key to `0` in order to disable crash dumps.,defense-impairment,defense-impairment|persistence,,persistence,0.9807510670556914,HermeticWiper,malware,T1685,Disable or Modify Tools
PlugX has leveraged a mutex in its infection process.,stealth,execution|stealth,,execution,0.9785372834255075,PlugX,malware,T1480.002,Mutual Exclusion
TA551 has used obfuscated variable names in a JavaScript configuration file.,stealth,execution|stealth,,execution,0.9672823264484585,TA551,intrusion-set,T1027.010,Command Obfuscation
APT38 has used DYEPACK.FOX to manipulate PDF data as it is accessed to remove traces of fraudulent SWIFT transactions from the data displayed to the end user.,impact,stealth,impact,stealth,0.9650040786381593,APT38,intrusion-set,T1565.003,Runtime Data Manipulation
"Winnti for Linux has used a passive listener, capable of identifying a specific magic value before executing tasking, as a secondary command and control (C2) mechanism.",command-and-control|persistence|stealth,command-and-control,persistence|stealth,,0.9603698997370028,Winnti for Linux,malware,T1205,Traffic Signaling
Troll Stealer gathers information from infected systems such as SSH information from the victim's `.ssh` directory. Troll Stealer collects information from local FileZilla installations and Microsoft Sticky Note.,collection,collection|discovery,,discovery,0.9540203386449653,Troll Stealer,malware,T1005,Data from Local System
Latrodectus has been obfuscated with a 129 byte sequence of junk data prepended to the file.,stealth,command-and-control|stealth,,command-and-control,0.9534469280763647,Latrodectus,malware,T1027.001,Binary Padding
Downdelph uses search order hijacking of the Windows executable sysprep.exe to escalate privileges.,execution|stealth,stealth,execution,,0.952769001421214,Downdelph,malware,T1574.001,DLL
Doki was executed through an open Docker daemon API port.,initial-access|persistence,execution|persistence,initial-access,execution,0.9526730153747729,Doki,malware,T1133,External Remote Services
UPPERCUT has the capability to gather the victim's current directory.,discovery,collection|discovery,,collection,0.9485220027195339,UPPERCUT,malware,T1083,File and Directory Discovery
"StrelaStealer enumerates the registry key `HKCU\SOFTWARE\Microsoft\Office\16.0\Outlook\Profiles\Outlook\9375CFF0413111d3B88A00104B2A6676\` to identify the values for ""IMAP User,"" ""IMAP Server,"" and ""IMAP Password"" associated with the Outlook email application.",credential-access,discovery,credential-access,discovery,0.9423163782790115,StrelaStealer,malware,T1552.002,Credentials in Registry
Daggerfly created code signing certificates to sign malicious macOS files.,resource-development,defense-impairment|resource-development,,defense-impairment,0.9408118566660266,Daggerfly,intrusion-set,T1587.002,Code Signing Certificates
"LockBit 2.0 has been observed creating accounts for persistence using simple names like ""a"".",persistence,persistence|privilege-escalation,,privilege-escalation,0.9392621371667107,LockBit 2.0,malware,T1136,Create Account
Stuxnet can propagate via peer-to-peer communication and updates using RPC.,lateral-movement,command-and-control,lateral-movement,command-and-control,0.9377748440943533,Stuxnet,malware,T1021,Remote Services
Crutch can exfiltrate files from compromised systems.,collection,collection|exfiltration,,exfiltration,0.9335104166617338,Crutch,malware,T1005,Data from Local System
DarkTortilla can detect profilers by verifying the `COR_ENABLE_PROFILING` environment variable is present and active.,execution|stealth,discovery,execution|stealth,discovery,0.9329010991998393,DarkTortilla,malware,T1574.012,COR_PROFILER
Cuckoo Stealer can achieve persistence by creating launch agents to repeatedly execute malicious payloads.,persistence|privilege-escalation,execution|persistence|privilege-escalation,,execution,0.9295046421272752,Cuckoo Stealer,malware,T1543.001,Launch Agent
"BPFDoor uses BPF bytecode to attach a filter to a network socket to view ICMP, UDP, or TCP packets coming through ports 22 (ssh), 80 (http), and 443 (https). When BPFDoor finds a packet containing its “magic” bytes, it parses out two fields and forks itself. The parent process continues to monitor filtered traffic while the child process executes the instructions from the parsed fields.",command-and-control|persistence|stealth,command-and-control|persistence,stealth,,0.92896974727966,BPFDoor,malware,T1205.002,Socket Filters
LAMEHUG can use HTTP POST requests to exfiltrate data from compromised hosts to C2.,command-and-control,command-and-control|exfiltration,,exfiltration,0.9240565816757192,LAMEHUG,malware,T1071.001,Web Protocols
Variants of Emissary have used rundll32.exe in Registry values added to establish persistence.,stealth,persistence|stealth,,persistence,0.9201846740580677,Emissary,malware,T1218.011,Rundll32
APT29 can create new users through Azure AD.,persistence,persistence|privilege-escalation,,privilege-escalation,0.9196500763413218,APT29,intrusion-set,T1136.003,Cloud Account
"SUNSPOT created a copy of the SolarWinds Orion software source file with a .bk extension to backup the original content, wrote SUNBURST using the same filename but with a .tmp extension, and then moved SUNBURST using MoveFileEx to the original filename with a .cs extension so it could be compiled within Orion software.",impact,stealth,impact,stealth,0.9171914487594097,SUNSPOT,malware,T1565.001,Stored Data Manipulation
Qilin has the ability to delay execution.,stealth,discovery|stealth,,discovery,0.9149348874539321,Qilin,malware,T1678,Delay Execution
KEYMARBLE has the capability to collect information on disk devices.,discovery,collection|discovery,,collection,0.914742881871098,KEYMARBLE,malware,T1680,Local Storage Discovery
Peppy has the ability to automatically exfiltrate files and keylogs.,exfiltration,collection|exfiltration,,collection,0.9140866535265946,Peppy,malware,T1020,Automated Exfiltration
Emissary has the capability to execute gpresult .,discovery,execution,discovery,execution,0.9117728774802689,Emissary,malware,T1615,Group Policy Discovery
EnvyScout can Base64 encode payloads.,stealth,command-and-control|stealth,,command-and-control,0.9113969342464705,EnvyScout,malware,T1027.013,Encrypted/Encoded File
njRAT can be configured to spread via removable drives.,initial-access|lateral-movement,exfiltration|initial-access|lateral-movement,,exfiltration,0.9110004434102517,njRAT,malware,T1091,Replication Through Removable Media
Empire can utilize Invoke-DCOM to leverage remote COM execution for lateral movement.,lateral-movement,execution,lateral-movement,execution,0.9089958110633196,Empire,tool,T1021.003,Distributed Component Object Model
UBoatRAT encrypts instructions in its C2 network payloads using a simple XOR cipher.,command-and-control,stealth,command-and-control,stealth,0.9068245649730757,UBoatRAT,malware,T1573.001,Symmetric Cryptography
"Impacket has used its `wmiexec` command, leveraging Windows Management Instrumentation, to remotely stage and execute payloads in victim networks.",lateral-movement,execution|lateral-movement,,execution,0.9037171412439775,Impacket,tool,T1570,Lateral Tool Transfer
"During RedPenguin, UNC3886 exploited CVE-2025-21590 to enable malicious code injection into the memory of legitimate processes.",privilege-escalation|stealth,initial-access|privilege-escalation|stealth,,initial-access,0.9032590657840533,RedPenguin,campaign,T1055,Process Injection
"WastedLocker's custom crypter, CryptOne, leveraged the VirtualAlloc() API function to help execute the payload.",execution,execution|stealth,,stealth,0.8974146989181984,WastedLocker,malware,T1106,Native API
Pupy can sniff plaintext network credentials and use NBNS Spoofing to poison name services.,collection|credential-access,credential-access,collection,,0.8923371478992659,Pupy,tool,T1557.001,Name Resolution Poisoning and SMB Relay
PlugX has deleted registry keys that store data and maintained persistence.,stealth,persistence|stealth,,persistence,0.8900820151804469,PlugX,malware,T1070.009,Clear Persistence
ShimRat has used a secondary C2 location if the first was unavailable.,command-and-control,command-and-control|stealth,,stealth,0.8868237783517524,ShimRat,malware,T1008,Fallback Channels
SMOKEDHAM has been delivered via malicious links in phishing emails.,reconnaissance,initial-access,reconnaissance,initial-access,0.8840827676517624,SMOKEDHAM,malware,T1598.003,Spearphishing Link
Qilin can configure a Winlogon registry entry.,persistence|privilege-escalation,defense-impairment|persistence,privilege-escalation,defense-impairment,0.8816717309140272,Qilin,malware,T1547.004,Winlogon Helper DLL
PAKLOG has used legitimate signed binaries such as PACLOUD.exe for follow-on execution of malicious DLLs through DLL Side-Loading.,defense-impairment,defense-impairment|execution|stealth,,execution|stealth,0.8810763163303896,PAKLOG,malware,T1553.002,Code Signing
Hikit has used DLL to load oci.dll as a persistence mechanism.,execution|stealth,execution|persistence|privilege-escalation|stealth,,persistence|privilege-escalation,0.878694143942939,Hikit,malware,T1574.001,DLL
NPPSPY creates a network listener using the misspelled label logincontroll recorded to the Registry key HKLM\\SYSTEM\\CurrentControlSet\\Control\\NetworkProvider\\Order .,stealth,defense-impairment|persistence,stealth,defense-impairment|persistence,0.8762445934321261,NPPSPY,tool,T1684.001,Impersonation
Grandoreiro has infected victims via malicious attachments.,execution,initial-access,execution,initial-access,0.8742007409819763,Grandoreiro,malware,T1204.002,Malicious File
Axiom has used large groups of compromised machines for use as proxy nodes.,resource-development,command-and-control,resource-development,command-and-control,0.8727745536839647,Axiom,intrusion-set,T1584.005,Botnet
The `net localgroup` and `net group` commands in Net can be used to add existing users to local and domain groups.,persistence|privilege-escalation,discovery,persistence|privilege-escalation,discovery,0.8700972529943188,Net,tool,T1098.007,Additional Local or Domain Groups
NGLite will initially beacon out to the NKN network via an HTTP POST over TCP 30003.,command-and-control,command-and-control|exfiltration,,exfiltration,0.8615439743396506,NGLite,malware,T1071.001,Web Protocols
Neoichor can use the Internet Explorer (IE) COM interface to connect and receive commands from C2.,execution,command-and-control,execution,command-and-control,0.8603102427866723,Neoichor,malware,T1559.001,Component Object Model
ShimRat has hijacked the cryptbase.dll within migwiz.exe to escalate privileges. This prevented the User Access Control window from appearing.,privilege-escalation,privilege-escalation|stealth,,stealth,0.8593980477832359,ShimRat,malware,T1548.002,Bypass User Account Control
"MultiLayer Wiper uses a batch file, remover.bat to delete malware artifacts and the batch file itself during execution.",stealth,execution|stealth,,execution,0.8577993170093552,MultiLayer Wiper,malware,T1070.004,File Deletion
"STARWHALE has the ability to create the following Windows service to establish persistence on an infected host: `sc create Windowscarpstss binpath= ""cmd.exe /c cscript.exe c:\\windows\\system32\\w7_1.wsf humpback_whale"" start= ""auto"" obj= ""LocalSystem""`.",persistence|privilege-escalation,execution|persistence|privilege-escalation,,execution,0.8511618877231104,STARWHALE,malware,T1543.003,Windows Service
Latrodectus can send registration information to C2 via HTTP `POST`.,command-and-control,exfiltration,command-and-control,exfiltration,0.848398839243502,Latrodectus,malware,T1071.001,Web Protocols
APT-C-36 has used a fileless attack chain composed of three JavaScript code snippets to execute subsequent payloads.,execution,execution|stealth,,stealth,0.8454920864109468,APT-C-36,intrusion-set,T1059.007,JavaScript
DarkTortilla can use `cmd.exe` to add registry keys for persistence.,execution,defense-impairment|persistence,execution,defense-impairment|persistence,0.8408731318204838,DarkTortilla,malware,T1059.003,Windows Command Shell
ShimRat has registered two registry keys for shim databases.,defense-impairment|persistence,credential-access|defense-impairment|persistence,,credential-access,0.8399561070796187,ShimRat,malware,T1112,Modify Registry
"During RedPenguin, UNC3886 used a passive backdoor to act as a libpcap-based packet sniffer.",credential-access|discovery,command-and-control|credential-access,discovery,command-and-control,0.8384695469363398,RedPenguin,campaign,T1040,Network Sniffing
Daggerfly has used PowerShell and BITSAdmin to retrieve follow-on payloads from external locations for execution on victim machines.,command-and-control,execution|persistence,command-and-control,execution|persistence,0.8357110214510846,Daggerfly,intrusion-set,T1105,Ingress Tool Transfer
"During RedPenguin, UNC3886 created multiple strains of malware using names to mimic legitimate binaries such as appid, to, irad, lmpad, jdosd, and oemd.",stealth,resource-development|stealth,,resource-development,0.8326509045161123,RedPenguin,campaign,T1036.005,Match Legitimate Resource Name or Location
Pupy can list local and remote shared drives and folders over SMB.,discovery,discovery|lateral-movement,,lateral-movement,0.8325705274974827,Pupy,tool,T1135,Network Share Discovery
"During RedPenguin, UNC3886 used an implant to delete logs associated with unauthorized access to targeted Junos OS devices.",stealth,initial-access|stealth,,initial-access,0.8314156788548737,RedPenguin,campaign,T1070.007,Clear Network Connection History and Configurations
PAKLOG has utilized a simple encoding mechanism to encode characters in the buffer.,stealth,command-and-control,stealth,command-and-control,0.8281626035217452,PAKLOG,malware,T1027.013,Encrypted/Encoded File
APT29 has exploited CVE-2021-36934 to escalate privileges on a compromised host.,privilege-escalation,initial-access|privilege-escalation,,initial-access,0.8267438810395549,APT29,intrusion-set,T1068,Exploitation for Privilege Escalation
Daggerfly has used strategic website compromise to deliver a malicious link requiring user interaction.,execution,initial-access,execution,initial-access,0.8264605812370021,Daggerfly,intrusion-set,T1204.001,Malicious Link
Indrik Spider has used a service account to extract copies of the `Security` Registry hive.,discovery,persistence,discovery,persistence,0.8217245981151196,Indrik Spider,intrusion-set,T1012,Query Registry
AADInternals can register a device to Azure AD.,persistence|privilege-escalation,defense-impairment|discovery|persistence,privilege-escalation,defense-impairment|discovery,0.8213829186934424,AADInternals,tool,T1098.005,Device Registration
NETWIRE can store its configuration information in the Registry under `HKCU:\Software\Netwire`.,stealth,defense-impairment|persistence,stealth,defense-impairment|persistence,0.8191468321683983,NETWIRE,malware,T1027.011,Fileless Storage
"For Operation Spalax, the threat actors used packers that read pixel data from images contained in PE files' resource sections and build the next layer of execution from the data.",stealth,collection|stealth,,collection,0.8180536719525469,Operation Spalax,campaign,T1027.003,Steganography
"NPPSPY captures credentials by recording them through an alternative network listener registered to the mpnotify.exe process, allowing for cleartext recording of logon information.",credential-access,collection|credential-access,,collection,0.8166274565242024,NPPSPY,tool,T1552,Unsecured Credentials
CrackMapExec can create a registry key using wdigest.,defense-impairment|persistence,persistence,defense-impairment,,0.8129840140785607,CrackMapExec,tool,T1112,Modify Registry
ShimRatReporter used several Windows API functions to gather information from the infected system.,execution,collection|execution,,collection,0.8116309577618657,ShimRatReporter,tool,T1106,Native API
Empire has the ability to automatically send collected data back to the threat actors' C2.,exfiltration,collection|exfiltration,,collection,0.8077564285741048,Empire,tool,T1020,Automated Exfiltration
Akira deletes administrator accounts in victim networks prior to encryption.,impact,persistence|stealth,impact,persistence|stealth,0.8066917867035515,Akira,intrusion-set,T1531,Account Access Removal
StrelaStealer variants only execute if the keyboard layout or language matches a set list of variables.,stealth,discovery,stealth,discovery,0.8063184339684998,StrelaStealer,malware,T1480,Execution Guardrails
FIN6 has used Pastebin and Google Storage to host content for their operations.,command-and-control,resource-development,command-and-control,resource-development,0.8056589183649829,FIN6,intrusion-set,T1102,Web Service
Grandoreiro can send data it retrieves to the C2 server.,exfiltration,command-and-control|exfiltration,,command-and-control,0.8050201029083766,Grandoreiro,malware,T1041,Exfiltration Over C2 Channel
FIN13 has harvested the NTDS.DIT file and leveraged the Impacket tool on the compromised domain controller to locally decrypt it.,credential-access,credential-access|stealth,,stealth,0.8033826322572464,FIN13,intrusion-set,T1003.003,NTDS
OopsIE encodes data in hexadecimal format over the C2 channel.,command-and-control,command-and-control|exfiltration,,exfiltration,0.801883188284077,OopsIE,malware,T1132.001,Standard Encoding
Blue Mockingbird has used wmic.exe and Windows Registry modifications to set the COR_PROFILER environment variable to execute a malicious DLL whenever a process loads the .NET CLR.,execution|stealth,defense-impairment|execution|persistence,stealth,defense-impairment|persistence,0.7989294795720578,Blue Mockingbird,intrusion-set,T1574.012,COR_PROFILER
TONESHELL has an exception handler that executes when ESET antivirus applications `ekrn.exe` and `egui.exe` are not found and directly injects its code into waitfor.exe using Native Windows API including `WriteProcessMemory` and `CreateRemoteThreadEx`.,stealth,execution|stealth,,execution,0.7977759633053647,TONESHELL,malware,T1480,Execution Guardrails
TONESHELL has created a mutex to avoid duplicate execution.,stealth,execution|stealth,,execution,0.7968530911550544,TONESHELL,malware,T1480.002,Mutual Exclusion
xCaon has used the GetAdaptersInfo() API call to get the victim's MAC address.,discovery,discovery|execution,,execution,0.7959417376717223,xCaon,malware,T1016,System Network Configuration Discovery
FRP can support the use of a JSON configuration file.,execution,stealth,execution,stealth,0.7934615982146409,FRP,tool,T1059.007,JavaScript
SeaDuke compressed data with zlib prior to sending it over C2.,collection,collection|command-and-control,,command-and-control,0.7900565610164586,SeaDuke,malware,T1560.002,Archive via Library
Embargo has created persistence through the DLL variant of the MDeployer toolkit by creating a service called irnagentd that launches after the system is rebooted in Safe Mode.,persistence|privilege-escalation,execution|persistence|privilege-escalation,,execution,0.7882500425695356,Embargo,malware,T1543.003,Windows Service
WinMM sets a WH_CBT Windows hook to search for and capture files on the victim.,discovery,collection|discovery,,collection,0.7873742790906378,WinMM,malware,T1083,File and Directory Discovery
"PlugX checks if VMware tools is running in the background by searching for any process named ""vmtoolsd"".",discovery|stealth,discovery,stealth,,0.784797097430754,PlugX,malware,T1497.001,System Checks
Industroyer’s data wiper module writes zeros into the registry keys in SYSTEM\CurrentControlSet\Services to render a system inoperable.,impact,defense-impairment|persistence,impact,defense-impairment|persistence,0.7841580721923458,Industroyer,malware,T1489,Service Stop
"During C0015, the threat actors used a malicious HTA file that contained a mix of HTML and JavaScript/VBScript code.",execution,execution|stealth,,stealth,0.7834697381960556,C0015,campaign,T1059.005,Visual Basic
Javali has been delivered via malicious links embedded in e-mails.,initial-access,execution|initial-access,,execution,0.7833197063415498,Javali,malware,T1566.002,Spearphishing Link
HermeticWiper can disable pop-up information about folders and desktop items and delete Registry keys to hide malicious services.,stealth,defense-impairment,stealth,defense-impairment,0.7819189180658566,HermeticWiper,malware,T1070,Indicator Removal
AADInternals can create new Azure AD users.,persistence,persistence|privilege-escalation,,privilege-escalation,0.7809758142604619,AADInternals,tool,T1136.003,Cloud Account
"During C0015, the threat actors used a malicious HTA file that contained a mix of encoded HTML and JavaScript/VBScript code.",execution,execution|stealth,,stealth,0.7798394963125881,C0015,campaign,T1059.007,JavaScript
Kapeka queries registry values for stored configuration information.,discovery,defense-impairment|discovery,,defense-impairment,0.7787590306015845,Kapeka,malware,T1012,Query Registry
MgBot includes modules capable of gathering information from USB thumb drives and CD-ROMs on the victim machine given a list of provided criteria.,collection,discovery,collection,discovery,0.7785112792985308,MgBot,malware,T1025,Data from Removable Media
Manjusaka data exfiltration takes place over HTTP channels.,exfiltration,command-and-control|exfiltration,,command-and-control,0.7747066224565844,Manjusaka,malware,T1041,Exfiltration Over C2 Channel
Axiom has been observed using SQL injection to gain access to systems.,initial-access,initial-access|privilege-escalation,,privilege-escalation,0.7735161621587126,Axiom,intrusion-set,T1190,Exploit Public-Facing Application
FIN6 has used malicious JavaScript to steal payment card data from e-commerce sites.,execution,collection|execution,,collection,0.7728906371627648,FIN6,intrusion-set,T1059.007,JavaScript
LockBit 2.0 can use the PowerShell module `InvokeGPUpdate` to modify Group Policy.,execution,defense-impairment|privilege-escalation,execution,defense-impairment|privilege-escalation,0.7719151123603272,LockBit 2.0,malware,T1059.001,PowerShell
"LAPSUS$ has payed employees, suppliers, and business partners of target organizations for credentials.",resource-development,reconnaissance,resource-development,reconnaissance,0.7674165293452224,LAPSUS$,intrusion-set,T1586.002,Email Accounts
Gazer can execute a task to download a file.,command-and-control,command-and-control|execution,,execution,0.766832151937771,Gazer,malware,T1105,Ingress Tool Transfer
Lokibot embedded the commands schtasks /Run /TN \Microsoft\Windows\DiskCleanup\SilentCleanup /I inside a batch script.,execution|persistence|privilege-escalation,execution,persistence|privilege-escalation,,0.7650553398104667,Lokibot,malware,T1053.005,Scheduled Task
Dtrack used hard-coded credentials to gain access to a network share.,initial-access|persistence|privilege-escalation|stealth,initial-access|lateral-movement|stealth,persistence|privilege-escalation,lateral-movement,0.7610945819112609,Dtrack,malware,T1078,Valid Accounts
AADInternals can steal users’ access tokens via phishing emails containing malicious links.,credential-access,initial-access,credential-access,initial-access,0.7581681610187911,AADInternals,tool,T1528,Steal Application Access Token
"Regin appears to have functionality to sniff for credentials passed over HTTP, SMTP, and SMB.",credential-access|discovery,credential-access,discovery,,0.7576508834129261,Regin,malware,T1040,Network Sniffing
AADInternals can gather encryption keys from Azure AD services such as ADSync and Active Directory Federated Services servers.,credential-access,discovery,credential-access,discovery,0.7570938887147455,AADInternals,tool,T1552.004,Private Keys
"ZIPLINE can identify a specific string in intercepted network traffic, `SSH-2.0-OpenSSH_0.3xx.`, to trigger its command functionality.",command-and-control|persistence|stealth,discovery,command-and-control|persistence|stealth,discovery,0.7554973676697602,ZIPLINE,malware,T1205,Traffic Signaling
Kapeka utilizes WinAPI calls to gather victim system information.,execution,discovery,execution,discovery,0.7537615013272537,Kapeka,malware,T1106,Native API
"During RedPenguin, UNC3886 leveraged JunoOS CLI queries to obtain the interface index which contains system and network details.",discovery,discovery|execution,,execution,0.7519676317444662,RedPenguin,campaign,T1016,System Network Configuration Discovery
LAMEHUG can use SSH to transfer information to C2.,command-and-control,exfiltration|lateral-movement,command-and-control,exfiltration|lateral-movement,0.7513254752613583,LAMEHUG,malware,T1573.002,Asymmetric Cryptography
APT29 has created self-signed digital certificates to enable mutual TLS authentication for malware.,resource-development,defense-impairment|resource-development,,defense-impairment,0.7496732137480377,APT29,intrusion-set,T1587.003,Digital Certificates
Some SeaDuke samples have a module to use pass the ticket with Kerberos for authentication.,lateral-movement,credential-access|lateral-movement,,credential-access,0.7451696612276035,SeaDuke,malware,T1550.003,Pass the Ticket
"EXOTIC LILY has gained execution through victims clicking on malicious LNK files contained within ISO files, which can execute hidden DLLs within the ISO.",execution,stealth,execution,stealth,0.7449996330932536,EXOTIC LILY,intrusion-set,T1204.002,Malicious File
FIN13 has compressed the dump output of compromised credentials with a 7zip binary.,collection,collection|stealth,,stealth,0.7430983353114022,FIN13,intrusion-set,T1560.001,Archive via Utility
Blue Mockingbird has used wmic.exe to set environment variables.,execution,execution|stealth,,stealth,0.7418678518940938,Blue Mockingbird,intrusion-set,T1047,Windows Management Instrumentation
KillDisk has used the FindNextFile command as part of its file deletion process.,discovery,stealth,discovery,stealth,0.7385998644717957,KillDisk,malware,T1083,File and Directory Discovery
KGH_SPY has been spread through Word documents containing malicious macros.,execution,execution|initial-access,,initial-access,0.7381404545038404,KGH_SPY,malware,T1204.002,Malicious File
NETWIRE can retrieve passwords from messaging and mail client applications.,credential-access,collection|credential-access,,collection,0.7307543514797286,NETWIRE,malware,T1555,Credentials from Password Stores
"Embargo has leveraged MDeployer to terminate the MS4Killer process, delete the decrypted payload files and a driver file dropped by MS4killer, and reboot the system.",stealth,impact|stealth,,impact,0.7293973202428083,Embargo,malware,T1070.004,File Deletion
BlackEnergy has run a plug-in on a victim to spread through the local network by using PsExec and accessing admin shares.,lateral-movement,initial-access|lateral-movement,,initial-access,0.7286302051939177,BlackEnergy,malware,T1021.002,SMB/Windows Admin Shares
SOUNDBITE is capable of modifying the Registry.,defense-impairment|persistence,persistence,defense-impairment,,0.7215780594906867,SOUNDBITE,malware,T1112,Modify Registry
"During C0015, the threat actors conducted a file listing discovery against multiple hosts to ensure locker encryption was successful.",discovery,discovery|impact,,impact,0.7197684847983118,C0015,campaign,T1083,File and Directory Discovery
"During the 2025 Poland Wiper Attacks, the adversaries set FortiGate scheduled tasks to run the adversary generated CLI scripts weekly.",execution|persistence|privilege-escalation,execution|persistence,privilege-escalation,,0.7188848251708724,2025 Poland Wiper Attacks,campaign,T1053,Scheduled Task/Job
"During the 2025 Poland Wiper Attacks, the adversaries leveraged stolen credentials from on-premises environments to access cloud services.",initial-access|persistence|privilege-escalation|stealth,initial-access,persistence|privilege-escalation|stealth,,0.7153829397423572,2025 Poland Wiper Attacks,campaign,T1078.004,Cloud Accounts
"Kali365 has delivered phishing emails with malicious PDF, Word, Excel, and PowerPoint attachments that direct victims to actor-controlled landing pages.",initial-access,execution|initial-access,,execution,0.7135242546865017,Kali365,malware,T1566.001,Spearphishing Attachment
"PAKLOG has collected a timestamp to log the precise time a key was pressed, formatted as %Y-%m-%d %H:%M:%S.",discovery,discovery|stealth,,stealth,0.7105880379348336,PAKLOG,malware,T1124,System Time Discovery
"For C0015, the threat actors used DLL files that had invalid certificates.",defense-impairment,stealth,defense-impairment,stealth,0.7105785866783163,C0015,campaign,T1553.002,Code Signing
xCaon has leveraged native OS function calls to retrieve victim's network adapter's information using GetAdapterInfo() API.,execution,discovery,execution,discovery,0.7047703292055904,xCaon,malware,T1106,Native API
"During the 2025 Poland Wiper Attacks, the adversaries utilized the Linux `dd` command to overwrite portions of the disks with random data.",execution,impact,execution,impact,0.7025468894898719,2025 Poland Wiper Attacks,campaign,T1059.004,Unix Shell
Javali has used embedded VBScript to download malicious payloads from C2.,execution,command-and-control|execution,,command-and-control,0.70114870643283,Javali,malware,T1059.005,Visual Basic
KOPILUWAK can gather information from compromised hosts.,collection,discovery,collection,discovery,0.7002721737973051,KOPILUWAK,malware,T1005,Data from Local System
Skidmap is a kernel-mode rootkit used for cryptocurrency mining.,impact,impact|stealth,,stealth,0.699319710823908,Skidmap,malware,T1496.001,Compute Hijacking
SMOKEDHAM has used Powershell to download UltraVNC and ngrok from third-party file sharing sites.,command-and-control,command-and-control|execution,,execution,0.6991788408963528,SMOKEDHAM,malware,T1105,Ingress Tool Transfer
Impacket modules like ntlmrelayx and smbrelayx can be used in conjunction with Network Sniffing and Name Resolution Poisoning and SMB Relay to gather NetNTLM credentials for Brute Force or relay attacks that can gain code execution.,collection|credential-access,credential-access,collection,,0.6986032624403051,Impacket,tool,T1557.001,Name Resolution Poisoning and SMB Relay
Troll Stealer creates and can execute a BAT script that will delete the malware.,stealth,execution|stealth,,execution,0.6984406385613773,Troll Stealer,malware,T1070.004,File Deletion
"P8RAT has the ability to ""sleep"" for a specified time to evade detection.",discovery|stealth,discovery|exfiltration|stealth,,exfiltration,0.6976581716921568,P8RAT,malware,T1497.003,Time Based Checks
FIN13 has leveraged `WMI` to move laterally within a compromised network via application servers and SQL servers.,lateral-movement,execution|lateral-movement,,execution,0.6950314732978082,FIN13,intrusion-set,T1021.006,Windows Remote Management
"Penquin will connect to C2 only after sniffing a ""magic packet"" value in TCP or UDP packets matching specific conditions.",command-and-control|persistence|stealth,command-and-control|stealth,persistence,,0.6946502234176537,Penquin,malware,T1205,Traffic Signaling
LAPSUS$ has called victims' help desk to convince the support personnel to reset a privileged account’s credentials.,reconnaissance,persistence|stealth,reconnaissance,persistence|stealth,0.6876440475856034,LAPSUS$,intrusion-set,T1598.004,Spearphishing Voice
Agent.btz saves system information into an XML file that is then XOR-encoded.,collection,stealth,collection,stealth,0.6770898807050629,Agent.btz,malware,T1560.003,Archive via Custom Method
MirrorFace has abused a known Microsoft digital signature verification issues to append encrypted data to digital signatures that still appear to be validly signed.,defense-impairment,defense-impairment|stealth,,stealth,0.6752952816903193,MirrorFace,intrusion-set,T1553.002,Code Signing
REvil can obtain the token from the user that launched the explorer.exe process to avoid affecting the desktop of the SYSTEM user.,privilege-escalation|stealth,discovery|privilege-escalation|stealth,,discovery,0.6749898954076332,REvil,malware,T1134.001,Token Impersonation/Theft
"APT29 targets dormant or inactive user accounts, accounts belonging to individuals no longer at the organization but whose accounts remain on the system, for access and persistence.",initial-access|persistence|privilege-escalation|stealth,persistence|stealth,initial-access|privilege-escalation,,0.6742316725335156,APT29,intrusion-set,T1078.003,Local Accounts
"Agent.btz drops itself onto removable media devices and creates an autorun.inf file with an instruction to run that file. When the device is inserted into another system, it opens autorun.inf and loads the malware.",initial-access|lateral-movement,initial-access|persistence|privilege-escalation,lateral-movement,persistence|privilege-escalation,0.6740423121979964,Agent.btz,malware,T1091,Replication Through Removable Media
"For Operation Dream Job, Lazarus Group gathered victim organization information to identify specific targets.",reconnaissance,discovery|reconnaissance,,discovery,0.6732537459727689,Operation Dream Job,campaign,T1591,Gather Victim Org Information
APT-C-36 has disguised its scheduled tasks as those used by Google.,stealth,execution|stealth,,execution,0.6723546819365505,APT-C-36,intrusion-set,T1036.004,Masquerade Task or Service
TrickBot collects email addresses from Outlook.,discovery,collection,discovery,collection,0.6721042359813794,TrickBot,malware,T1087.003,Email Account
PlugX can use API hashing and modify the names of strings to evade detection.,stealth,defense-impairment|stealth,,defense-impairment,0.6686657496847541,PlugX,malware,T1027,Obfuscated Files or Information
"HAWKBALL has leveraged several Windows API calls to create processes, gather disk information, and detect debugger activity.",execution,discovery|execution,,discovery,0.6663842129013994,HAWKBALL,malware,T1106,Native API
PlugX has a module for capturing keystrokes per process including window titles.,collection|credential-access,credential-access,collection,,0.6624592180819324,PlugX,malware,T1056.001,Keylogging
"Wingbird drops a malicious file (sspisrv.dll) alongside a copy of lsass.exe, which is used to register a service that loads sspisrv.dll as a driver. The payload of the malicious driver (located in its entry-point function) is executed when loaded by lsass.exe before the spoofed service becomes unstable and crashes.",persistence|privilege-escalation,stealth,persistence|privilege-escalation,stealth,0.6589819665504417,Wingbird,malware,T1547.008,LSASS Driver
FIN13 has logged the keystrokes of victims to escalate privileges.,collection|credential-access,collection|credential-access|privilege-escalation,,privilege-escalation,0.6552233961383329,FIN13,intrusion-set,T1056.001,Keylogging
BoomBox can encrypt data using AES prior to exfiltration.,stealth,collection,stealth,collection,0.6530458950046871,BoomBox,malware,T1027,Obfuscated Files or Information
TrickBot has used an email with an Excel sheet containing a malicious macro to deploy the malware,initial-access,execution,initial-access,execution,0.6506346257099644,TrickBot,malware,T1566.001,Spearphishing Attachment
Emissary has the capability to execute the command net start to interact with services.,discovery,execution,discovery,execution,0.6496253209284404,Emissary,malware,T1007,System Service Discovery
Elise creates a file in AppData\Local\Microsoft\Windows\Explorer and stores all harvested data in that file.,collection,collection|stealth,,stealth,0.6492762008033757,Elise,malware,T1074.001,Local Data Staging
"When it first starts, BADNEWS spawns a new thread to log keystrokes.",collection|credential-access,collection|credential-access|persistence|privilege-escalation,,persistence|privilege-escalation,0.6489906201185245,BADNEWS,malware,T1056.001,Keylogging
Penquin can execute the command code do_upload to send files to C2.,exfiltration,command-and-control,exfiltration,command-and-control,0.6475345991343312,Penquin,malware,T1041,Exfiltration Over C2 Channel
"To establish persistence, Truvasys adds a Registry Run key with a value ""TaskMgr"" in an attempt to masquerade as the legitimate Windows Task Manager.",stealth,persistence|privilege-escalation|stealth,,persistence|privilege-escalation,0.6449913813995418,Truvasys,malware,T1036.004,Masquerade Task or Service
Pacu can allowlist IP addresses in AWS GuardDuty.,defense-impairment,discovery,defense-impairment,discovery,0.6449874640439014,Pacu,tool,T1686.001,Cloud Firewall
Lizar can migrate the loader into another process.,privilege-escalation|stealth,stealth,privilege-escalation,,0.6427660293499959,Lizar,malware,T1055,Process Injection
FIN6 has removed files from victim machines.,stealth,collection|stealth,,collection,0.6425557803825641,FIN6,intrusion-set,T1070.004,File Deletion
BPFDoor creates a zero byte PID file at `/var/run/haldrund.pid`. BPFDoor uses this file to determine if it is already running on a system to ensure only one instance is executing at a time.,stealth,discovery|stealth,,discovery,0.6401950239759842,BPFDoor,malware,T1480,Execution Guardrails
The AshTag loader and AshenOrchestrator components can collect reconnaissance data from victim machines.,discovery,collection,discovery,collection,0.6383377487679349,AshTag,malware,T1082,System Information Discovery
TONESHELL has used `GetForegroundWindow` to detect virtualization or sandboxes by calling the API twice and comparing each window handle.,discovery,discovery|stealth,,stealth,0.6378669998891672,TONESHELL,malware,T1010,Application Window Discovery
UPSTYLE attempts to retrieve a non-existent webpage from the command and control server resulting in hidden commands sent via resulting error messages.,command-and-control,command-and-control|exfiltration,,exfiltration,0.6277002603176024,UPSTYLE,malware,T1665,Hide Infrastructure
STARWHALE has the ability to hex-encode collected data from an infected host.,command-and-control,collection,command-and-control,collection,0.626590780214622,STARWHALE,malware,T1132.001,Standard Encoding
LockBit 3.0 can use HTTP to send victim host information to C2.,command-and-control,command-and-control|exfiltration,,exfiltration,0.6217516891021188,LockBit 3.0,malware,T1071.001,Web Protocols
LAPSUS$ has gathered user identities and credentials to gain initial access to a victim's organization; the group has also called an organization's help desk to reset a target's credentials.,reconnaissance,initial-access|persistence|reconnaissance,,initial-access|persistence,0.6201278222577087,LAPSUS$,intrusion-set,T1589.001,Credentials
OilBooster can use an actor-controlled OneDrive account for C2 communication and exfiltration.,exfiltration,command-and-control,exfiltration,command-and-control,0.6186595923281478,OilBooster,malware,T1041,Exfiltration Over C2 Channel
HyperBro has the ability to start and stop a specified service.,execution,execution|impact,,impact,0.6122777695944934,HyperBro,malware,T1569.002,Service Execution
ShimRat has installed shim databases in the AppPatch folder.,persistence|privilege-escalation,persistence|privilege-escalation|stealth,,stealth,0.6115833461261835,ShimRat,malware,T1546.011,Application Shimming
Empire can use Inveigh to conduct name service poisoning for credential theft and associated relay attacks.,collection|credential-access,credential-access,collection,,0.6092838580596633,Empire,tool,T1557.001,Name Resolution Poisoning and SMB Relay
"During C0015, the threat actors used WMI to load Cobalt Strike onto additional hosts within a compromised network.",lateral-movement,command-and-control|execution,lateral-movement,command-and-control|execution,0.6041653648337235,C0015,campaign,T1570,Lateral Tool Transfer
HermeticWiper can load drivers by creating a new service using the `CreateServiceW` API.,persistence|privilege-escalation,execution|privilege-escalation,persistence,execution,0.6007923924452281,HermeticWiper,malware,T1543.003,Windows Service
"Daggerfly used Reg to dump the Security Account Manager (SAM), System, and Security Windows registry hives from victim machines.",discovery,credential-access,discovery,credential-access,0.6006087497975459,Daggerfly,intrusion-set,T1012,Query Registry
SideCopy has collected browser information from a compromised host.,discovery,collection|discovery,,collection,0.6000811993065158,SideCopy,intrusion-set,T1518,Software Discovery
Crutch can use Dropbox to receive commands and upload stolen data.,command-and-control,command-and-control|exfiltration,,exfiltration,0.5990612816812982,Crutch,malware,T1102.002,Bidirectional Communication
"During RedPenguin, UNC3886 used malware implants to deobfuscate incoming C2 messages and encoded archives.",stealth,command-and-control|stealth,,command-and-control,0.5982252840302422,RedPenguin,campaign,T1140,Deobfuscate/Decode Files or Information
EnvyScout contains JavaScript code that can extract an encoded blob from its HTML body and write it to disk.,stealth,execution|stealth,,execution,0.5960847871787067,EnvyScout,malware,T1027.006,HTML Smuggling
"Empire can automatically gather the username, domain name, machine name, and other information from a compromised system.",collection,collection|discovery,,discovery,0.5939146696306403,Empire,tool,T1119,Automated Collection
Crutch can monitor removable drives and exfiltrate files matching a given extension list.,collection,discovery|exfiltration,collection,discovery|exfiltration,0.5933915826486441,Crutch,malware,T1025,Data from Removable Media
APT29 has conducted widespread scanning of target environments to identify vulnerabilities for exploit.,reconnaissance,discovery|reconnaissance,,discovery,0.5918488259559398,APT29,intrusion-set,T1595.002,Vulnerability Scanning
Koadic can retrieve the current content of the user clipboard.,collection,collection|discovery,,discovery,0.588887780848376,Koadic,tool,T1115,Clipboard Data
DarkTortilla can use a variety of API calls for persistence and defense evasion.,execution,execution|persistence,,persistence,0.5873225000984275,DarkTortilla,malware,T1106,Native API
"As part of load balancing FRP can set `healthCheck.type = ""tcp""` or `healthCheck.type = ""http""` to check service status on specific hosts with TCPing or an HTTP request.",discovery,command-and-control|discovery,,command-and-control,0.5864118354877538,FRP,tool,T1046,Network Service Discovery
KillDisk has a ransomware component that encrypts files with an AES key that is also RSA-1028 encrypted.,impact,impact|stealth,,stealth,0.5857398470167743,KillDisk,malware,T1486,Data Encrypted for Impact
KillDisk overwrites the first sector of the Master Boot Record with “0x00”.,impact,impact|stealth,,stealth,0.5852888848357531,KillDisk,malware,T1561.002,Disk Structure Wipe
TONESHELL has utilized TCP-based reverse shells.,command-and-control,command-and-control|execution,,execution,0.5827762158687001,TONESHELL,malware,T1095,Non-Application Layer Protocol
TrickBot has used printf and file I/O loops to delay process execution as part of API hammering.,discovery|stealth,execution|stealth,discovery,execution,0.581143706930082,TrickBot,malware,T1497.003,Time Based Checks
WastedLocker can execute itself as a service.,execution,execution|persistence|privilege-escalation,,persistence|privilege-escalation,0.5773374190401512,WastedLocker,malware,T1569.002,Service Execution
"During the 2025 Poland Wiper Attacks, the adversaries copied volume shadow copies through executing `vssadmin` in order to dump the `NTDS.dit` file.",stealth,credential-access,stealth,credential-access,0.5767701106107248,2025 Poland Wiper Attacks,campaign,T1006,Direct Volume Access
Pillowmint has encrypted stolen credit card information with AES and further encoded it with Base64.,collection,collection|stealth,,stealth,0.5764647334260851,Pillowmint,malware,T1560,Archive Collected Data
ShimRat has the capability to upload collected files to a C2.,collection,collection|exfiltration,,exfiltration,0.5757089980196415,ShimRat,malware,T1005,Data from Local System
APT29 has embedded an ISO file within an HTML attachment that contained JavaScript code to initiate malware execution.,stealth,execution|stealth,,execution,0.5733530710827865,APT29,intrusion-set,T1027.006,HTML Smuggling
"To move laterally on a victim network, FIN6 has used credentials stolen from various systems on which it gathered usernames and password hashes.",initial-access|persistence|privilege-escalation|stealth,credential-access,initial-access|persistence|privilege-escalation|stealth,credential-access,0.5716015561211472,FIN6,intrusion-set,T1078,Valid Accounts
Qilin has created a scheduled task named TVInstallRestore to mimic TeamViewer.,stealth,execution|stealth,,execution,0.570453599239225,Qilin,malware,T1036.004,Masquerade Task or Service
"HermeticWiper has the ability to modify Registry keys to disable crash dumps, colors for compressed files, and pop-up information about folders and desktop items.",defense-impairment|persistence,defense-impairment,persistence,,0.5687353626583795,HermeticWiper,malware,T1112,Modify Registry
Cuckoo Stealer can use `launchctl` to load a LaunchAgent for persistence.,execution,execution|privilege-escalation,,privilege-escalation,0.5656439963764734,Cuckoo Stealer,malware,T1569.001,Launchctl
Emotet uses obfuscated URLs to download a ZIP file.,stealth,command-and-control|stealth,,command-and-control,0.5656197520421706,Emotet,malware,T1027.013,Encrypted/Encoded File
StrelaStealer variants include functionality to identify and evade debuggers.,discovery|stealth,discovery,stealth,,0.5655355731522408,StrelaStealer,malware,T1622,Debugger Evasion
"During Operation AkaiRyū, MirrorFace used compromised accounts to send spearphishing emails.",resource-development,initial-access,resource-development,initial-access,0.5653709679620995,Operation AkaiRyū,campaign,T1586.002,Email Accounts
SeaDuke uses a module to execute Mimikatz with PowerShell to perform Pass the Ticket.,execution,credential-access|execution|lateral-movement,,credential-access|lateral-movement,0.5642397160636372,SeaDuke,malware,T1059.001,PowerShell
AADInternals can be used to create SAML tokens using the AD Federated Services token signing certificate.,credential-access,credential-access|privilege-escalation,,privilege-escalation,0.5597029727262983,AADInternals,tool,T1606.002,SAML Tokens
"After checking for the existence of two files, keyword_parm.txt and parm.txt, MESSAGETAP XOR decodes and read the contents of the files.",stealth,discovery,stealth,discovery,0.5595520556284731,MESSAGETAP,malware,T1140,Deobfuscate/Decode Files or Information
Grandoreiro can use MSI files to execute DLLs.,stealth,execution|stealth,,execution,0.5577557289314372,Grandoreiro,malware,T1218.007,Msiexec
TA551 has used a DGA to generate URLs from executed macros.,command-and-control,execution,command-and-control,execution,0.5563598224054822,TA551,intrusion-set,T1568.002,Domain Generation Algorithms
"APT29 has edited the `Microsoft.IdentityServer.Servicehost.exe.config` file to load a malicious DLL into the AD FS process, thereby enabling persistent access to any service federated with AD FS for a user with a specified User Principal Name.",credential-access|defense-impairment|persistence,persistence|privilege-escalation,credential-access|defense-impairment,privilege-escalation,0.5520086451878723,APT29,intrusion-set,T1556.007,Hybrid Identity
LazyWiper can halt execution if `[System.Net.Dns]::GetHostName()` or `$env:COMPUTERNAME` contains `“pe-dc”`.,stealth,discovery|stealth,,discovery,0.5519585255596617,LazyWiper,malware,T1480,Execution Guardrails
"During the 2025 Poland Wiper Attacks, the adversaries had leveraged Group Policy Objects to distribute wiper malware to victim devices through a network share.",defense-impairment|privilege-escalation,defense-impairment|lateral-movement,privilege-escalation,lateral-movement,0.5496059975283545,2025 Poland Wiper Attacks,campaign,T1484.001,Group Policy Modification
HermeticWiper has the ability to overwrite its own file with random bites.,stealth,impact,stealth,impact,0.5484656524909246,HermeticWiper,malware,T1070.004,File Deletion
PureCrypter can identify virtual machines by querying the WMI object Win32_ComputerSystem for manufacturer and model and check it against the regular expression Microsoft|VMWare|Virtual.,discovery,discovery|execution,,execution,0.546800640667373,PureCrypter,malware,T1673,Virtual Machine Discovery
Higaisa sent the victim computer identifier in a User-Agent string back to the C2 server every 10 minutes.,exfiltration,discovery|exfiltration,,discovery,0.5432997341143652,Higaisa,intrusion-set,T1029,Scheduled Transfer
"Dtrack can collect the RegisteredOwner, RegisteredOrganization, and InstallDate registry values.",discovery,defense-impairment|discovery|persistence,,defense-impairment|persistence,0.5429987308746618,Dtrack,malware,T1012,Query Registry
Kazuar uploads files from a specified directory to the C2 server.,collection,collection|exfiltration,,exfiltration,0.5415921111986097,Kazuar,malware,T1005,Data from Local System
"GreyEnergy chooses a service, drops a DLL file, and writes it to that serviceDLL Registry key.",persistence|privilege-escalation,persistence,privilege-escalation,,0.5350008147722016,GreyEnergy,malware,T1543.003,Windows Service
SMOKEDHAM has used reg.exe to create a Registry Run key.,persistence|privilege-escalation,persistence,privilege-escalation,,0.5341511136085793,SMOKEDHAM,malware,T1547.001,Registry Run Keys / Startup Folder
LockBit 2.0 can delete log files through the use of wevtutil.,defense-impairment,stealth,defense-impairment,stealth,0.5340202444421074,LockBit 2.0,malware,T1685.005,Clear Windows Event Logs
Indrik Spider used wmic.exe to add a new user to the system.,persistence,execution,persistence,execution,0.5335037971331837,Indrik Spider,intrusion-set,T1136,Create Account
ShimRat can sleep when instructed to do so by the C2.,exfiltration,stealth,exfiltration,stealth,0.5304406719366279,ShimRat,malware,T1029,Scheduled Transfer
PureCrypter has the ability to delay for a specified number of seconds before execution.,stealth,discovery|stealth,,discovery,0.5278060690440654,PureCrypter,malware,T1678,Delay Execution
"FIN13 has exploited known vulnerabilities such as CVE-2017-1000486 (Primefaces Application Expression Language Injection), CVE-2015-7450 (WebSphere Application Server SOAP Deserialization Exploit), CVE-2010-5326 (SAP NewWeaver Invoker Servlet Exploit), and EDB-ID-24963 (SAP NetWeaver ConfigServlet Remote Code Execution) to gain initial access.",initial-access,initial-access|privilege-escalation,,privilege-escalation,0.5269925646985243,FIN13,intrusion-set,T1190,Exploit Public-Facing Application
Pupy can use Lazagne for harvesting credentials.,credential-access,credential-access|reconnaissance,,reconnaissance,0.5219436335659446,Pupy,tool,T1552.001,Credentials In Files
Turian can scan for removable media to collect data.,discovery,collection|discovery,,collection,0.5177842753053481,Turian,malware,T1120,Peripheral Device Discovery
"Indrik Spider used PsExec to leverage Windows Defender to disable scanning of all downloaded files and to restrict real-time monitoring. Indrik Spider has used `MpCmdRun` to revert the definitions in Microsoft Defender. Additionally, Indrik Spider has used WMI to stop or uninstall and reset anti-virus products and other defensive services.",defense-impairment,defense-impairment|execution,,execution,0.5158515708308575,Indrik Spider,intrusion-set,T1685,Disable or Modify Tools
The net use \\system\share /delete command can be used in Net to remove an established connection to a network share.,stealth,lateral-movement|stealth,,lateral-movement,0.5147033525474813,Net,tool,T1070.005,Network Share Connection Removal
The NETWIRE client has been signed by fake and invalid digital certificates.,stealth,defense-impairment,stealth,defense-impairment,0.5139315243245088,NETWIRE,malware,T1036.001,Invalid Code Signature
Stuxnet attempts to access network resources with a domain account’s credentials.,initial-access|persistence|privilege-escalation|stealth,credential-access|initial-access|persistence,privilege-escalation|stealth,credential-access,0.5129195743561126,Stuxnet,malware,T1078.002,Domain Accounts
"njRAT is capable of manipulating and deleting registry keys, including those used for persistence.",stealth,persistence|stealth,,persistence,0.5101705714659666,njRAT,malware,T1070.009,Clear Persistence
BADNEWS is sometimes signed with an invalid Authenticode certificate in an apparent effort to make it look more legitimate.,stealth,defense-impairment|stealth,,defense-impairment,0.5093830707966698,BADNEWS,malware,T1036.001,Invalid Code Signature
Qilin can terminate specific services on compromised hosts.,impact,impact|persistence,,persistence,0.5088958669623946,Qilin,malware,T1489,Service Stop
LAPSUS$ has searched a victim's network for code repositories like GitLab and GitHub to discover further high-privilege account credentials.,collection,discovery,collection,discovery,0.5059083828438161,LAPSUS$,intrusion-set,T1213.003,Code Repositories
"Empire can leverage WMI debugging to remotely replace binaries like sethc.exe, Utilman.exe, and Magnify.exe with cmd.exe.",persistence|privilege-escalation,execution,persistence|privilege-escalation,execution,0.5057603063597698,Empire,tool,T1546.008,Accessibility Features
"APT29 has compromised IT, cloud services, and managed services providers to gain broad access to multiple customers for subsequent operations.",initial-access,resource-development,initial-access,resource-development,0.5039125587946776,APT29,intrusion-set,T1199,Trusted Relationship
"Indrik Spider has encrypted domain-controlled systems using BitPaymer. Additionally, Indrik Spider used PsExec to execute a ransomware script.",impact,execution,impact,execution,0.5028018479289416,Indrik Spider,intrusion-set,T1486,Data Encrypted for Impact
SideCopy has delivered trojanized executables via spearphishing emails that contacts actor-controlled servers to download malicious payloads.,command-and-control,initial-access,command-and-control,initial-access,0.5017462666554471,SideCopy,intrusion-set,T1105,Ingress Tool Transfer
"LockBit 3.0 can encrypt targeted data using the AES-256, ChaCha20, or RSA-2048 algorithms.",impact,command-and-control|impact,,command-and-control,0.49886216605587497,LockBit 3.0,malware,T1486,Data Encrypted for Impact
SMOKEDHAM has created user accounts.,persistence,persistence|stealth,,stealth,0.49790559575569504,SMOKEDHAM,malware,T1136.001,Local Account
"APT38 has created new services or modified existing ones to run executables, commands, or scripts.",execution,persistence|privilege-escalation,execution,persistence|privilege-escalation,0.4976274445236475,APT38,intrusion-set,T1569.002,Service Execution
"Diskpart can show information about the selected disk, partition, volume, or virtual hard disk (VHD).",discovery,discovery|impact,,impact,0.4972544109605038,Diskpart,tool,T1082,System Information Discovery
Brute Ratel C4 can detect EDR userland hooks.,discovery,credential-access|discovery,,credential-access,0.4962580028718203,Brute Ratel C4,tool,T1518.001,Security Software Discovery
UPPERCUT has been sideloaded through a legitimately signed application from the JustSystems Corporation.,execution|stealth,defense-impairment,execution|stealth,defense-impairment,0.4943681486169387,UPPERCUT,malware,T1574.001,DLL
Suckfly used legitimate account credentials that they dumped to navigate the internal victim network as though they were the legitimate account owner.,initial-access|persistence|privilege-escalation|stealth,initial-access|persistence|stealth,privilege-escalation,,0.4933674163639523,Suckfly,intrusion-set,T1078,Valid Accounts
MirrorFace has used the the PuTTY suite Secure Copy Protocol (SCP) client for file transfer.,command-and-control,lateral-movement,command-and-control,lateral-movement,0.4933339866404858,MirrorFace,intrusion-set,T1071.002,File Transfer Protocols
MirrorFace has used the GO Simple Tunnel (GOST) proxy tool.,command-and-control,command-and-control|resource-development,,resource-development,0.491994014973384,MirrorFace,intrusion-set,T1090,Proxy
TONESHELL has encoded a payload with a random 32-byte key using XOR. TONESHELL has also encoded payloads with a 256-byte key using XOR.,command-and-control,stealth,command-and-control,stealth,0.49151504824441306,TONESHELL,malware,T1132.002,Non-Standard Encoding
"During RedPenguin, UNC3886 uploaded specified files from compromised devices to a remote server.",exfiltration,collection|exfiltration,,collection,0.48969779622424503,RedPenguin,campaign,T1041,Exfiltration Over C2 Channel
Higaisa used an XSL file to run VBScript code.,stealth,execution|stealth,,execution,0.48806779979630677,Higaisa,intrusion-set,T1220,XSL Script Processing
LAPSUS$ has used DCSync attacks to gather credentials for privilege escalation routines.,credential-access,privilege-escalation,credential-access,privilege-escalation,0.4867599263244322,LAPSUS$,intrusion-set,T1003.006,DCSync
Industroyer can use supplied user credentials to execute processes and stop services.,initial-access|persistence|privilege-escalation|stealth,impact|privilege-escalation,initial-access|persistence|stealth,impact,0.48611365043348953,Industroyer,malware,T1078,Valid Accounts
Pysa has executed a malicious executable by naming it svchost.exe.,stealth,execution|stealth,,execution,0.48386599403349484,Pysa,malware,T1036.005,Match Legitimate Resource Name or Location
POSHSPY downloads and executes additional PowerShell code and Windows binaries.,command-and-control,execution,command-and-control,execution,0.4822542355437789,POSHSPY,malware,T1105,Ingress Tool Transfer
FIN13 has used scheduled tasks names such as `acrotyr` and `AppServicesr` to mimic the same names in a compromised network's `C:\Windows` directory.,stealth,persistence|privilege-escalation,stealth,persistence|privilege-escalation,0.4817604990306914,FIN13,intrusion-set,T1036.004,Masquerade Task or Service
Stuxnet encrypts exfiltrated data via C2 with static 31-byte long XOR keys.,collection,exfiltration,collection,exfiltration,0.48163506716492344,Stuxnet,malware,T1560.003,Archive via Custom Method
Qilin can use PowerShell cmdlets to enumerate domain users.,discovery,discovery|execution,,execution,0.4811052378097017,Qilin,malware,T1087.002,Domain Account
"LAPSUS$ has gained access to internet-facing systems and applications, including virtual private network (VPN), remote desktop protocol (RDP), and virtual desktop infrastructure (VDI) including Citrix.",initial-access|persistence,initial-access,persistence,,0.4802582752536584,LAPSUS$,intrusion-set,T1133,External Remote Services
CoinTicker executes a Python script to download its second stage.,command-and-control,execution,command-and-control,execution,0.4777687203330321,CoinTicker,malware,T1105,Ingress Tool Transfer
"During Operation Dream Job, Lazarus Group used a remote XSL script to download a Base64-encoded DLL custom downloader.",stealth,command-and-control,stealth,command-and-control,0.4763823070552623,Operation Dream Job,campaign,T1220,XSL Script Processing
TrickBot has used a VNC module to monitor the victim and collect information to pivot to valuable systems on the network,lateral-movement,collection|discovery,lateral-movement,collection|discovery,0.4758395456651263,TrickBot,malware,T1021.005,VNC
SeaDuke uses an event filter in WMI code to execute a previously dropped executable shortly after system startup.,persistence|privilege-escalation,persistence,privilege-escalation,,0.4719628029813374,SeaDuke,malware,T1546.003,Windows Management Instrumentation Event Subscription
MgBot includes modules for identifying local administrator accounts on victim systems.,discovery,discovery|stealth,,stealth,0.4712815920466492,MgBot,malware,T1087.001,Local Account
TrickBot has been delivered via malicious links in phishing e-mails.,initial-access,execution|initial-access,,execution,0.4674771959216011,TrickBot,malware,T1566.002,Spearphishing Link
Doki has used Ngrok to establish C2 and exfiltrate data.,exfiltration,command-and-control|exfiltration,,command-and-control,0.4673898776627132,Doki,malware,T1041,Exfiltration Over C2 Channel
BPFDoor clears the file location `/proc/ /environ` removing all environment variables for the process.,stealth,defense-impairment|discovery|stealth,,defense-impairment|discovery,0.4665314434115929,BPFDoor,malware,T1070,Indicator Removal
"When it first starts, BADNEWS crawls the victim's local drives and collects documents with the following extensions: .doc, .docx, .pdf, .ppt, .pptx, and .txt.",collection,collection|discovery,,discovery,0.4641075641023129,BADNEWS,malware,T1005,Data from Local System
MirrorFace has used remote template injection to retrieve malicious payloads from the C2.,stealth,command-and-control|stealth,,command-and-control,0.4579301517031208,MirrorFace,intrusion-set,T1221,Template Injection
LAPSUS$ has searched a victim's network for organization collaboration channels like MS Teams or Slack to discover further high-privilege account credentials.,collection,discovery,collection,discovery,0.4573419272380733,LAPSUS$,intrusion-set,T1213.005,Messaging Applications
KGH_SPY can collect drive information from a compromised host.,discovery,collection|discovery,,collection,0.45606090619981654,KGH_SPY,malware,T1680,Local Storage Discovery
Pupy can enable/disable RDP connection and can start a remote desktop session using a browser web socket client.,lateral-movement,lateral-movement|persistence,,persistence,0.45566657753739404,Pupy,tool,T1021.001,Remote Desktop Protocol
PlugX has made calls to Windows API `CheckRemoteDebuggerPresent` and exits if it detects a debugger.,discovery|stealth,execution|stealth,discovery,execution,0.4547165280492297,PlugX,malware,T1622,Debugger Evasion
OopsIE can upload files from the victim's machine to its C2 server.,exfiltration,collection|exfiltration,,collection,0.4541282892505356,OopsIE,malware,T1041,Exfiltration Over C2 Channel
"T9000 searches removable storage devices for files with a pre-defined list of file extensions (e.g. * .doc, *.ppt, *.xls, *.docx, *.pptx, *.xlsx). Any matching files are encrypted and written to a local user directory.",collection,collection|discovery,,discovery,0.44999500909808365,T9000,malware,T1119,Automated Collection
BoomBox can check its current working directory and for the presence of a specific file and terminate if specific values are not found.,stealth,discovery|stealth,,discovery,0.4485920393254691,BoomBox,malware,T1480,Execution Guardrails
SMOKEDHAM has used a fronted domain to obfuscate its hard-coded C2 server domain.,command-and-control,command-and-control|stealth,,stealth,0.44571788197756623,SMOKEDHAM,malware,T1090.004,Domain Fronting
APT29 has used multiple layers of encryption within malware to protect C2 communication.,command-and-control,command-and-control|stealth,,stealth,0.4449211043821325,APT29,intrusion-set,T1573,Encrypted Channel
"During the 2025 Poland Wiper Attacks, the adversaries compromised infrastructure to use for C2.",resource-development,command-and-control,resource-development,command-and-control,0.44214401751873933,2025 Poland Wiper Attacks,campaign,T1584.001,Domains
"Pacu can set up S3 bucket notifications to trigger a malicious Lambda function when a CloudFormation template is uploaded to the bucket. It can also create Lambda functions that trigger upon the creation of users, roles, and groups.",persistence|privilege-escalation,persistence,privilege-escalation,,0.4418742613818407,Pacu,tool,T1546,Event Triggered Execution
"During Operation AkaiRyū, MirrorFace loaded malicious Word templates containing VBA code leading to installation of UPPERCUT.",persistence,execution|stealth,persistence,execution|stealth,0.43980401760693155,Operation AkaiRyū,campaign,T1137.001,Office Template Macros
"During Operation AkaiRyū, MirrorFace used links to direct victims to malicious files hosted on OneDrive.",resource-development,execution|initial-access,resource-development,execution|initial-access,0.438063612723824,Operation AkaiRyū,campaign,T1608.005,Link Target
LAPSUS$ has replayed stolen session token and passwords to trigger simple-approval MFA prompts in hope of the legitimate user will grant necessary approval.,credential-access,credential-access|privilege-escalation|stealth,,privilege-escalation|stealth,0.43790172574840325,LAPSUS$,intrusion-set,T1111,Multi-Factor Authentication Interception
Doki has used a script that gathers information from a hardcoded list of IP addresses and uploads to an Ngrok URL.,exfiltration,command-and-control,exfiltration,command-and-control,0.436821399159974,Doki,malware,T1020,Automated Exfiltration
Stuxnet uses a driver registered as a boot start service as the main load-point.,persistence|privilege-escalation,execution|persistence|privilege-escalation,,execution,0.43646904498563655,Stuxnet,malware,T1543.003,Windows Service
"After encrypting C2 data, BADNEWS converts it into a hexadecimal representation and then encodes it into base64.",command-and-control,command-and-control|stealth,,stealth,0.435029773731176,BADNEWS,malware,T1132,Data Encoding
"APT-C-36 has used DDNS services such as DuckDNS, noip[.]com, and con-ip[.]com to redirect victims to sites or repositories hosting malware implants.",command-and-control,resource-development,command-and-control,resource-development,0.43413106556129044,APT-C-36,intrusion-set,T1568,Dynamic Resolution
Elise is capable of launching a remote shell on the host to delete itself.,stealth,execution|stealth,,execution,0.4338565968816821,Elise,malware,T1070.004,File Deletion
Emotet can download follow-on payloads and items via malicious `url` parameters in obfuscated PowerShell code.,command-and-control,command-and-control|stealth,,stealth,0.4314508551092088,Emotet,malware,T1105,Ingress Tool Transfer
"Blue Mockingbird has executed custom-compiled XMRIG miner DLLs by configuring them to execute via the ""wercplsupport"" service.",execution,stealth,execution,stealth,0.4312430878439264,Blue Mockingbird,intrusion-set,T1569.002,Service Execution
Doki has used the dogechain.info API to generate a C2 address.,command-and-control,execution,command-and-control,execution,0.42918150237468944,Doki,malware,T1102,Web Service
Neoichor has the ability to configure browser settings by modifying Registry entries under `HKEY_CURRENT_USER\Software\Microsoft\Internet Explorer`.,defense-impairment|persistence,defense-impairment|discovery|persistence,,discovery,0.42786733832200463,Neoichor,malware,T1112,Modify Registry
"During the 2025 Poland Wiper Attacks, the adversaries used compromised VPS servers for C2.",resource-development,command-and-control|resource-development,,command-and-control,0.42453964116220155,2025 Poland Wiper Attacks,campaign,T1584.003,Virtual Private Server
Pupy can execute Lazagne as well as Mimikatz using PowerShell.,credential-access,execution,credential-access,execution,0.4208416308226748,Pupy,tool,T1003.001,LSASS Memory
Lokibot has the ability to initiate contact with command and control (C2) to exfiltrate stolen data.,exfiltration,command-and-control|exfiltration,,command-and-control,0.41957257929783776,Lokibot,malware,T1041,Exfiltration Over C2 Channel
"During C0015, the threat actors used Conti ransomware to encrypt a compromised network.",impact,command-and-control|impact,,command-and-control,0.41658470999799313,C0015,campaign,T1486,Data Encrypted for Impact
Pacu can generate SSH and API keys for AWS infrastructure and additional API keys for other IAM users.,persistence|privilege-escalation,credential-access,persistence|privilege-escalation,credential-access,0.4147473172231084,Pacu,tool,T1098.001,Additional Cloud Credentials
"During RedPenguin, UNC3886 peformed a local memory patching attack to modify the snmpd and mgd Junos OS daemons.",persistence,defense-impairment|persistence,,defense-impairment,0.4137180159362084,RedPenguin,campaign,T1554,Compromise Host Software Binary
Grandoreiro has added BMP images to the resources section of its Portable Executable (PE) file increasing each binary to at least 300MB in size.,stealth,persistence|privilege-escalation|stealth,,persistence|privilege-escalation,0.4136309383759238,Grandoreiro,malware,T1027.001,Binary Padding
"StrelaStealer has been distributed in ISO archives. StrelaStealer has been delivered in encrypted, password-protected ZIP archives.",stealth,initial-access,stealth,initial-access,0.4097187413506427,StrelaStealer,malware,T1027,Obfuscated Files or Information
"EXOTIC LILY has uploaded malicious payloads to file-sharing services including TransferNow, TransferXL, WeTransfer, and OneDrive.",resource-development,command-and-control,resource-development,command-and-control,0.4088615688340308,EXOTIC LILY,intrusion-set,T1608.001,Upload Malware
"During RedPenguin, UNC3886 used a backdoor that binds to port 45678 by default.",command-and-control,command-and-control|stealth,,stealth,0.40550034248140054,RedPenguin,campaign,T1571,Non-Standard Port
WinMM sets a WH_CBT Windows hook to collect information on process creation.,discovery,collection,discovery,collection,0.4022734863493853,WinMM,malware,T1057,Process Discovery
Cuckoo Stealer has captured passwords by prompting victims with a “macOS needs to access System Settings” GUI window.,collection|credential-access,credential-access,collection,,0.3995467138357238,Cuckoo Stealer,malware,T1056.002,GUI Input Capture
Stuxnet can create registry keys to load driver files.,defense-impairment|persistence,defense-impairment|discovery|persistence,,discovery,0.3971236795302775,Stuxnet,malware,T1112,Modify Registry
Rising Sun can send data gathered from the infected machine via HTTP POST request to the C2.,exfiltration,command-and-control|exfiltration,,command-and-control,0.3963629379964052,Rising Sun,malware,T1041,Exfiltration Over C2 Channel
APT-C-36 has set the ShowWindow property of the Win32_ProcessStartup object to zero to hide PowerShell execution.,stealth,execution,stealth,execution,0.3959000091421063,APT-C-36,intrusion-set,T1564.003,Hidden Window
BlackByte Ransomware is distributed as an obfuscated JavaScript launcher file.,stealth,execution|stealth,,execution,0.394861152808233,BlackByte Ransomware,malware,T1140,Deobfuscate/Decode Files or Information
Industroyer’s data wiper module clears registry keys and overwrites both ICS configuration and Windows files.,impact,defense-impairment,impact,defense-impairment,0.39355787814348364,Industroyer,malware,T1485,Data Destruction
"DarkTortilla can obtain system information by querying the `Win32_ComputerSystem`, `Win32_BIOS`, `Win32_MotherboardDevice`, `Win32_PnPEntity`, and `Win32_DiskDrive` WMI objects.",discovery,discovery|execution,,execution,0.3926161780500259,DarkTortilla,malware,T1082,System Information Discovery
Regin stage 1 modules for 64-bit systems have been found to be signed with fake certificates masquerading as originating from Microsoft Corporation and Broadcom Corporation.,stealth,defense-impairment,stealth,defense-impairment,0.38523376346430305,Regin,malware,T1036.001,Invalid Code Signature
Pillowmint has used shellcode which reads code stored in the registry keys \REGISTRY\SOFTWARE\Microsoft\DRM using the native Windows API as well as read HKEY_LOCAL_MACHINE\System\CurrentControlSet\Services\Tcpip\Parameters\Interfaces as part of its C2.,discovery,defense-impairment|persistence,discovery,defense-impairment|persistence,0.3849375044873382,Pillowmint,malware,T1012,Query Registry
DustySky searches for network drives and removable media and duplicates itself onto them.,lateral-movement,discovery|lateral-movement,,discovery,0.38478543609515736,DustySky,malware,T1570,Lateral Tool Transfer
"During Operation AkaiRyū, MirrorFace collected system information.",discovery,collection|discovery,,collection,0.3797083784063494,Operation AkaiRyū,campaign,T1082,System Information Discovery
The net user username \password \domain commands in Net can be used to create a domain account.,persistence,discovery,persistence,discovery,0.3780469279788611,Net,tool,T1136.002,Domain Account
"During Operation AkaiRyū, MirrorFace abused a signed McAfee executable to load UPPERCUT.",defense-impairment,execution,defense-impairment,execution,0.3739612526389855,Operation AkaiRyū,campaign,T1553.002,Code Signing
Indrik Spider has searched files to obtain and exfiltrate credentials.,credential-access,credential-access|exfiltration,,exfiltration,0.36881772531357404,Indrik Spider,intrusion-set,T1552.001,Credentials In Files
"APT-C-36 has utilized well known malware including the Packer-as-a-Service HeartCrypt, PureCrypter, and open-source RATs such as Remcos.",resource-development,stealth,resource-development,stealth,0.367080009066193,APT-C-36,intrusion-set,T1588.001,Malware
Empire can add a SID-History to a user if on a domain controller.,privilege-escalation|stealth,defense-impairment,privilege-escalation|stealth,defense-impairment,0.3629260501534919,Empire,tool,T1134.005,SID-History Injection
Stuxnet has the ability to generate new C2 domains.,command-and-control,command-and-control|resource-development,,resource-development,0.361360907971091,Stuxnet,malware,T1008,Fallback Channels
Qilin can terminate antivirus-related processes and services.,defense-impairment,defense-impairment|impact,,impact,0.3600290827925763,Qilin,malware,T1685,Disable or Modify Tools
Latrodectus has been executed through malicious links distributed in email campaigns.,execution,execution|initial-access,,initial-access,0.3598975891649765,Latrodectus,malware,T1204.001,Malicious Link
"Pacu can search for sensitive data: for example, in Code Build environment variables, EC2 user data, and Cloud Formation templates.",credential-access,discovery|stealth,credential-access,discovery|stealth,0.3593232033750843,Pacu,tool,T1552,Unsecured Credentials
"During the 2025 Poland Wiper Attacks, the adversaries created rules that mimicked the name of an institution already present in the network device configuration to avoid detection.",stealth,discovery|stealth,,discovery,0.35809829192134435,2025 Poland Wiper Attacks,campaign,T1036.005,Match Legitimate Resource Name or Location
LockBit 3.0 can create and check for a mutex containing a hash of the `MachineGUID` value at execution to prevent running more than one instance.,stealth,discovery|stealth,,discovery,0.3535994291442649,LockBit 3.0,malware,T1480.002,Mutual Exclusion
Qilin can embed a copy of PsExec within its payload and place it in the %Temp% directory under a randomly generated filename.,lateral-movement,stealth,lateral-movement,stealth,0.35248163211109784,Qilin,malware,T1021.002,SMB/Windows Admin Shares
The Komplex C2 channel uses an 11-byte XOR algorithm to hide data.,command-and-control,command-and-control|stealth,,stealth,0.3524350406183018,Komplex,malware,T1573.001,Symmetric Cryptography
The Komplex trojan creates a persistent launch agent called with $HOME/Library/LaunchAgents/com.apple.updates.plist with launchctl load -w ~/Library/LaunchAgents/com.apple.updates.plist .,persistence|privilege-escalation,persistence,privilege-escalation,,0.3513508707818913,Komplex,malware,T1543.001,Launch Agent
APT29 has embedded ISO images and VHDX files in HTML to evade Mark-of-the-Web.,defense-impairment,stealth,defense-impairment,stealth,0.35049635727180994,APT29,intrusion-set,T1553.005,Mark-of-the-Web Bypass
Dtrack’s RAT makes a persistent target file with auto execution on the host start.,persistence|privilege-escalation,persistence,privilege-escalation,,0.3482776708653812,Dtrack,malware,T1547,Boot or Logon Autostart Execution
"APT29 uses stolen tokens to access victim accounts, without needing a password.",credential-access,credential-access|persistence|privilege-escalation,,persistence|privilege-escalation,0.34399118114485816,APT29,intrusion-set,T1528,Steal Application Access Token
"APT-C-36 campaign architecture has included image hosting sites, Pastebin, Discord, GitHub, Google Drive, BitBucket, and Dropbox.",resource-development,command-and-control|resource-development,,command-and-control,0.34324129305634044,APT-C-36,intrusion-set,T1583.006,Web Services
Brute Ratel C4 can call `NtDelayExecution` to pause execution.,discovery|stealth,execution|stealth,discovery,execution,0.3363760795404269,Brute Ratel C4,tool,T1497.003,Time Based Checks
AADInternals can gather information about a tenant’s domains using public Microsoft APIs.,reconnaissance,discovery,reconnaissance,discovery,0.3350568325346669,AADInternals,tool,T1590.001,Domain Properties
Some SeaDuke samples have a module to extract email from Microsoft Exchange servers using compromised credentials.,initial-access|persistence|privilege-escalation|stealth,collection,initial-access|persistence|privilege-escalation|stealth,collection,0.33476375774032774,SeaDuke,malware,T1078,Valid Accounts
Javali has used the MSI installer to download and execute malicious payloads.,stealth,execution|stealth,,execution,0.3310205519282541,Javali,malware,T1218.007,Msiexec
KillDisk has called the Windows API to retrieve the hard disk handle and shut down the machine.,execution,discovery,execution,discovery,0.3304999590175851,KillDisk,malware,T1106,Native API
Wiarp creates a backdoor through which remote attackers can create a service.,persistence|privilege-escalation,command-and-control|persistence|privilege-escalation,,command-and-control,0.33002728488673516,Wiarp,malware,T1543.003,Windows Service
"During APT28 Nearest Neighbor Campaign, APT28 accessed volume shadow copies through executing vssadmin in order to dump the NTDS.dit file.",stealth,credential-access,stealth,credential-access,0.3277056962777678,APT28 Nearest Neighbor Campaign,campaign,T1006,Direct Volume Access
KEYMARBLE has a command to create Registry entries for storing data under HKEY_CURRENT_USER\SOFTWARE\Microsoft\WABE\DataPath .,defense-impairment|persistence,defense-impairment,persistence,,0.3252560312588999,KEYMARBLE,malware,T1112,Modify Registry
"APT29 has enrolled their own devices into compromised cloud tenants, including enrolling a device in MFA to an Azure AD environment following a successful password guessing attack against a dormant account.",persistence|privilege-escalation,credential-access|persistence|privilege-escalation,,credential-access,0.32387758696165636,APT29,intrusion-set,T1098.005,Device Registration
Indrik Spider has served fake updates via legitimate websites that have been compromised.,resource-development,initial-access|resource-development,,initial-access,0.32373643334502944,Indrik Spider,intrusion-set,T1584.004,Server
The AshTag AshenOrchestrator component has process management functionality.,discovery,stealth,discovery,stealth,0.32367387164101535,AshTag,malware,T1057,Process Discovery
Kazuar can sleep for a specific time and be set to communicate at specific intervals.,exfiltration,discovery|exfiltration,,discovery,0.3235274746080927,Kazuar,malware,T1029,Scheduled Transfer
"Diskpart can be used to display, set, or clear attributes of a disk or volume.",defense-impairment,impact|stealth,defense-impairment,impact|stealth,0.32317983003577055,Diskpart,tool,T1222.001,Windows Permissions
LockBit 3.0 can make execution dependent on specific parameters including a unique passphrase and the system language of the targeted host not being found on a set exclusion list.,stealth,discovery,stealth,discovery,0.32087787666065315,LockBit 3.0,malware,T1480,Execution Guardrails
Elise encrypts exfiltrated data with RC4.,command-and-control,collection|exfiltration,command-and-control,collection|exfiltration,0.31925402814880655,Elise,malware,T1573.001,Symmetric Cryptography
"APT29 has leveraged compromised high-privileged on-premises accounts synced to Office 365 to move laterally into a cloud environment, including through the use of Azure AD PowerShell.",lateral-movement,initial-access|lateral-movement|privilege-escalation|stealth,,initial-access|privilege-escalation|stealth,0.3154317420482582,APT29,intrusion-set,T1021.007,Cloud Services
"MultiLayer Wiper changes timestamps of overwritten files to either 1601.1.1 for NTFS filesystems, or 1980.1.1 for all other filesystems.",stealth,impact|stealth,,impact,0.3141021578799851,MultiLayer Wiper,malware,T1070.006,Timestomp
Spark has used a splash screen to check whether an user actively clicks on the screen before running malicious code.,discovery|stealth,discovery,stealth,,0.31206145519386397,Spark,malware,T1497.002,User Activity Based Checks
StrelaStealer automatically sends gathered email credentials following collection to command and control servers via HTTP POST.,exfiltration,collection|exfiltration,,collection,0.30741365395232334,StrelaStealer,malware,T1020,Automated Exfiltration
Stuxnet schedules a network job to execute two minutes after host infection.,execution|persistence|privilege-escalation,execution,persistence|privilege-escalation,,0.3068617685647932,Stuxnet,malware,T1053.005,Scheduled Task
"StrelaStealer searches for and if found collects the contents of files such as `logins.json` and `key4.db` in the `$APPDATA%\Thunderbird\Profiles\` directory, associated with the Thunderbird email application.",credential-access,collection|discovery,credential-access,collection|discovery,0.3061749507480994,StrelaStealer,malware,T1552.001,Credentials In Files
BlackByte Ransomware spreads itself laterally by writing the JavaScript launcher file to mapped shared folders.,lateral-movement,execution|lateral-movement,,execution,0.30542517670468894,BlackByte Ransomware,malware,T1570,Lateral Tool Transfer
Part of APT28's operation involved using CHOPSTICK modules to copy itself to air-gapped machines and using files written to USB sticks to transfer data and command traffic.,initial-access|lateral-movement,collection|lateral-movement,initial-access,collection,0.3034362342291048,CHOPSTICK,malware,T1091,Replication Through Removable Media
EXOTIC LILY has used contact forms on victim websites to generate phishing e-mails.,reconnaissance,reconnaissance|resource-development,,resource-development,0.29819231071659913,EXOTIC LILY,intrusion-set,T1594,Search Victim-Owned Websites
"During APT28 Nearest Neighbor Campaign, APT28 added rules to a victim's Windows firewall to set up a series of port-forwards allowing traffic to target systems.",defense-impairment,command-and-control|defense-impairment,,command-and-control,0.29800000189181786,APT28 Nearest Neighbor Campaign,campaign,T1686.003,Windows Host Firewall
Embargo has cleared files from the recycle bin by invoking `SHEmptyRecycleBinW()` and disabled Windows recovery through `C:\Windows\System32\cmd.exe /q /c bcdedit /set {default} recoveryenabled no`.,impact,defense-impairment,impact,defense-impairment,0.2965798861296294,Embargo,malware,T1490,Inhibit System Recovery
Pikabot Distribution February 2024 utilized emails with hyperlinks leading to malicious ZIP archive files containing scripts to download and install Pikabot.,initial-access,execution|initial-access,,execution,0.2930181692302054,Pikabot Distribution February 2024,campaign,T1566.002,Spearphishing Link
EXOTIC LILY has used malicious documents containing exploits for CVE-2021-40444 affecting Microsoft MSHTML.,execution,execution|initial-access,,initial-access,0.2927363492755979,EXOTIC LILY,intrusion-set,T1203,Exploitation for Client Execution
Winnti for Linux can encode its configuration file with single-byte XOR encoding.,stealth,command-and-control|stealth,,command-and-control,0.29265829745094174,Winnti for Linux,malware,T1027.013,Encrypted/Encoded File
StoneDrill has relied on injecting its payload directly into the process memory of the victim's preferred browser.,privilege-escalation|stealth,stealth,privilege-escalation,,0.2914900628431014,StoneDrill,malware,T1055,Process Injection
AADInternals can directly download cloud user data such as OneDrive files.,exfiltration,command-and-control,exfiltration,command-and-control,0.2912127978593503,AADInternals,tool,T1048,Exfiltration Over Alternative Protocol
AADInternals can send phishing emails containing malicious links designed to collect users’ credentials.,reconnaissance,initial-access,reconnaissance,initial-access,0.2899919082481557,AADInternals,tool,T1598.003,Spearphishing Link
"StrelaStealer variants have used PowerShell scripts to download or drop payloads, including obfuscated variants to connect to a WebDAV server to download and executed an encrypted DLL for installation.",execution,command-and-control|execution|stealth,,command-and-control|stealth,0.2897233520444594,StrelaStealer,malware,T1059.001,PowerShell
Hikit supports peer connections.,command-and-control,stealth,command-and-control,stealth,0.28878502203800693,Hikit,malware,T1090.001,Internal Proxy
"OilBooster uses the Microsoft Graph API to connect to an actor-controlled OneDrive account to download and execute files and shell commands, and to create directories to share exfiltrated data.",command-and-control,execution,command-and-control,execution,0.28698084101494303,OilBooster,malware,T1102.002,Bidirectional Communication
Empire includes various modules for finding files of interest on hosts and network shares.,discovery,collection,discovery,collection,0.28308493829701176,Empire,tool,T1083,File and Directory Discovery
"When it first starts, BADNEWS crawls the victim's mapped drives and collects documents with the following extensions: .doc, .docx, .pdf, .ppt, .pptx, and .txt.",collection,collection|discovery,,discovery,0.2816921811367932,BADNEWS,malware,T1039,Data from Network Shared Drive
"FIN13 has utilized obfuscated and open-source web shells such as JspSpy, reGeorg, MiniWebCmdShell, and Vonloesch Jsp File Browser 1.2 to enable remote code execution and to execute commands on compromised web server.",persistence,execution|persistence,,execution,0.27846311410278934,FIN13,intrusion-set,T1505.003,Web Shell
"Qilin can detect virtual machine environments including ESXi hosts, datacenters, and clusters within vCenter environments.",discovery,discovery|execution,,execution,0.2758838552744136,Qilin,malware,T1673,Virtual Machine Discovery
AshTag can use JSON files to deliver payloads and configuration files.,execution,stealth,execution,stealth,0.2751580191050774,AshTag,malware,T1059.007,JavaScript
LAPSUS$ has purchased credentials and session tokens from criminal underground forums.,reconnaissance,credential-access|stealth,reconnaissance,credential-access|stealth,0.27128807415553147,LAPSUS$,intrusion-set,T1597.002,Purchase Technical Data
XTunnel has been used to execute remote commands.,execution,command-and-control|execution,,command-and-control,0.26999925377510336,XTunnel,malware,T1059.003,Windows Command Shell
"Impacket tools – such as getST.py or ticketer.py – can be used to steal or forge Kerberos tickets using ccache files given a password, hash, aesKey, or TGT.",credential-access,credential-access|lateral-movement,,lateral-movement,0.26922943685246725,Impacket,tool,T1558.005,Ccache Files
"Emotet can brute force a local admin password, then use it to facilitate lateral movement.",initial-access|persistence|privilege-escalation|stealth,credential-access,initial-access|persistence|privilege-escalation|stealth,credential-access,0.26905307694205116,Emotet,malware,T1078.003,Local Accounts
LockBit 3.0 can use a compromised local account for lateral movement.,initial-access|persistence|privilege-escalation|stealth,initial-access|lateral-movement|persistence,privilege-escalation|stealth,lateral-movement,0.26845788298626183,LockBit 3.0,malware,T1078.003,Local Accounts
APT-C-36 has used phishing pages appearing like legitimate banking login portals to compromise credentials.,resource-development,initial-access,resource-development,initial-access,0.2576781596208706,APT-C-36,intrusion-set,T1683.002,Audio-Visual Content
Kali365 has the ability to modify email rules to delete email based notifications prior to the victim seeing them.,stealth,collection|defense-impairment|stealth,,collection|defense-impairment,0.25731170942850023,Kali365,malware,T1564.008,Email Hiding Rules
APT29 has installed a run command on a compromised system to enable malware execution on system startup.,persistence|privilege-escalation,execution|persistence|privilege-escalation,,execution,0.25526499636932676,APT29,intrusion-set,T1037.004,RC Scripts
"During RedPenguin, UNC3886 leveraged malware capable of inpecting packets for a magic-string to activate backdoor functionalities.",command-and-control|persistence|stealth,persistence,command-and-control|stealth,,0.2529213750648276,RedPenguin,campaign,T1205,Traffic Signaling
"After loading the keyword and phone data files, MESSAGETAP begins monitoring all network connections to and from the victim server.",discovery,collection,discovery,collection,0.2528448778856056,MESSAGETAP,malware,T1049,System Network Connections Discovery
EnvyScout can use protocol handlers to coax the operating system to send NTLMv2 authentication responses to attacker-controlled infrastructure.,credential-access,command-and-control,credential-access,command-and-control,0.2523450150084149,EnvyScout,malware,T1187,Forced Authentication
"During the 2025 Poland Wiper Attacks, threat actors utilized privileged accounts to access the FortiGate VPN solution and subsequent subnets.",initial-access|persistence|privilege-escalation|stealth,initial-access|persistence,privilege-escalation|stealth,,0.2510630584225255,2025 Poland Wiper Attacks,campaign,T1078.002,Domain Accounts
APT-C-36 has regularly used compromised email accounts in spearphishing campaigns.,resource-development,initial-access|resource-development,,initial-access,0.2507132302736794,APT-C-36,intrusion-set,T1586.002,Email Accounts
KillDisk deletes system files to make the OS unbootable. KillDisk also targets and deletes files with 35 different file extensions.,impact,impact|stealth,,stealth,0.25055367157219366,KillDisk,malware,T1485,Data Destruction
The net user username \password commands in Net can be used to create a local account.,persistence,discovery,persistence,discovery,0.25050989408529334,Net,tool,T1136.001,Local Account
KOPILUWAK has gained execution through malicious attachments.,execution,execution|initial-access,,initial-access,0.2478968617569306,KOPILUWAK,malware,T1204.002,Malicious File
APT19 launched an HTTP malware variant and a Port 22 malware variant using a legitimate executable that loaded the malicious DLL.,execution|stealth,stealth,execution,,0.2468523670350108,APT19,intrusion-set,T1574.001,DLL
APT-C-36 has used a compromised account to send a phishing email to an address likely used and monitored by the IT team within the same targeted organization.,lateral-movement,initial-access,lateral-movement,initial-access,0.24552591310133187,APT-C-36,intrusion-set,T1534,Internal Spearphishing
"Part of APT28's operation involved using CHOPSTICK modules to copy itself to air-gapped machines, using files written to USB sticks to transfer data and command traffic.",command-and-control,collection|lateral-movement,command-and-control,collection|lateral-movement,0.2438947099129436,CHOPSTICK,malware,T1092,Communication Through Removable Media
SharpDisco can load a plugin to exfiltrate stolen files to SMB shares also used in C2.,exfiltration,exfiltration|lateral-movement,,lateral-movement,0.24221692581057042,SharpDisco,malware,T1041,Exfiltration Over C2 Channel
REvil can use the Windows command line to delete volume shadow copies and disable recovery.,execution,execution|impact,,impact,0.24126683168106444,REvil,malware,T1059.003,Windows Command Shell
One of Dtrack can replace the normal flow of a program execution with malicious code.,execution|stealth,stealth,execution,,0.23939019620409907,Dtrack,malware,T1574,Hijack Execution Flow
WellMess can use junk data in the Base64 string for additional obfuscation.,command-and-control,command-and-control|stealth,,stealth,0.2376590644590596,WellMess,malware,T1001.001,Junk Data
RogueRobin uses Windows Script Components.,execution,stealth,execution,stealth,0.23666525464527355,RogueRobin,malware,T1059.003,Windows Command Shell
"Pacu can enumerate and download files stored in AWS storage services, such as S3 buckets.",collection,discovery,collection,discovery,0.23596164662658103,Pacu,tool,T1530,Data from Cloud Storage
Blue Mockingbird has made their XMRIG payloads persistent as a Windows Service.,persistence|privilege-escalation,persistence,privilege-escalation,,0.22799652095810585,Blue Mockingbird,intrusion-set,T1543.003,Windows Service
APT-C-36 has generated email content impersonating official notifications and documents that direct victims to execute malicious payloads.,resource-development,execution|stealth,resource-development,execution|stealth,0.22631799251592744,APT-C-36,intrusion-set,T1683.001,Written Content
Pupy can obtain a list of SIDs and provide the option for selecting process tokens to impersonate.,privilege-escalation|stealth,privilege-escalation,stealth,,0.22547071382995565,Pupy,tool,T1134.001,Token Impersonation/Theft
Grandoreiro can obtain C2 information from Google Docs.,command-and-control,discovery,command-and-control,discovery,0.22418696443275454,Grandoreiro,malware,T1102.001,Dead Drop Resolver
CHOPSTICK may store RC4 encrypted configuration information in the Windows Registry.,stealth,defense-impairment|stealth,,defense-impairment,0.22231082243803402,CHOPSTICK,malware,T1027.011,Fileless Storage
njRAT has used C2 infrastructure to receive stolen information from the infected machine including screenshots and other system information.,exfiltration,collection,exfiltration,collection,0.22025654492283753,njRAT,malware,T1041,Exfiltration Over C2 Channel
FIN6 has collected schemas and user accounts from systems running SQL Server.,collection,discovery,collection,discovery,0.21967621180203667,FIN6,intrusion-set,T1213.006,Databases
Mis-Type may create a temporary user on the system named `Lost_{Unique Identifier}`.,persistence,discovery,persistence,discovery,0.21831796900986755,Mis-Type,malware,T1136.001,Local Account
Emotet has copied itself to remote systems using the `service.exe` filename.,lateral-movement,stealth,lateral-movement,stealth,0.2180911039614658,Emotet,malware,T1570,Lateral Tool Transfer
FIN6 has used Metasploit’s PsExec NTDSGRAB module to obtain a copy of the victim's Active Directory database.,discovery,credential-access|execution,discovery,credential-access|execution,0.2176119783274333,FIN6,intrusion-set,T1087.002,Domain Account
APT-C-36 has used compromised Google Drive accounts including one associated with a Colombian government organization.,resource-development,initial-access|stealth,resource-development,initial-access|stealth,0.21674147634622365,APT-C-36,intrusion-set,T1586.003,Cloud Accounts
"Wingbird uses services.exe to register a new autostart service named ""Audit Service"" using a copy of the local lsass.exe file.",execution,privilege-escalation,execution,privilege-escalation,0.21615225608107846,Wingbird,malware,T1569.002,Service Execution
PlugX has leveraged XOR encryption with the key of 123456789.,stealth,command-and-control,stealth,command-and-control,0.21461222852751038,PlugX,malware,T1027.013,Encrypted/Encoded File
"During RedPenguin, UNC3886 used infrastructure associated with operational relay box (ORB) networks.",command-and-control,resource-development,command-and-control,resource-development,0.21358789249858212,RedPenguin,campaign,T1090.003,Multi-hop Proxy
StrelaStealer variants collect victim system information for exfiltration.,discovery,discovery|exfiltration,,exfiltration,0.21276258944938764,StrelaStealer,malware,T1082,System Information Discovery
"SilverTerrier targets organizations in high technology, higher education, and manufacturing for business email compromise (BEC) campaigns with the goal of financial theft.",impact,impact|reconnaissance,,reconnaissance,0.21029360182807655,SilverTerrier,intrusion-set,T1657,Financial Theft
Kali365 has dynamically generated legitimate device codes that displays on the victims screen alongside instructions to copy and paste the device code to initiate and complete a successful authentication process.,execution,stealth,execution,stealth,0.21011744505720087,Kali365,malware,T1204.004,Malicious Copy and Paste
Grandoreiro can store its configuration in the Registry at `HKCU\Software\` under frequently changing names including %USERNAME% and ToolTech-RM .,stealth,persistence|stealth,,persistence,0.2100606976432402,Grandoreiro,malware,T1027.011,Fileless Storage
BlackByte Ransomware is distributed as an encrypted payload.,stealth,impact|stealth,,impact,0.20874749804880133,BlackByte Ransomware,malware,T1027.013,Encrypted/Encoded File
MESSAGETAP stored targeted SMS messages that matched its target list in CSV files on the compromised system.,collection,discovery,collection,discovery,0.20789653823720156,MESSAGETAP,malware,T1074.001,Local Data Staging
"APT38 has used DYEPACK to create, delete, and alter records in databases used for SWIFT transactions.",impact,stealth,impact,stealth,0.20604101427875,APT38,intrusion-set,T1565.001,Stored Data Manipulation
"Lizar has decrypted its configuration data, such as the C2 IP address, ports and other network communication.",stealth,command-and-control|stealth,,command-and-control,0.20566947065009522,Lizar,malware,T1140,Deobfuscate/Decode Files or Information
SUNSPOT encrypted log entries it collected with the stream cipher RC4 using a hard-coded key. It also uses AES128-CBC encrypted blobs for SUNBURST source code and data extracted from the SolarWinds Orion process.,stealth,collection|stealth,,collection,0.20301289899502284,SUNSPOT,malware,T1027,Obfuscated Files or Information
FIN13 has replaced legitimate KeePass binaries with trojanized versions to collect passwords from numerous applications.,credential-access|defense-impairment|persistence,credential-access,defense-impairment|persistence,,0.20144179674850982,FIN13,intrusion-set,T1556,Modify Authentication Process
DarkTortilla has used `%HiddenReg%` and `%HiddenKey%` as part of its persistence via the Windows registry.,stealth,persistence,stealth,persistence,0.19963632558615552,DarkTortilla,malware,T1564,Hide Artifacts
"Emotet has the ability to duplicate the user’s token. For example, Emotet may use a variant of Google’s ProtoBuf to send messages that specify how code will be executed.",privilege-escalation|stealth,stealth,privilege-escalation,,0.1980913245211079,Emotet,malware,T1134.001,Token Impersonation/Theft
"During Operation Dream Job, Lazarus Group used code signing certificates issued by Sectigo RSA for some of its malware and tools.",resource-development,defense-impairment|resource-development,,defense-impairment,0.19751961864051504,Operation Dream Job,campaign,T1588.003,Code Signing Certificates
UPSTYLE clears error logs after reading embedded commands for execution.,defense-impairment,stealth,defense-impairment,stealth,0.19467997870492637,UPSTYLE,malware,T1685.006,Clear Linux or Mac System Logs
Empire can use built-in modules to abuse trusted utilities like MSBuild.exe.,execution|stealth,execution,stealth,,0.19194991068482814,Empire,tool,T1127.001,MSBuild
"For early Gazer versions, the compilation timestamp was faked.",stealth,discovery|stealth,,discovery,0.19181425020214382,Gazer,malware,T1070.006,Timestomp
Lokibot's second stage DLL has set a timer using “timeSetEvent” to schedule its next execution.,execution|persistence|privilege-escalation,persistence|privilege-escalation|stealth,execution,stealth,0.1895117267741928,Lokibot,malware,T1053,Scheduled Task/Job
Qilin can make Registry modifications to share networked drives between elevated and non-elevated processes and to increase the number of outstanding network requests per client. Qilin can also modify `HKEY_CURRENT_USER\Control Panel\Desktop\Wallpaper` to enable posting of ransom messages.,defense-impairment|persistence,defense-impairment|impact,persistence,impact,0.1874288803110069,Qilin,malware,T1112,Modify Registry
BackConfig has used compressed and decimal encoded VBS scripts.,stealth,execution|stealth,,execution,0.18690377248621615,BackConfig,malware,T1027.010,Command Obfuscation
UPSTYLE parses encoded commands from error logs after attempting to resolve a non-existing webpage from the command and control server.,command-and-control,command-and-control|stealth,,stealth,0.18672181856313308,UPSTYLE,malware,T1102.003,One-Way Communication
"During Operation Dream Job, Lazarus Group lured users into executing a malicious link to disclose private account information or provide initial access.",execution,execution|persistence,,persistence,0.18617875998920796,Operation Dream Job,campaign,T1204.001,Malicious Link
NPPSPY captures user input into the Winlogon process by redirecting RPC traffic from legitimate listening DLLs within the operating system to a newly registered malicious item that allows for recording logon information in cleartext.,collection|credential-access,collection|credential-access|defense-impairment,,defense-impairment,0.18348856486447773,NPPSPY,tool,T1056,Input Capture
APT33 has used a variety of publicly available tools like LaZagne to gather credentials.,credential-access,credential-access|resource-development,,resource-development,0.18298825610682234,APT33,intrusion-set,T1552.001,Credentials In Files
"LAPSUS$ has gathered employee email addresses, including personal accounts, for social engineering and initial access efforts.",reconnaissance,reconnaissance|resource-development,,resource-development,0.17925703558144823,LAPSUS$,intrusion-set,T1589.002,Email Addresses
"If installing itself as a service fails, Elise instead writes itself as a file named svchost.exe saved in %APPDATA%\Microsoft\Network.",stealth,privilege-escalation|stealth,,privilege-escalation,0.1767038890576884,Elise,malware,T1036.005,Match Legitimate Resource Name or Location
Mis-Type may create a file containing the results of the command cmd.exe /c net user {Username} .,discovery,execution,discovery,execution,0.17636315059816887,Mis-Type,malware,T1087.001,Local Account
"Stuxnet checks for specific operating systems on 32-bit machines, Registry keys, and dates for vulnerabilities, and will exit execution if the values are not met.",stealth,discovery,stealth,discovery,0.1754527849441494,Stuxnet,malware,T1480,Execution Guardrails
"LAPSUS$ has targeted various collaboration tools like Slack, Teams, JIRA, Confluence, and others to hunt for exposed credentials to support privilege escalation and lateral movement.",credential-access,privilege-escalation,credential-access,privilege-escalation,0.17531367506711804,LAPSUS$,intrusion-set,T1552.008,Chat Messages
Elise exfiltrates data using cookie values that are Base64-encoded.,command-and-control,stealth,command-and-control,stealth,0.17422584810605823,Elise,malware,T1132.001,Standard Encoding
Pillowmint has stored a compressed payload in the Registry key HKLM\SOFTWARE\Microsoft\DRM .,stealth,persistence|stealth,,persistence,0.17305317161084488,Pillowmint,malware,T1027.011,Fileless Storage
CORESHELL C2 messages are Base64-encoded.,command-and-control,stealth,command-and-control,stealth,0.17097380241362026,CORESHELL,malware,T1132.001,Standard Encoding
Empire can find shared drives on the local system.,discovery,collection|discovery,,collection,0.16705263495087808,Empire,tool,T1135,Network Share Discovery
Emotet has encrypted data before sending to the C2 server.,command-and-control,collection,command-and-control,collection,0.16633122837639447,Emotet,malware,T1573,Encrypted Channel
"KARAE was distributed through torrent file-sharing websites to South Korean victims, using a YouTube video downloader application as a lure.",initial-access,command-and-control|initial-access,,command-and-control,0.16436051445632438,KARAE,malware,T1189,Drive-by Compromise
"During RedPenguin, UNC3886 exploited CVE-2025-21590 to bypass Veriexec protections in Junos OS designed to prevent unauthorized binary execution.",execution,stealth,execution,stealth,0.1626077250642144,RedPenguin,campaign,T1203,Exploitation for Client Execution
WellMess can send files from the victim machine to C2.,collection,command-and-control,collection,command-and-control,0.1593604092128672,WellMess,malware,T1005,Data from Local System
Qilin can exclude specific directories and files from encryption.,discovery,collection,discovery,collection,0.15935829817568115,Qilin,malware,T1083,File and Directory Discovery
Embargo has utilized a BAT script to disable security solutions.,execution,defense-impairment|execution|persistence,,defense-impairment|persistence,0.15911816197444728,Embargo,malware,T1059.003,Windows Command Shell
"BPFDoor starts a shell on a high TCP port starting at 42391 up to 43391, then changes the local `iptables` rules to redirect all packets from the attacker to the shell port.",defense-impairment,persistence,defense-impairment,persistence,0.15819584076529747,BPFDoor,malware,T1686,Disable or Modify System Firewall
Impacket modules like GetUserSPNs can be used to get Service Principal Names (SPNs) for user accounts. The output is formatted to be compatible with cracking tools like John the Ripper and Hashcat.,credential-access,stealth,credential-access,stealth,0.15402534386881106,Impacket,tool,T1558.003,Kerberoasting
The net start and net stop commands can be used in Net to execute or stop Windows services.,execution,impact,execution,impact,0.15368923068129758,Net,tool,T1569.002,Service Execution
MultiLayer Wiper removes the Volume Shadow Copy (VSS) service from infected devices along with all present shadow copies.,defense-impairment,impact,defense-impairment,impact,0.15345462741555926,MultiLayer Wiper,malware,T1685,Disable or Modify Tools
LAMEHUG has used the Hugging Face API to query the Qwen2.5-Coder-32B-Instruct LLM to generate one-line Windows commands for the collection of system information and documents in specific folders on compromised hosts. LAMEHUG subsequently executed the returned commands and exfiltrated the collected files and information to adversary-controlled C2 servers.,command-and-control,execution|exfiltration,command-and-control,execution|exfiltration,0.1511009395835281,LAMEHUG,malware,T1102.002,Bidirectional Communication
"NPPSPY opens a new network listener for the mpnotify.exe process that is typically contacted by the Winlogon process in Windows. A new, alternative RPC channel is set up with a malicious DLL recording plaintext credentials entered into Winlogon, effectively intercepting and redirecting the logon information.",collection|credential-access,credential-access|privilege-escalation,collection,privilege-escalation,0.14900582360846126,NPPSPY,tool,T1557,Adversary-in-the-Middle
The DustySky dropper uses Windows Management Instrumentation to extract information about the operating system and whether an anti-virus is active.,execution,discovery,execution,discovery,0.14706210460608715,DustySky,malware,T1047,Windows Management Instrumentation
LockBit 3.0 can exclude files associated with core system functions from encryption.,discovery,collection|stealth,discovery,collection|stealth,0.14560874759764164,LockBit 3.0,malware,T1083,File and Directory Discovery
MirrorFace has embedded OneDrive URLs in emails leading to malicious file installation.,initial-access,stealth,initial-access,stealth,0.14402456526601315,MirrorFace,intrusion-set,T1566.002,Spearphishing Link
CHOPSTICK is capable of performing remote file transmission.,command-and-control,lateral-movement,command-and-control,lateral-movement,0.14286617492587306,CHOPSTICK,malware,T1105,Ingress Tool Transfer
LockBit 3.0 can use PowerShell to apply Group Policy changes.,execution,defense-impairment|execution,,defense-impairment,0.1418164524300478,LockBit 3.0,malware,T1059.001,PowerShell
"During Operation Dream Job, Lazarus Group digitally signed their malware and the dbxcli utility.",resource-development,defense-impairment,resource-development,defense-impairment,0.14100278553918733,Operation Dream Job,campaign,T1587.002,Code Signing Certificates
Kivars has the ability to remotely trigger keyboard input and mouse clicks.,lateral-movement,collection,lateral-movement,collection,0.14029587953554024,Kivars,malware,T1021,Remote Services
Stuxnet uses an RPC server that contains a file dropping routine and support for payload version updates for P2P communications within a victim network.,lateral-movement,command-and-control,lateral-movement,command-and-control,0.13961864244217226,Stuxnet,malware,T1570,Lateral Tool Transfer
Impacket can be used to sniff network traffic via an interface or raw socket.,credential-access|discovery,command-and-control|credential-access|discovery,,command-and-control,0.13890900955522056,Impacket,tool,T1040,Network Sniffing
LAPSUS$ has deleted the target's systems and resources both on-premises and in the cloud.,impact,stealth,impact,stealth,0.1388613635805117,LAPSUS$,intrusion-set,T1485,Data Destruction
LockBit 2.0 can exclude files associated with core system functions from encryption.,discovery,collection|stealth,discovery,collection|stealth,0.133232881750875,LockBit 2.0,malware,T1083,File and Directory Discovery
LockBit 2.0 can automatically terminate processes that may interfere with the encryption or file extraction processes.,impact,stealth,impact,stealth,0.130220201158594,LockBit 2.0,malware,T1489,Service Stop
"During the 2025 Poland Wiper Attacks, the adversaries modified two-factor settings within the FortiGate solution to `unset`.",credential-access|defense-impairment|persistence,defense-impairment,credential-access|persistence,,0.12930199394059527,2025 Poland Wiper Attacks,campaign,T1556.006,Multi-Factor Authentication
"During the 2025 Poland Wiper Attacks, the adversaries configured the FortiGate devices to send notifications to an attacker-controlled Slack channel. During the 2025 Poland Wiper Attacks, the adversaries had also staged tools and files on services such as Dropbox and Pastebin.",resource-development,exfiltration,resource-development,exfiltration,0.12925174993706712,2025 Poland Wiper Attacks,campaign,T1583.006,Web Services
"During Operation AkaiRyū, MirrorFace abused Visual Studio Code (VS Code) remote tunnels to gain access and execute code on compromised machines.",command-and-control,initial-access|persistence,command-and-control,initial-access|persistence,0.12665887361956218,Operation AkaiRyū,campaign,T1219.001,IDE Tunneling
"When executed, BPFDoor attempts to create and lock a runtime file, `/var/run/initd.lock`, and exits if it fails using the specified file, resulting in a makeshift mutex.",stealth,execution|stealth,,execution,0.1239323396095866,BPFDoor,malware,T1480.002,Mutual Exclusion
TrickBot has used a hidden VNC (hVNC) window to monitor the victim and collect information stealthily.,stealth,collection|discovery,stealth,collection|discovery,0.12328548593024957,TrickBot,malware,T1564.003,Hidden Window
USBStealer automatically exfiltrates collected files via removable media when an infected device connects to an air-gapped victim machine after initially being connected to an internet-enabled victim machine.,exfiltration,exfiltration|initial-access,,initial-access,0.11530548898566173,USBStealer,malware,T1020,Automated Exfiltration
HermeticWiper has the ability to deploy through an infected system's default domain policy.,defense-impairment|privilege-escalation,privilege-escalation,defense-impairment,,0.11230349659789551,HermeticWiper,malware,T1484.001,Group Policy Modification
LAPSUS$ has reconfigured a victim's DNS records to actor-controlled domains and websites.,resource-development,command-and-control,resource-development,command-and-control,0.10920659273641631,LAPSUS$,intrusion-set,T1584.002,DNS Server
APT-C-36 has used VPNs in their operational infrastructure.,initial-access|persistence,resource-development,initial-access|persistence,resource-development,0.10819294924288836,APT-C-36,intrusion-set,T1133,External Remote Services
HermeticWiper can overwrite the `C:\Windows\System32\winevt\Logs` file on a targeted system.,defense-impairment,impact,defense-impairment,impact,0.10795450946657437,HermeticWiper,malware,T1685.005,Clear Windows Event Logs
"MgBot includes a module for establishing a process watchdog for itself, identifying if the MgBot process is still running.",discovery,discovery|stealth,,stealth,0.10354133484437855,MgBot,malware,T1057,Process Discovery
PACEMAKER can enter a loop to read `/proc/` entries every 2 seconds in order to read a target application's memory.,collection,discovery,collection,discovery,0.09858291168272892,PACEMAKER,malware,T1119,Automated Collection
FIN13 has utilized `nmap` for reconnaissance efforts. FIN13 has also scanned for internal MS-SQL servers in a compromised network.,discovery,discovery|reconnaissance,,reconnaissance,0.09832704212430465,FIN13,intrusion-set,T1046,Network Service Discovery
Kali365 has used Cloudflare Workers to redirect traffic and to host malicious phishing pages. Kali365 has also leveraged Telegram chat to facilitate administrative tasks for the panel across affiliate users.,command-and-control,resource-development,command-and-control,resource-development,0.09712782610251658,Kali365,malware,T1102,Web Service
Playcrypt can use AlphaVSS to delete shadow copies.,impact,impact|stealth,,stealth,0.09642966719938506,Playcrypt,malware,T1490,Inhibit System Recovery
HermeticWiper has the ability to receive a command parameter to sleep prior to carrying out destructive actions on a targeted host.,discovery|stealth,discovery|impact,stealth,impact,0.0952003897574315,HermeticWiper,malware,T1497.003,Time Based Checks
APT29 has used repeated MFA requests to gain access to victim accounts.,credential-access,initial-access|persistence,credential-access,initial-access|persistence,0.0939461797051957,APT29,intrusion-set,T1621,Multi-Factor Authentication Request Generation
MgBot includes a module capable of stealing content from the Tencent QQ database storing user QQ message history on infected devices.,collection,collection|stealth,,stealth,0.09226335940973196,MgBot,malware,T1213.006,Databases
"LAPSUS$ uploaded sensitive files, information, and credentials from a targeted organization for extortion or public release.",collection,reconnaissance,collection,reconnaissance,0.09038195582395248,LAPSUS$,intrusion-set,T1005,Data from Local System
Qilin can accept a command line argument identifying specific IPs.,discovery,discovery|execution,,execution,0.08960904146818383,Qilin,malware,T1016,System Network Configuration Discovery
Qilin can use the Splashtop remote management service (SRManager.exe) to execute the Linux ransomware binary directly on Windows systems.,command-and-control,execution,command-and-control,execution,0.0859659767783123,Qilin,malware,T1219.002,Remote Desktop Software
BlackEnergy has enabled the TESTSIGNING boot configuration option to facilitate loading of a driver component.,defense-impairment,privilege-escalation|stealth,defense-impairment,privilege-escalation|stealth,0.08453794104060841,BlackEnergy,malware,T1553.006,Code Signing Policy Modification
Emotet has been observed to hook network APIs to monitor network traffic.,credential-access|discovery,discovery,credential-access,,0.08335498129952046,Emotet,malware,T1040,Network Sniffing
HermeticWiper can disable the VSS service on a compromised host using the service control manager.,impact,defense-impairment,impact,defense-impairment,0.07946624439657102,HermeticWiper,malware,T1490,Inhibit System Recovery
Industroyer sends information about hardware profiles and previously-received commands back to the C2 server in a POST-request.,exfiltration,command-and-control,exfiltration,command-and-control,0.07769109537943142,Industroyer,malware,T1041,Exfiltration Over C2 Channel
Empire has a module for creating a new domain user if permissions allow.,persistence,defense-impairment,persistence,defense-impairment,0.07557459280130963,Empire,tool,T1136.002,Domain Account
BackConfig has compromised victims via links to URLs hosting malicious content.,execution,execution|initial-access,,initial-access,0.07205226530064124,BackConfig,malware,T1204.001,Malicious Link
Pillowmint has been compressed and stored within a registry key.,stealth,defense-impairment|stealth,,defense-impairment,0.07152251590534098,Pillowmint,malware,T1027.015,Compression
"During the 2025 Poland Wiper Attacks, the adversaries had stolen Security Account Manager (SAM) and SYSTEM registry hives.",credential-access,defense-impairment,credential-access,defense-impairment,0.07063498423887693,2025 Poland Wiper Attacks,campaign,T1003.002,Security Account Manager
CrackMapExec can discover the password policies applied to the target system.,discovery,credential-access|discovery,,credential-access,0.06547439523484888,CrackMapExec,tool,T1201,Password Policy Discovery
APT38 has used DYEPACK to manipulate SWIFT messages en route to a printer.,impact,persistence,impact,persistence,0.06423732224986445,APT38,intrusion-set,T1565.002,Transmitted Data Manipulation
"TrickBot module ""Trickboot"" can write or erase the UEFI/BIOS firmware of a compromised device.",impact,defense-impairment|persistence,impact,defense-impairment|persistence,0.062159699530512924,TrickBot,malware,T1495,Firmware Corruption
REvil can save encryption parameters and system information in the Registry.,stealth,discovery,stealth,discovery,0.05995321228703099,REvil,malware,T1027.011,Fileless Storage
Kazuar has used compromised WordPress blogs as C2 servers.,command-and-control,resource-development,command-and-control,resource-development,0.05637978071166727,Kazuar,malware,T1102.002,Bidirectional Communication
Penquin can add the executable flag to a downloaded file.,defense-impairment,stealth,defense-impairment,stealth,0.05621057572144328,Penquin,malware,T1222.002,Linux and Mac Permissions
"Kali365 has executed JavaScript within victims' browsers through a React frontend that detects browser sessions to evade automated analysis, auto-copies actor-generated device codes to the victim's clipboard, and polls the actor's C2 infrastructure every three seconds to confirm when OAuth token capture has completed..",execution,collection,execution,collection,0.05491959848272909,Kali365,malware,T1059.007,JavaScript
LAPSUS$ has removed a targeted organization's global admin accounts to lock the organization out of all access.,impact,stealth,impact,stealth,0.05091008102999306,LAPSUS$,intrusion-set,T1531,Account Access Removal
Qilin can attempt to log on to the local computer via `LogonUserW` and use `GetLogicalDrives()` and `EnumResourceW()` for discovery.,execution,discovery,execution,discovery,0.05001014355247302,Qilin,malware,T1106,Native API
"During Operation AkaiRyū, MirrorFace used free email providers such as Gmail for spearphishing.",resource-development,command-and-control,resource-development,command-and-control,0.04660777679873729,Operation AkaiRyū,campaign,T1585.002,Email Accounts
Blue Mockingbird has used PowerShell reverse TCP shells to issue interactive commands over a network connection.,execution,command-and-control,execution,command-and-control,0.044519930030827215,Blue Mockingbird,intrusion-set,T1059.001,PowerShell
Empire contains modules that can discover and exploit unquoted path vulnerabilities.,execution|stealth,execution,stealth,,0.04381928058095008,Empire,tool,T1574.009,Path Interception by Unquoted Path
Indrik Spider has used the win32_service WMI class to retrieve a list of services from the system.,discovery,execution,discovery,execution,0.04232892960365553,Indrik Spider,intrusion-set,T1007,System Service Discovery
POSHSPY appends a file signature header (randomly selected from six file types) to encrypted data prior to upload or download.,stealth,command-and-control,stealth,command-and-control,0.04226770387017409,POSHSPY,malware,T1027,Obfuscated Files or Information
"MESSAGETAP uses the libpcap library to listen to all traffic and parses network protocols starting with Ethernet and IP layers. It continues parsing protocol layers including SCTP, SCCP, and TCAP and finally extracts SMS message data and routing metadata.",credential-access|discovery,command-and-control,credential-access|discovery,command-and-control,0.04219300565200024,MESSAGETAP,malware,T1040,Network Sniffing
"Daggerfly has used signed, but not notarized, malicious files for execution in macOS environments.",defense-impairment,execution,defense-impairment,execution,0.041786887616625856,Daggerfly,intrusion-set,T1553.002,Code Signing
SDBbot has the ability to use RDP to connect to victim's machines.,lateral-movement,command-and-control,lateral-movement,command-and-control,0.041747800253287615,SDBbot,malware,T1021.001,Remote Desktop Protocol
Mis-Type may create a file containing the results of the command cmd.exe /c ipconfig /all .,discovery,execution,discovery,execution,0.0415750481608439,Mis-Type,malware,T1016,System Network Configuration Discovery
"During the 2025 Poland Wiper Attacks, the adversaries used compromised Cisco routers for network communications.",resource-development,command-and-control,resource-development,command-and-control,0.04080984479646943,2025 Poland Wiper Attacks,campaign,T1584.008,Network Devices
TrickBot uses web injects and browser redirection to trick the user into providing their login credentials on a fake or modified web page.,collection,persistence,collection,persistence,0.03908331905767448,TrickBot,malware,T1185,Browser Session Hijacking
"During APT28 Nearest Neighbor Campaign, APT28 collected information on wireless interfaces within range of a compromised system.",discovery,collection,discovery,collection,0.03820330347050471,APT28 Nearest Neighbor Campaign,campaign,T1016.002,Wi-Fi Discovery
MirrorFace has used tools including the Secure Copy Protocol (SCP) client from PuTTY and Cobalt Strike.,resource-development,command-and-control,resource-development,command-and-control,0.035326847796840144,MirrorFace,intrusion-set,T1588.002,Tool
MirrorFace has used RDP to exfiltrate files of interest.,lateral-movement,collection|exfiltration,lateral-movement,collection|exfiltration,0.034785511293953686,MirrorFace,intrusion-set,T1021.001,Remote Desktop Protocol
StrelaStealer encrypts the payload of HTTP POST communications using the same XOR key used for the malware's DLL payload.,command-and-control,stealth,command-and-control,stealth,0.03241266024396661,StrelaStealer,malware,T1001,Data Obfuscation
Empire has a module for creating a local user if permissions allow.,persistence,defense-impairment,persistence,defense-impairment,0.03137771248047905,Empire,tool,T1136.001,Local Account
"During Operation Dream Job, Lazarus Group used malicious Trojans and DLL files to exfiltrate data from an infected host.",collection,exfiltration,collection,exfiltration,0.029634251027335745,Operation Dream Job,campaign,T1005,Data from Local System
SharpDisco can identify recently opened files by using an LNK format parser to extract the original file path from LNK files found in either `%USERPROFILE%\Recent` (Windows XP) or `%APPDATA%\Microsoft\Windows\Recent` (newer Windows versions) .,discovery,collection,discovery,collection,0.028450841309823893,SharpDisco,malware,T1083,File and Directory Discovery
"A version of PlugX loads as shellcode within a .NET Framework project using msbuild.exe, presumably to bypass application control techniques.",execution|stealth,stealth,execution,,0.025416763798105313,PlugX,malware,T1127.001,MSBuild
Kali365 has utilized an Exchange Admin module that captured admin tokens to create rogue mailbox connectors and change mail-flow rules.,lateral-movement,stealth,lateral-movement,stealth,0.020772935171700757,Kali365,malware,T1550.001,Application Access Token
BackConfig has the ability to use hidden columns in Excel spreadsheets to store executable files or commands for VBA macros.,persistence,execution,persistence,execution,0.019074111711531172,BackConfig,malware,T1137.001,Office Template Macros
"Crutch can persist via DLL search order hijacking on Google Chrome, Mozilla Firefox, or Microsoft OneDrive.",execution|stealth,execution,stealth,,0.016457418482180186,Crutch,malware,T1574.001,DLL
One variant of BlackEnergy creates a new service using either a hard-coded or randomly generated name.,persistence|privilege-escalation,privilege-escalation,persistence,,0.016161255484591353,BlackEnergy,malware,T1543.003,Windows Service
Kali365 has generated tailored branded phishing lures to target victims utilizing a myriad of reputable services and brands that entice users to interact with the content. Kali365 has also been enabled with AI such as Claude Sonnet that evaluates emails and generates tailored responses to facilitate BEC activities.,resource-development,execution,resource-development,execution,0.014650872231936507,Kali365,malware,T1683.001,Written Content
HAWKBALL has encrypted data with XOR before sending it over the C2 channel.,collection,command-and-control,collection,command-and-control,0.011501085046020543,HAWKBALL,malware,T1560.003,Archive via Custom Method
StoneDrill can wipe the accessible physical or logical drives of the infected machine.,impact,discovery,impact,discovery,0.006745782235778819,StoneDrill,malware,T1561.001,Disk Content Wipe
"During Operation Spalax, the threat actors used OneDrive and MediaFire to host payloads.",command-and-control,resource-development,command-and-control,resource-development,0.006730099639538523,Operation Spalax,campaign,T1102,Web Service
"During the 2025 Poland Wiper Attacks, the adversaries configured a native CLI to gather a targeted elevated users password using `grep`.",credential-access,execution,credential-access,execution,0.006333026063080283,2025 Poland Wiper Attacks,campaign,T1555,Credentials from Password Stores
KillDisk has called GetCurrentProcess .,discovery,,discovery,,-0.0008405935505009232,KillDisk,malware,T1057,Process Discovery
"CoinTicker downloads the EggShell mach-o binary using curl, which does not set the quarantine flag.",defense-impairment,,defense-impairment,,-0.001590042092080357,CoinTicker,malware,T1553.001,Gatekeeper Bypass
"During Operation Dream Job, Lazarus Group used Windows API `ObtainUserAgentString` to obtain the victim's User-Agent and used the value to connect to their C2 server.",execution,,execution,,-0.002464207817174824,Operation Dream Job,campaign,T1106,Native API
DarkTortilla can download a clipboard information stealer module.,collection,,collection,,-0.004541002402057903,DarkTortilla,malware,T1115,Clipboard Data
HyperBro can be delivered encrypted to a compromised host.,stealth,,stealth,,-0.006347987443665826,HyperBro,malware,T1027.013,Encrypted/Encoded File
Kali365 has created obfuscated phishing landing pages that act as an adversary in the middle infrastructure that intercepts communications between the victim host and legitimate services to steal credentials and user sessions.,collection|credential-access,,collection|credential-access,,-0.006419637083191487,Kali365,malware,T1557,Adversary-in-the-Middle
USBStealer drops itself onto removable media and relies on Autorun to execute the malicious file when a user opens the removable media on another system.,initial-access|lateral-movement,,initial-access|lateral-movement,,-0.006447698310841465,USBStealer,malware,T1091,Replication Through Removable Media
APT29 has used encoded PowerShell scripts uploaded to CozyCar installations to download and install SeaDuke.,execution,,execution,,-0.00876723425090875,APT29,intrusion-set,T1059.001,PowerShell
LockBit 3.0 will not affect machines with language settings matching a defined exlusion list of mainly Eastern European languages.,discovery,,discovery,,-0.010375976470874071,LockBit 3.0,malware,T1614.001,System Language Discovery
Daggerfly compromised web servers hosting updates for software as part of a supply chain intrusion.,resource-development,,resource-development,,-0.010690527346300271,Daggerfly,intrusion-set,T1584.004,Server
StoneDrill has downloaded and dropped temporary files containing scripts; it additionally has a function to upload files from the victims machine.,command-and-control,,command-and-control,,-0.011149700731116097,StoneDrill,malware,T1105,Ingress Tool Transfer
FIN13 has utilized web shells and Java tools for tunneling capabilities to and from compromised assets.,command-and-control,,command-and-control,,-0.011417635613946486,FIN13,intrusion-set,T1572,Protocol Tunneling
"During APT28 Nearest Neighbor Campaign, APT28 unarchived data using the GUI version of WinRAR.",stealth,,stealth,,-0.012456475286900526,APT28 Nearest Neighbor Campaign,campaign,T1140,Deobfuscate/Decode Files or Information
Empire can exploit vulnerabilities such as MS16-032 and MS16-135.,privilege-escalation,,privilege-escalation,,-0.01419689682276104,Empire,tool,T1068,Exploitation for Privilege Escalation
APT19 downloaded and launched code within a SCT file.,execution,,execution,,-0.015107849692381992,APT19,intrusion-set,T1059,Command and Scripting Interpreter
Empire can enumerate Security Support Providers (SSPs) as well as utilize PowerSploit's Install-SSP and Invoke-Mimikatz to install malicious SSPs and log authentication events.,persistence|privilege-escalation,,persistence|privilege-escalation,,-0.015758267605142984,Empire,tool,T1547.005,Security Support Provider
Javali can read C2 information from Google Documents and YouTube.,command-and-control,,command-and-control,,-0.015915342084434236,Javali,malware,T1102.001,Dead Drop Resolver
CORESHELL C2 messages are encrypted with custom stream ciphers using six-byte or eight-byte keys.,command-and-control,,command-and-control,,-0.016036446202770338,CORESHELL,malware,T1573.001,Symmetric Cryptography
StrelaStealer has been delivered via JScript files in a ZIP archive.,stealth,,stealth,,-0.016448627137934935,StrelaStealer,malware,T1027.015,Compression
APT29 has abused misconfigured AD CS certificate templates to impersonate admin users and create additional authentication certificates.,credential-access,,credential-access,,-0.01766032676842899,APT29,intrusion-set,T1649,Steal or Forge Authentication Certificates
Qilin can use symbolic links to redirect file paths for remote and local objects and can use `chmod +x` to make its payload binary executable.,defense-impairment,,defense-impairment,,-0.018784470001992237,Qilin,malware,T1222,File and Directory Permissions Modification
APT33 has used compromised Office 365 accounts in tandem with Ruler in an attempt to gain control of endpoints.,initial-access|persistence|privilege-escalation|stealth,,initial-access|persistence|privilege-escalation|stealth,,-0.019169567122148568,APT33,intrusion-set,T1078.004,Cloud Accounts
Neoichor can clear the browser history on a compromised host by changing the `ClearBrowsingHistoryOnExit` value to 1 in the `HKEY_CURRENT_USER\Software\Microsoft\Internet Explorer\Privacy` Registry key.,stealth,,stealth,,-0.021896624387780284,Neoichor,malware,T1070,Indicator Removal
Doki was run through a deployed container.,execution,,execution,,-0.024765986283136865,Doki,malware,T1610,Deploy Container
ShimRatReporter encrypted gathered information with a combination of shifting and XOR using a static key.,stealth,,stealth,,-0.02485210150207917,ShimRatReporter,tool,T1027,Obfuscated Files or Information
"During APT28 Nearest Neighbor Campaign, APT28 exfiltrated data over public-facing webservers – such as Google Drive.",exfiltration,,exfiltration,,-0.02740168929598852,APT28 Nearest Neighbor Campaign,campaign,T1567,Exfiltration Over Web Service
ZIPLINE can find and append specific files on Ivanti Connect Secure VPNs based upon received commands.,discovery,,discovery,,-0.028780073757429303,ZIPLINE,malware,T1083,File and Directory Discovery
Kali365's desktop client has made Microsoft Graph API calls using the distinct User-Agent string `kali365-live/1.0.0` to access victim mailboxes and enumerate account data following OAuth token capture.,command-and-control,,command-and-control,,-0.03218076646117596,Kali365,malware,T1071.001,Web Protocols
BlackByte Ransomware uses the `SetThreadExecutionState` API to prevent the victim system from entering sleep.,execution,,execution,,-0.03385456491921135,BlackByte Ransomware,malware,T1106,Native API
Emotet has been observed leveraging a module that retrieves passwords stored on a system for the current logged-on user.,credential-access,,credential-access,,-0.0349006965142451,Emotet,malware,T1552.001,Credentials In Files
Grandoreiro can parse Outlook .pst files to extract e-mail addresses.,discovery,,discovery,,-0.037822195647874146,Grandoreiro,malware,T1087.003,Email Account
"During APT28 Nearest Neighbor Campaign, APT28 used cmd.exe for execution.",execution,,execution,,-0.04106986222523046,APT28 Nearest Neighbor Campaign,campaign,T1059.003,Windows Command Shell
China Chopper's server component executes code sent via HTTP POST commands.,command-and-control,,command-and-control,,-0.045170113039850524,China Chopper,malware,T1071.001,Web Protocols
APT-C-36 has used a botnet management interface to control large numbers of compromised hosts.,resource-development,,resource-development,,-0.045278437712926056,APT-C-36,intrusion-set,T1584.005,Botnet
"Orangeworm has copied its backdoor across open network shares, including ADMIN$, C$WINDOWS, D$WINDOWS, and E$WINDOWS.",lateral-movement,,lateral-movement,,-0.04548398262299069,Orangeworm,intrusion-set,T1021.002,SMB/Windows Admin Shares
SharpDisco has been used to download a Python interpreter to `C:\Users\Public\WinTN\WinTN.exe` as well as other plugins from external sources.,command-and-control,,command-and-control,,-0.04580764118858094,SharpDisco,malware,T1105,Ingress Tool Transfer
Empire can use various modules to search for files containing passwords.,credential-access,,credential-access,,-0.046215833633813985,Empire,tool,T1552.001,Credentials In Files
Skidmap has the ability to set SELinux to permissive mode.,defense-impairment,,defense-impairment,,-0.04742963825897473,Skidmap,malware,T1685,Disable or Modify Tools
"Diskpart can execute a disk partition script file, which attempts to mount a virtual hard disk. Diskpart can also assign and mount virtual disks.",execution,,execution,,-0.048141157673540325,Diskpart,tool,T1059.003,Windows Command Shell
MirrorFace has used Secure File Transfer Protocol (SFTP) for file exfiltration.,exfiltration,,exfiltration,,-0.04851692524000728,MirrorFace,intrusion-set,T1048.002,Exfiltration Over Asymmetric Encrypted Non-C2 Protocol
"During the 2025 Poland Wiper Attacks, the adversaries used the Rubeus tool to forge a Diamond Ticket that is a modified legitimate Kerberos ticket.",credential-access,,credential-access,,-0.05016038490099539,2025 Poland Wiper Attacks,campaign,T1558,Steal or Forge Kerberos Tickets
TrickBot module shareDll/mshareDll discovers network shares via the WNetOpenEnumA API.,discovery,,discovery,,-0.05044324434155811,TrickBot,malware,T1135,Network Share Discovery
Emissary has the capability to execute ver and systeminfo commands.,discovery,,discovery,,-0.05139909194181502,Emissary,malware,T1082,System Information Discovery
Industroyer has a data wiper component that enumerates keys in the Registry HKEY_LOCAL_MACHINE\SYSTEM\CurrentControlSet\Services .,discovery,,discovery,,-0.05153338705544419,Industroyer,malware,T1012,Query Registry
Pupy can also perform pass-the-ticket.,lateral-movement,,lateral-movement,,-0.05363308680624912,Pupy,tool,T1550.003,Pass the Ticket
Stuxnet sends compromised victim information via HTTP.,exfiltration,,exfiltration,,-0.05573982669189714,Stuxnet,malware,T1041,Exfiltration Over C2 Channel
The AADInternals `Set-AADIntUserMFA` command can be used to disable MFA for a specified user.,credential-access|defense-impairment|persistence,,credential-access|defense-impairment|persistence,,-0.058578717920810375,AADInternals,tool,T1556.006,Multi-Factor Authentication
Akira has used PowerShell scripts for credential harvesting and privilege escalation.,execution,,execution,,-0.05932676989614194,Akira,intrusion-set,T1059.001,PowerShell
"CoinTicker downloads the following hidden files to evade detection and maintain persistence: /private/tmp/.info.enc, /private/tmp/.info.py, /private/tmp/.server.sh, ~/Library/LaunchAgents/.espl.plist, ~/Library/Containers/.[random string]/[random string].",stealth,,stealth,,-0.05965582940801406,CoinTicker,malware,T1564.001,Hidden Files and Directories
MESSAGETAP has XOR-encrypted and stored contents of SMS messages that matched its target list.,collection,,collection,,-0.06130634391791806,MESSAGETAP,malware,T1560.003,Archive via Custom Method
THINCRUST can deobfuscate RSA encrypted C2 commands received through the DEVICEID cookie.,stealth,,stealth,,-0.06286687174523992,THINCRUST,malware,T1140,Deobfuscate/Decode Files or Information
LAPSUS$ has accessed internet-facing identity providers such as Azure Active Directory and Okta to target specific organizations.,initial-access,,initial-access,,-0.06327691621245679,LAPSUS$,intrusion-set,T1199,Trusted Relationship
"USBStealer drops commands for a second victim onto a removable media drive inserted into the first victim, and commands are executed when the drive is inserted into the second victim.",command-and-control,,command-and-control,,-0.06635239716817642,USBStealer,malware,T1092,Communication Through Removable Media
Qilin can define specific processes to be terminated or left alone at execution.,discovery,,discovery,,-0.06733861251305517,Qilin,malware,T1057,Process Discovery
Emotet has been observed dropping browser password grabber modules.,credential-access,,credential-access,,-0.06748412102095469,Emotet,malware,T1555.003,Credentials from Web Browsers
Stuxnet propagates using the MS10-061 Print Spooler and MS08-067 Windows Server Service vulnerabilities.,lateral-movement,,lateral-movement,,-0.06863971588624884,Stuxnet,malware,T1210,Exploitation of Remote Services
FRP can be configured to only accept TLS connections.,command-and-control,,command-and-control,,-0.06896239368866608,FRP,tool,T1573.002,Asymmetric Cryptography
Stuxnet infected WinCC machines via a hardcoded database server password.,initial-access|persistence|privilege-escalation|stealth,,initial-access|persistence|privilege-escalation|stealth,,-0.07020982261244235,Stuxnet,malware,T1078.001,Default Accounts
FIN13 has searched for infrastructure that can provide remote access to an environment for targeting efforts.,reconnaissance,,reconnaissance,,-0.07281258368322185,FIN13,intrusion-set,T1590.004,Network Topology
"Once inside a Virtual Private Cloud, Pacu can attempt to identify DirectConnect, VPN, or VPC Peering.",discovery,,discovery,,-0.08465815081262373,Pacu,tool,T1049,System Network Connections Discovery
LazyWiper has overwritten files with pseudorandom 32‑byte sequences written at 16‑byte intervals making the file unrecoverable.,impact,,impact,,-0.08492946806271079,LazyWiper,malware,T1485,Data Destruction
SharpDisco has dropped a recent-files stealer plugin to `C:\Users\Public\WinSrcNT\It11.exe`.,collection,,collection,,-0.08533511624834994,SharpDisco,malware,T1005,Data from Local System
Kali365 has captured session cookies and related session artifacts when the interacted phishing lure acts as proxy for legitimate requests with login services.,credential-access,,credential-access,,-0.08691788427475933,Kali365,malware,T1539,Steal Web Session Cookie
Skidmap has used pm.sh to download and install its main payload.,execution,,execution,,-0.08925809829176146,Skidmap,malware,T1059.004,Unix Shell
RogueRobin can save a new file to the system from the C2 server.,command-and-control,,command-and-control,,-0.08955362005572065,RogueRobin,malware,T1105,Ingress Tool Transfer
PureCrypter has executed `Set-MpPreference -ExclusionPath` to exclude files or folders from Windows Defender scans.,defense-impairment,,defense-impairment,,-0.09097771055189419,PureCrypter,malware,T1685,Disable or Modify Tools
Empire can utilize built-in modules to modify service binaries and restore them to their original state.,persistence|privilege-escalation,,persistence|privilege-escalation,,-0.09443194872056648,Empire,tool,T1543.003,Windows Service
Daggerfly utilizes victim machine operating system information to create custom User Agent strings for subsequent command and control communication.,discovery,,discovery,,-0.09819230347203611,Daggerfly,intrusion-set,T1082,System Information Discovery
AshTag can use a .NET program to execute WMI queries and send unique victim IDs to C2.,execution,,execution,,-0.09838764832059588,AshTag,malware,T1047,Windows Management Instrumentation
Doki has resolved the path of a process PID to use as a script argument.,discovery,,discovery,,-0.10248553430428098,Doki,malware,T1083,File and Directory Discovery
Empire can leverage its implementation of Mimikatz to obtain and use silver tickets.,credential-access,,credential-access,,-0.10277081397371413,Empire,tool,T1558.002,Silver Ticket
APT29 has ensured web servers in a victim environment are Internet accessible before copying tools or malware to it.,discovery,,discovery,,-0.10289427082950353,APT29,intrusion-set,T1016.001,Internet Connection Discovery
"During the 2025 Poland Wiper Attacks, the adversaries gathered and used the FortiGate bookmarks defined in the configuration file to include the statically defined credentials that facilitated RDP connections to jump hosts.",collection,,collection,,-0.10331039898334249,2025 Poland Wiper Attacks,campaign,T1602.002,Network Device Configuration Dump
"During the 2025 Poland Wiper Attacks, the adversaries leveraged stolen credentials within cloud services to download targeted data from SharePoint, and Teams.",collection,,collection,,-0.10365943646967757,2025 Poland Wiper Attacks,campaign,T1530,Data from Cloud Storage
"FIN6 has encoded data gathered from the victim with a simple substitution cipher and single-byte XOR using the 0xAA key, and Base64 with character permutation.",collection,,collection,,-0.10380070138411718,FIN6,intrusion-set,T1560.003,Archive via Custom Method
"Empire contains some modules that leverage API hooking to carry out tasks, such as netripper.",collection|credential-access,,collection|credential-access,,-0.10443543200282113,Empire,tool,T1056.004,Credential API Hooking
"CHOPSTICK provides access to the Windows Registry, which can be used to gather information.",discovery,,discovery,,-0.10807538851871556,CHOPSTICK,malware,T1012,Query Registry
MirrorFace has deployed shellcode to check for Japanese Microsoft Office settings.,discovery,,discovery,,-0.10871299894012865,MirrorFace,intrusion-set,T1614.001,System Language Discovery
ZIPLINE can add itself to the exclusion list for the Ivanti Connect Secure Integrity Checker Tool if the `--exclude` parameter is passed by the `tar` process.,defense-impairment,,defense-impairment,,-0.1104236775518429,ZIPLINE,malware,T1685,Disable or Modify Tools
SeaDuke is capable of executing commands.,execution,,execution,,-0.11372939138191385,SeaDuke,malware,T1059.003,Windows Command Shell
Empire has modules for executing scripts.,execution,,execution,,-0.11553733086216378,Empire,tool,T1059.003,Windows Command Shell
Emotet can extract names of all locally reachable Wi-Fi networks and then perform a brute-force attack to spread to new networks.,discovery,,discovery,,-0.11722315565572483,Emotet,malware,T1016.002,Wi-Fi Discovery
"During Operation Dream Job, Lazarus Group registered a domain name identical to that of a compromised company as part of their BEC effort.",resource-development,,resource-development,,-0.11831317920378581,Operation Dream Job,campaign,T1583.001,Domains
Several tools used by Suckfly have been command-line driven.,execution,,execution,,-0.11846745687822846,Suckfly,intrusion-set,T1059.003,Windows Command Shell
"Brute Ratel C4 can use legitimate websites for external C2 channels including Slack, Discord, and MS Teams.",command-and-control,,command-and-control,,-0.12190477311330805,Brute Ratel C4,tool,T1102,Web Service
Qilin has run `cmd /C [PsExec] -accepteula \\IP Address -c -f -h -d -i C:\Users\xxx\ .exe --password [PASSWORD] --spread --spread-process` to execute its encryptor to target multiple network shares.,execution,,execution,,-0.12571211272849392,Qilin,malware,T1059.003,Windows Command Shell
njRAT can browse file systems using a file manager module.,discovery,,discovery,,-0.12578052764108694,njRAT,malware,T1083,File and Directory Discovery
Troll Stealer encrypts gathered information on victim devices prior to exfiltrating it through command and control infrastructure.,collection,,collection,,-0.1261708132296433,Troll Stealer,malware,T1074.001,Local Data Staging
NETWIRE has used a custom encryption algorithm to encrypt collected data.,collection,,collection,,-0.12829815073586937,NETWIRE,malware,T1560.003,Archive via Custom Method
Brute Ratel C4 has the ability to hide memory artifacts and to patch Event Tracing for Windows (ETW) and the Anti Malware Scan Interface (AMSI).,defense-impairment,,defense-impairment,,-0.12871019611640344,Brute Ratel C4,tool,T1685,Disable or Modify Tools
LAMEHUG has the ability to execute Windows commands returned from C2 to gather system information.,discovery,,discovery,,-0.12984218911435863,LAMEHUG,malware,T1082,System Information Discovery
"Penquin can use the command code do_vslist to send file names, size, and status to C2.",discovery,,discovery,,-0.13149825785547808,Penquin,malware,T1083,File and Directory Discovery
Pysa has the functionality to delete shadow copies.,impact,,impact,,-0.13275965573076465,Pysa,malware,T1490,Inhibit System Recovery
Lizar can collect email accounts from Microsoft Outlook and Mozilla Thunderbird.,discovery,,discovery,,-0.13462931339087258,Lizar,malware,T1087.003,Email Account
Industroyer uses a custom DoS tool that leverages CVE-2015-5374 and targets hardcoded IP addresses of Siemens SIPROTEC devices.,impact,,impact,,-0.13731727681016181,Industroyer,malware,T1499.004,Application or System Exploitation
"During Operation Dream Job, Lazarus Group deployed malware designed not to run on computers set to Korean, Japanese, or Chinese in Windows language preferences.",discovery,,discovery,,-0.13737445613251242,Operation Dream Job,campaign,T1614.001,System Language Discovery
TEARDROP ran as a Windows service from the c:\windows\syswow64 folder.,persistence|privilege-escalation,,persistence|privilege-escalation,,-0.13934400755683518,TEARDROP,malware,T1543.003,Windows Service
KOPILUWAK has piped the results from executed C2 commands to `%TEMP%\result2.dat` on the local machine.,collection,,collection,,-0.13941665913389067,KOPILUWAK,malware,T1074.001,Local Data Staging
FIN13 has obtained administrative credentials by browsing through local files on a compromised machine.,credential-access,,credential-access,,-0.14111317023384595,FIN13,intrusion-set,T1552.001,Credentials In Files
BlackByte Ransomware enables SMBv1 during execution.,defense-impairment,,defense-impairment,,-0.1426942990402431,BlackByte Ransomware,malware,T1689,Downgrade Attack
KGH_SPY has the ability to set a Registry key to run a cmd.exe command.,execution,,execution,,-0.14297668135752528,KGH_SPY,malware,T1059.003,Windows Command Shell
Elise executes systeminfo after initial communication is made to the remote server.,discovery,,discovery,,-0.14314859164279237,Elise,malware,T1082,System Information Discovery
ShimRat can impersonate Windows services and antivirus products to avoid detection on compromised systems.,stealth,,stealth,,-0.14403040890158675,ShimRat,malware,T1036.004,Masquerade Task or Service
LAPSUS$ has deleted the target's systems and resources in the cloud to trigger the organization's incident and crisis response process.,defense-impairment,,defense-impairment,,-0.14500056636590708,LAPSUS$,intrusion-set,T1578.003,Delete Cloud Instance
"BPFDoor overwrites the `argv[0]` value used by the Linux `/proc` filesystem to determine the command line and command name to display for each process. BPFDoor selects a name from 10 hardcoded names that resemble Linux system daemons, such as; `/sbin/udevd -d`, `dbus-daemon --system`, `avahi-daemon: chroot helper`, `/sbin/auditd -n`, and `/usr/lib/systemd/systemd-journald`.",stealth,,stealth,,-0.1451517864078562,BPFDoor,malware,T1036.011,Overwrite Process Arguments
"Lizar has obfuscated the fingerprint of the victim system, the local IP address, and the Fowler-Noll-V 1 (FNV-1) hash of the local IP address using an XOR operation. The data is then sent to the C2 server.",stealth,,stealth,,-0.14560462995444656,Lizar,malware,T1027,Obfuscated Files or Information
"APT29 has used multiple software exploits for common client software, like Microsoft Word, Exchange, and Adobe Reader, to gain code execution.",execution,,execution,,-0.14727249569664247,APT29,intrusion-set,T1203,Exploitation for Client Execution
"APT29 has used residential proxies, including Azure Virtual Machines, to obfuscate their access to victim environments.",resource-development,,resource-development,,-0.15302247100628513,APT29,intrusion-set,T1586.003,Cloud Accounts
Pillowmint can uninstall the malicious service from an infected machine.,stealth,,stealth,,-0.15331315296447645,Pillowmint,malware,T1070.009,Clear Persistence
"APT-C-36 has impersonated banks including Banco Davivienda, Bancolombia, and BBVA as well as government institutions such as Colombia’s National Directorate of Taxes and Customs, Ministry of Foreign Affairs, and Office of the Attorney General.",stealth,,stealth,,-0.1534592292978726,APT-C-36,intrusion-set,T1684.001,Impersonation
"Kali365 has directed victims to actor-controlled phishing pages through malicious links, initiating device code authorization flows or adversary-in-the-middle session capture.",execution,,execution,,-0.15376410296951537,Kali365,malware,T1204.001,Malicious Link
Embargo has created a service named irnagentd that executed the MDeployer loader after the system is rebooted in Safe Mode.,execution,,execution,,-0.15421454069094453,Embargo,malware,T1569.002,Service Execution
StrelaStealer installers have used obfuscated PowerShell scripts to retrieve follow-on payloads from WebDAV servers.,command-and-control,,command-and-control,,-0.15521651542461234,StrelaStealer,malware,T1105,Ingress Tool Transfer
HTTPBrowser is capable of writing a file to the compromised system from the C2 server.,command-and-control,,command-and-control,,-0.15599885170163985,HTTPBrowser,malware,T1105,Ingress Tool Transfer
"During RedPenguin, UNC3886 accessed the Junos OS CLI on targeted devices.",execution,,execution,,-0.1566951714077905,RedPenguin,campaign,T1059.008,Network Device CLI
"During C0015, the threat actors limited Rclone's bandwidth setting during exfiltration.",exfiltration,,exfiltration,,-0.1579468095152663,C0015,campaign,T1030,Data Transfer Size Limits
"During Operation AkaiRyū, MirrorFace used remote access tools including PuTTY.",command-and-control,,command-and-control,,-0.15858576997774154,Operation AkaiRyū,campaign,T1219,Remote Access Tools
Koadic can enable remote desktop on the victim's machine.,lateral-movement,,lateral-movement,,-0.1588801357484606,Koadic,tool,T1021.001,Remote Desktop Protocol
LAPSUS$ has gathered detailed knowledge of team structures within a target organization.,reconnaissance,,reconnaissance,,-0.16210749083867393,LAPSUS$,intrusion-set,T1591.004,Identify Roles
EXOTIC LILY conducted an e-mail thread-hijacking campaign with malicious ISO attachments.,initial-access,,initial-access,,-0.16424092641854404,EXOTIC LILY,intrusion-set,T1566.001,Spearphishing Attachment
"During APT28 Nearest Neighbor Campaign, APT28 compromised third-party infrastructure in physical proximity to targets of interest for follow-on activities.",resource-development,,resource-development,,-0.16948432201790076,APT28 Nearest Neighbor Campaign,campaign,T1584,Compromise Infrastructure
Higaisa discovered system proxy settings and used them if available.,command-and-control,,command-and-control,,-0.17062768613983603,Higaisa,intrusion-set,T1090.001,Internal Proxy
Stuxnet used xp_cmdshell to store and execute SQL code.,persistence,,persistence,,-0.17261022304056073,Stuxnet,malware,T1505.001,SQL Stored Procedures
"Indrik Spider has collected credentials from infected systems, including domain accounts.",initial-access|persistence|privilege-escalation|stealth,,initial-access|persistence|privilege-escalation|stealth,,-0.17532920708824895,Indrik Spider,intrusion-set,T1078.002,Domain Accounts
Pupy has a built-in module for port scanning.,discovery,,discovery,,-0.17607273213678432,Pupy,tool,T1046,Network Service Discovery
"During the 2025 Poland Wiper Attacks, the adversaries had staged tools and files for use on Dropbox and Pastebin.",resource-development,,resource-development,,-0.17724290825060252,2025 Poland Wiper Attacks,campaign,T1608.002,Upload Tool
"Pikabot Distribution February 2024 utilized a tampered legitimate executable, `grepWinNP3.exe`, for its first stage Pikabot loader, modifying the open-source tool to execute malicious code when launched.",execution|stealth,,execution|stealth,,-0.18326977554298618,Pikabot Distribution February 2024,campaign,T1574,Hijack Execution Flow
KillDisk registers as a service under the Plug-And-Play Support name.,stealth,,stealth,,-0.1855010019443587,KillDisk,malware,T1036.004,Masquerade Task or Service
Agent.btz creates a file named thumb.dd on all USB flash drives connected to the victim. This file contains information about the infected system and activity logs.,exfiltration,,exfiltration,,-0.18948102812589906,Agent.btz,malware,T1052.001,Exfiltration over USB
LAMEHUG can decode and drop a decoy file attached to spearphishing emails.,stealth,,stealth,,-0.19370895118138803,LAMEHUG,malware,T1140,Deobfuscate/Decode Files or Information
APT29 used large size files to avoid detection by security solutions with hardcoded size limits.,stealth,,stealth,,-0.19607836429624037,APT29,intrusion-set,T1027.001,Binary Padding
WastedLocker created and established a service that runs until the encryption process is complete.,persistence|privilege-escalation,,persistence|privilege-escalation,,-0.20168342792328742,WastedLocker,malware,T1543.003,Windows Service
Elise executes net user after initial communication is made to the remote server.,discovery,,discovery,,-0.2020393552988078,Elise,malware,T1087.001,Local Account
"Qilin has used PsExec to distribute a second encryptor, named encryptor_1.exe, across the targeted environment.",lateral-movement,,lateral-movement,,-0.2024682159099831,Qilin,malware,T1570,Lateral Tool Transfer
"Embargo has leveraged MS4Killer to deliver a vulnerable driver to the victim device, sometimes referred to as Bring Your Own Vulnerable Driver (BYOVD). Embargo has utilized the vulnerable driver probmon.sys version 3.0.0.4 which had a revoked certificated from “ITM System Co.,LTD.”",privilege-escalation,,privilege-escalation,,-0.2046685860610966,Embargo,malware,T1068,Exploitation for Privilege Escalation
Emotet has used `CreateProcess` to create a new process to run its executable and `WNetEnumResourceW` to enumerate non-hidden shares.,execution,,execution,,-0.20717942429622138,Emotet,malware,T1106,Native API
"During C0015, PowerView's file share enumeration results were stored in the file `c:\ProgramData\found_shares.txt`.",collection,,collection,,-0.20800971112680133,C0015,campaign,T1074.001,Local Data Staging
APT29 has used the `reg save` command to save registry hives.,credential-access,,credential-access,,-0.21055400623428733,APT29,intrusion-set,T1003.002,Security Account Manager
APT29 has used the legitimate mailing service Constant Contact to send phishing e-mails.,initial-access,,initial-access,,-0.2112078065743953,APT29,intrusion-set,T1566.003,Spearphishing via Service
China Chopper's server component can upload local files.,collection,,collection,,-0.21321228989223062,China Chopper,malware,T1005,Data from Local System
"During Operation Dream Job, Lazarus Group used file hosting services like DropBox and OneDrive.",resource-development,,resource-development,,-0.21449069998574566,Operation Dream Job,campaign,T1583.006,Web Services
Axiom has used digital certificates to deliver malware.,defense-impairment,,defense-impairment,,-0.2181786818255248,Axiom,intrusion-set,T1553,Subvert Trust Controls
"LAPSUS$ has recruited target organization employees or contractors who provide credentials and approve an associated MFA prompt, or install remote management software onto a corporate workstation, allowing LAPSUS$ to take control of an authenticated system.",execution,,execution,,-0.21978496641911605,LAPSUS$,intrusion-set,T1204,User Execution
"Kapeka utilizes AES-256 (CBC mode), XOR, and RSA-2048 encryption schemas for various configuration and other objects.",stealth,,stealth,,-0.22732872050288944,Kapeka,malware,T1027.013,Encrypted/Encoded File
StoneDrill has a disk wiper module that targets files other than those in the Windows directory.,impact,,impact,,-0.22847769022053233,StoneDrill,malware,T1485,Data Destruction
UPSTYLE retrieves a non-existent webpage from the command and control server then parses commands from the resulting error logs to decode commands to the web shell.,command-and-control,,command-and-control,,-0.228609016690989,UPSTYLE,malware,T1001.001,Junk Data
Kali365 has gathered browser session information and allows affiliate threat actors to replay stolen browser sessions within their own environment.,collection,,collection,,-0.22902221757031221,Kali365,malware,T1185,Browser Session Hijacking
ConnectWise can record video on remote hosts.,collection,,collection,,-0.23072044993687146,ConnectWise,tool,T1125,Video Capture
Latrodectus has the ability to restart compromised hosts.,impact,,impact,,-0.23345314988340438,Latrodectus,malware,T1529,System Shutdown/Reboot
MirrorFace has sent targeted emails purporting to be from a Japanese political party’s PR department.,stealth,,stealth,,-0.23417381781409174,MirrorFace,intrusion-set,T1684.001,Impersonation
Turian has the ability to use a XOR decryption key to extract C2 server domains and IP addresses.,stealth,,stealth,,-0.23488320538121144,Turian,malware,T1140,Deobfuscate/Decode Files or Information
Emotet has installed itself as a new service with the service name `Windows Defender System Service` and display name `WinDefService`.,stealth,,stealth,,-0.23550779143650502,Emotet,malware,T1036.004,Masquerade Task or Service
LAPSUS$ has spammed target users with MFA prompts in the hope that the legitimate user will grant necessary approval.,credential-access,,credential-access,,-0.23746937323746786,LAPSUS$,intrusion-set,T1621,Multi-Factor Authentication Request Generation
Turian can insert pseudo-random characters into its network encryption setup.,command-and-control,,command-and-control,,-0.23763648198405796,Turian,malware,T1001.001,Junk Data
PAKLOG has detected and logged the full path of processes active in the foreground using Windows API calls.,discovery,,discovery,,-0.24175645536603152,PAKLOG,malware,T1057,Process Discovery
"BlackByte Ransomware uses the `mountvol.exe` command to mount volume names and leverages the Microsoft Discretionary Access Control List tool, `icacls.exe`, to grant the group to “Everyone” full access to the root of the drive.",defense-impairment,,defense-impairment,,-0.24541219734956887,BlackByte Ransomware,malware,T1222.001,Windows Permissions
Doki’s container was configured to bind the host root directory.,privilege-escalation,,privilege-escalation,,-0.24584252179594634,Doki,malware,T1611,Escape to Host
Embargo has avoided encrypting specific files and directories by leveraging a regular expression within the ransomware binary.,stealth,,stealth,,-0.24701493261868412,Embargo,malware,T1679,Selective Exclusion
PowerPunch can use the volume serial number from a target host to generate a unique XOR key for the next stage payload.,stealth,,stealth,,-0.24850009800222483,PowerPunch,malware,T1480.001,Environmental Keying
MultiLayer Wiper changes the original path information of deleted files to make recovery efforts more difficult.,impact,,impact,,-0.2489608479749142,MultiLayer Wiper,malware,T1565.001,Stored Data Manipulation
"During the 2025 Poland Wiper Attacks, the adversaries leveraged the native CLI of the targeted FortiGate device.",execution,,execution,,-0.2528993517204503,2025 Poland Wiper Attacks,campaign,T1059.008,Network Device CLI
"Troll Stealer gathers information from the Government Public Key Infrastructure (GPKI) folder, associated with South Korean government public key infrastructure, on infected systems.",collection,,collection,,-0.25751209001433933,Troll Stealer,malware,T1213,Data from Information Repositories
FIN6 has used the Stealer One credential stealer to target e-mail and file transfer utilities including FTP.,credential-access,,credential-access,,-0.25765196905690935,FIN6,intrusion-set,T1555,Credentials from Password Stores
Kivars has the ability to uninstall malware from the infected host.,stealth,,stealth,,-0.2586480508768684,Kivars,malware,T1070.004,File Deletion
Elise executes net start after initial communication is made to the remote server.,discovery,,discovery,,-0.2629921426854813,Elise,malware,T1007,System Service Discovery
Pupy can interact with a victim’s Outlook session and look through folders and emails.,collection,,collection,,-0.2630619801289028,Pupy,tool,T1114.001,Local Email Collection
Hikit installs a self-generated certificate to the local trust store as a root CA and Trusted Publisher.,defense-impairment,,defense-impairment,,-0.2675341581306273,Hikit,malware,T1553.004,Install Root Certificate
LAMEHUG can xcopy for file collection on targeted systems.,collection,,collection,,-0.26994070478630156,LAMEHUG,malware,T1560.001,Archive via Utility
"During C0015, the threat actors used `wmic` and `rundll32` to load Cobalt Strike onto a target host.",execution,,execution,,-0.27188784000675703,C0015,campaign,T1047,Windows Management Instrumentation
Penquin installs a `TCP` and `UDP` filter on the `eth0` interface.,command-and-control|persistence|stealth,,command-and-control|persistence|stealth,,-0.2728253859064973,Penquin,malware,T1205.002,Socket Filters
LockBit 2.0 will not execute on hosts where the system language is set to a language spoken in the Commonwealth of Independent States region.,stealth,,stealth,,-0.2730268286478692,LockBit 2.0,malware,T1480,Execution Guardrails
"During Operation Dream Job, Lazarus Group sent malicious OneDrive links with fictitious job offer advertisements via email.",initial-access,,initial-access,,-0.27446203875912767,Operation Dream Job,campaign,T1566.002,Spearphishing Link
TA551 has retrieved DLLs and installer binaries for malware execution from C2.,command-and-control,,command-and-control,,-0.27596705103043995,TA551,intrusion-set,T1105,Ingress Tool Transfer
"During the 2025 Poland Wiper Attacks, the adversaries obtained details on the configuration of the victim Fortinet perimeter device to include publicly disclosed details on an online forum used by criminal communities.",reconnaissance,,reconnaissance,,-0.27867672044076136,2025 Poland Wiper Attacks,campaign,T1590.006,Network Security Appliances
Empire has a dylib hijacker module that generates a malicious dylib given the path to a legitimate dylib of a vulnerable application.,execution|stealth,,execution|stealth,,-0.27971882791311653,Empire,tool,T1574.004,Dylib Hijacking
Cuckoo Stealer can create and populate property list (plist) files to enable execution.,defense-impairment,,defense-impairment,,-0.28047234939785465,Cuckoo Stealer,malware,T1647,Plist File Modification
Dridex contains a module for VNC.,command-and-control,,command-and-control,,-0.2808036514186256,Dridex,malware,T1219,Remote Access Tools
LAPSUS$ has leverage NordVPN for its egress points when targeting intended victims.,command-and-control,,command-and-control,,-0.28384258968108056,LAPSUS$,intrusion-set,T1090,Proxy
LockBit 2.0 can determine if a running process has administrative privileges and terminate processes that interfere with encryption or exfiltration.,discovery,,discovery,,-0.28760153796138255,LockBit 2.0,malware,T1057,Process Discovery
HermeticWiper can decompress and copy driver files using `LZCopy`.,stealth,,stealth,,-0.28813743601544745,HermeticWiper,malware,T1140,Deobfuscate/Decode Files or Information
PACEMAKER can use PTRACE to attach to a targeted process to read process memory.,privilege-escalation|stealth,,privilege-escalation|stealth,,-0.28871986377413084,PACEMAKER,malware,T1055.008,Ptrace System Calls
LAPSUS$ has created new virtual machines within the target's cloud environment after leveraging credential access to cloud assets.,defense-impairment,,defense-impairment,,-0.2901075465889391,LAPSUS$,intrusion-set,T1578.002,Create Cloud Instance
A variant of Elise executes dir C:\progra~1 when initially run.,discovery,,discovery,,-0.2936818848987195,Elise,malware,T1083,File and Directory Discovery
DustySky searches for removable media and duplicates itself onto it.,initial-access|lateral-movement,,initial-access|lateral-movement,,-0.2947029819518756,DustySky,malware,T1091,Replication Through Removable Media
Skidmap has the ability to replace the pam_unix.so file on an infected machine with its own malicious version that accepts a specific backdoor password for all users.,credential-access|defense-impairment|persistence,,credential-access|defense-impairment|persistence,,-0.2985309528318584,Skidmap,malware,T1556.003,Pluggable Authentication Modules
Empire contains modules for executing commands over SSH as well as in-memory VNC agent injection.,lateral-movement,,lateral-movement,,-0.29908816757884826,Empire,tool,T1021.004,SSH
APT-C-36 has downloaded binary data from a specified domain after the malicious document is opened.,command-and-control,,command-and-control,,-0.30080942822778023,APT-C-36,intrusion-set,T1105,Ingress Tool Transfer
"APT38 leveraged Sysmon to understand the processes, services in the organization.",discovery,,discovery,,-0.304048623080063,APT38,intrusion-set,T1057,Process Discovery
Pacu can create snapshots of EBS volumes and RDS instances.,defense-impairment,,defense-impairment,,-0.3087033931558484,Pacu,tool,T1578.001,Create Snapshot
Skidmap has the ability to install several loadable kernel modules (LKMs) on infected machines.,persistence|privilege-escalation,,persistence|privilege-escalation,,-0.3100066043574561,Skidmap,malware,T1547.006,Kernel Modules and Extensions
Grandoreiro has used compromised websites and Google Ads to bait victims into downloading its installer.,initial-access,,initial-access,,-0.3105150891805536,Grandoreiro,malware,T1189,Drive-by Compromise
"Kali365 has obtained OAuth access and refresh tokens by deceiving victims into completing actor-initiated device authorization requests, and intercepting authentication sessions with legitimate identity providers through adversary-in-the-middle reverse proxy infrastructure.",credential-access,,credential-access,,-0.31378722115422697,Kali365,malware,T1528,Steal Application Access Token
LAPSUS$ has set an Office 365 tenant level mail transport rule to send all mail in and out of the targeted organization to the newly created account.,collection,,collection,,-0.317838640861858,LAPSUS$,intrusion-set,T1114.003,Email Forwarding Rule
PAKLOG has used `GetForegroundWindow` to access the foreground window. PAKLOG has also captured text from the foreground windows.,discovery,,discovery,,-0.3199078136303226,PAKLOG,malware,T1010,Application Window Discovery
SDBbot has the ability to access the file system on a compromised host.,collection,,collection,,-0.3199687919797237,SDBbot,malware,T1005,Data from Local System
MirrorFace has used vssadmin to copy registry hives including SAM.,credential-access,,credential-access,,-0.32135060382343794,MirrorFace,intrusion-set,T1003.002,Security Account Manager
"During Operation Dream Job, Lazarus Group targeted specific individuals within an organization with tailored job vacancy announcements.",reconnaissance,,reconnaissance,,-0.32194570103525266,Operation Dream Job,campaign,T1591.004,Identify Roles
PS1 is distributed as a set of encrypted files and scripts.,stealth,,stealth,,-0.3298841815103919,PS1,malware,T1027.013,Encrypted/Encoded File
"APT-C-36 has customized existing malware with new capabilities including njRAT, AsyncRAT, LimeRAT, and BitRAT.",resource-development,,resource-development,,-0.332320628166756,APT-C-36,intrusion-set,T1587.001,Malware
"During the 2025 Poland Wiper Attacks, the adversaries generated custom script with an LLM.",resource-development,,resource-development,,-0.34009422540416234,2025 Poland Wiper Attacks,campaign,T1588.007,Artificial Intelligence
EXOTIC LILY has used the e-mail notification features of legitimate file sharing services for spearphishing.,initial-access,,initial-access,,-0.34135252275768424,EXOTIC LILY,intrusion-set,T1566.003,Spearphishing via Service
The AshTag stager component can retrieve and execute the main payload.,command-and-control,,command-and-control,,-0.3450738297421705,AshTag,malware,T1105,Ingress Tool Transfer
Troll Stealer collects all data in victim `.ssh` folders by creating a compressed copy that is subsequently exfiltrated to command and control infrastructure. Troll Stealer also collects key information associated with the Government Public Key Infrastructure (GPKI) service for South Korean government information systems.,credential-access,,credential-access,,-0.34801658849976413,Troll Stealer,malware,T1552.004,Private Keys
PureCrypter can use Telegram or Discord to send infection status messages.,command-and-control,,command-and-control,,-0.35004600331689184,PureCrypter,malware,T1102,Web Service
"Cuckoo Stealer can use osascript to generate a password-stealing prompt, duplicate files and folders, and set environmental variables.",execution,,execution,,-0.3504304340760867,Cuckoo Stealer,malware,T1059.002,AppleScript
BPFDoor can require a password to activate the backdoor and uses RC4 encryption or static library encryption `libtomcrypt`.,stealth,,stealth,,-0.3534851127905456,BPFDoor,malware,T1027,Obfuscated Files or Information
FRP can use a dashboard and U/I to display the status of connections from the FRP client and server.,discovery,,discovery,,-0.3536570107909616,FRP,tool,T1049,System Network Connections Discovery
Emotet inflates malicious files and malware as an evasion technique.,stealth,,stealth,,-0.3601650509641343,Emotet,malware,T1027.001,Binary Padding
LAPSUS$ has gathered detailed knowledge of an organization's supply chain relationships.,reconnaissance,,reconnaissance,,-0.36039680982645844,LAPSUS$,intrusion-set,T1591.002,Business Relationships
TA551 has used spoofed company emails that were acquired from email clients on previously infected hosts to target other individuals.,reconnaissance,,reconnaissance,,-0.36377915278689554,TA551,intrusion-set,T1589.002,Email Addresses
TrickBot has retrieved PuTTY credentials by querying the Software\SimonTatham\Putty\Sessions registry key,credential-access,,credential-access,,-0.36482013110667466,TrickBot,malware,T1552.002,Credentials in Registry
SUNSPOT malware was designed and used to insert SUNBURST into software builds of the SolarWinds Orion IT management product.,initial-access,,initial-access,,-0.3669816995770484,SUNSPOT,malware,T1195.002,Compromise Software Supply Chain
APT38 has prepended a space to all of their terminal commands to operate without leaving traces in the HISTCONTROL environment.,defense-impairment,,defense-impairment,,-0.3673708769986156,APT38,intrusion-set,T1690,Prevent Command History Logging
Qilin can use WinSCP for the secure file transfer of the Linux ransomware binary to a targeted system.,command-and-control,,command-and-control,,-0.37055144092016423,Qilin,malware,T1071.002,File Transfer Protocols
TrickBot can implant malicious code into a compromised device's firmware.,persistence|stealth,,persistence|stealth,,-0.37070046425349523,TrickBot,malware,T1542.003,Bootkit
StrelaStealer has included BAT files in some instances for installation.,execution,,execution,,-0.3775174486297525,StrelaStealer,malware,T1059.003,Windows Command Shell
Rising Sun can clear a memory blog in the process by overwriting it with junk bytes.,stealth,,stealth,,-0.3827821531175438,Rising Sun,malware,T1070,Indicator Removal
MirrorFace has deleted directories containing malware and archives with files collected from the victim environment.,stealth,,stealth,,-0.38797631179513736,MirrorFace,intrusion-set,T1070.004,File Deletion
PureCrypter code contains an ExclusionRegionNames option where it can compare the results of `kernel32!GetGeoInfo` with a list of regions.,stealth,,stealth,,-0.4037261585638158,PureCrypter,malware,T1480,Execution Guardrails
Sykipot is known to contain functionality that enables targeting of smart card technologies to proxy authentication for connections to restricted network resources using detected hardware tokens.,credential-access,,credential-access,,-0.41100962781065015,Sykipot,malware,T1111,Multi-Factor Authentication Interception
SEASHARPEE can timestomp files on victims using a Web shell.,stealth,,stealth,,-0.41421048935137605,SEASHARPEE,malware,T1070.006,Timestomp
"In one instance, menuPass added PlugX as a service with a display name of ""Corel Writing Tools Utility.""",stealth,,stealth,,-0.4195388964229054,PlugX,malware,T1036.004,Masquerade Task or Service
Indrik Spider used fake updates for FlashPlayer plugin and Google Chrome as initial infection vectors.,stealth,,stealth,,-0.4350747145397917,Indrik Spider,intrusion-set,T1036.005,Match Legitimate Resource Name or Location
EnvyScout can write files to disk with JavaScript using a modified version of the open-source tool FileSaver.,execution,,execution,,-0.4426016956548048,EnvyScout,malware,T1059.007,JavaScript
"FIN13 has observed the victim's software and infrastructure over several months to understand the technical process of legitimate financial transactions, prior to attempting to conduct fraudulent transactions.",impact,,impact,,-0.4555720077007467,FIN13,intrusion-set,T1657,Financial Theft
TONESHELL has the ability to pause operations for a specified duration prior to follow-on execution of activities.,stealth,,stealth,,-0.4592897095049066,TONESHELL,malware,T1678,Delay Execution
"During the 2025 Poland Wiper Attacks, the adversaries observed that their malware was initially detected by the victims EDR solutions, so they modified the payload and attempted to execute the new version within the same day.",resource-development,,resource-development,,-0.46556473295637824,2025 Poland Wiper Attacks,campaign,T1587.001,Malware
China Chopper's server component is capable of opening a command terminal.,execution,,execution,,-0.474856833664578,China Chopper,malware,T1059.003,Windows Command Shell
MirrorFace has placed specific content in phishing emails to target members of particular political parties.,reconnaissance,,reconnaissance,,-0.4779923590760907,MirrorFace,intrusion-set,T1591,Gather Victim Org Information
EXOTIC LILY has copied data from social media sites to impersonate targeted individuals.,reconnaissance,,reconnaissance,,-0.500425453992117,EXOTIC LILY,intrusion-set,T1593.001,Social Media
TONESHELL has generated unique GUIDs to identify victim devices. TONESHELL has leveraged environmental keying in payload delivery using the victim computer name and other configuration values. TONESHELL has also tracked IDs associated with reverse shell subprocesses to manage interactions and terminations from C2.,stealth,,stealth,,-0.5004413511427492,TONESHELL,malware,T1480.001,Environmental Keying
Water Galura operates a news channel on Telegram to make announcements for the Qilin RaaS.,resource-development,,resource-development,,-0.5044683853583702,Water Galura,intrusion-set,T1585.001,Social Media Accounts
"The Regin malware platform supports many standard protocols, including SMB.",command-and-control,,command-and-control,,-0.5057863213847411,Regin,malware,T1071.002,File Transfer Protocols
"During the 2025 Poland Wiper Attacks, adversaries performed a factory-reset on compromised devices that hampered forensic investigations.",impact,,impact,,-0.5068606993092906,2025 Poland Wiper Attacks,campaign,T1495,Firmware Corruption
"APT-C-36 has gathered information on Colombian financial institutions, including Bancolombia, BBVA, Banco Caja Social, and Davivienda to craft phishing pages.",reconnaissance,,reconnaissance,,-0.5072019224157946,APT-C-36,intrusion-set,T1593,Search Open Websites/Domains
MgBot includes modules for performing HTTP and server service scans.,discovery,,discovery,,-0.5202722778417841,MgBot,malware,T1046,Network Service Discovery
"During Operation Dream Job, Lazarus Group targeted Windows servers running Internet Information Systems (IIS) to install C2 components.",persistence,,persistence,,-0.56420999638117,Operation Dream Job,campaign,T1505.004,IIS Components
"During Operation Dream Job, Lazarus Group used DOCX files to retrieve a malicious document template/DOTM file.",stealth,,stealth,,-0.5645465945376318,Operation Dream Job,campaign,T1221,Template Injection
"APT38 have created firewall exemptions on specific ports, including ports 443, 6443, 8443, and 9443.",defense-impairment,,defense-impairment,,-0.5718222997593221,APT38,intrusion-set,T1686,Disable or Modify System Firewall
"FIN6 has used scripting to iterate through a list of compromised PoS systems, copy data to a log file, and remove the original data files.",execution,,execution,,-0.5804320671056653,FIN6,intrusion-set,T1059,Command and Scripting Interpreter
"LazyWiper can specifically target multiple files by extension including: .rar, .tar.gz, .zip, .7z, .json, .bcp, .bak, .gho, .erf, .edb, .onepkg, .pst, and .ldiff.",discovery,,discovery,,-0.583737654761068,LazyWiper,malware,T1083,File and Directory Discovery
China Chopper's server component can spider authentication portals.,discovery,,discovery,,-0.6197847445245519,China Chopper,malware,T1046,Network Service Discovery
LazyWiper is believed to have been generated by a large language model (LLM) due to the non-sensical comments in the code.,resource-development,,resource-development,,-0.6502196349259632,LazyWiper,malware,T1588.007,Artificial Intelligence
